order_id,is_callcenter
1340768,0.41757597389353457
1340769,0.3546919068789139
1340770,0.3546919068789139
1340772,0.3546919068789139
1340773,0.3546919068789139
1340774,0.41757597389353457
1340775,0.3546919068789139
1340776,0.41757597389353457
1340777,0.41757597389353457
1340778,0.3546919068789139
1340779,0.3546919068789139
1340781,0.3546919068789139
1340782,0.3546919068789139
1340783,0.3546919068789139
1340784,0.3546919068789139
1340785,0.3546919068789139
1340786,0.41757597389353457
1340787,0.41757597389353457
1340788,0.5369732980689106
1340789,0.41757597389353457
1340790,0.3546919068789139
1340791,0.41757597389353457
1340792,0.41757597389353457
1340793,0.3546919068789139
1340795,0.41757597389353457
1340796,0.41757597389353457
1340798,0.3546919068789139
1340800,0.5369732980689106
1340801,0.3546919068789139
1340802,0.3546919068789139
1340803,0.5369732980689106
1340804,0.41757597389353457
1340805,0.5369732980689106
1340806,0.41757597389353457
1340807,0.41757597389353457
1340808,0.41757597389353457
1340809,0.3546919068789139
1340810,0.41757597389353457
1340811,0.3546919068789139
1340812,0.3546919068789139
1340813,0.3546919068789139
1340814,0.41757597389353457
1340815,0.3546919068789139
1340816,0.41757597389353457
1340817,0.3546919068789139
1340818,0.3546919068789139
1340819,0.3546919068789139
1340820,0.5369732980689106
1340821,0.3546919068789139
1340824,0.41757597389353457
1340825,0.3546919068789139
1340826,0.41757597389353457
1340827,0.3546919068789139
1340828,0.3546919068789139
1340829,0.3546919068789139
1340830,0.41757597389353457
1340831,0.41757597389353457
1340832,0.3546919068789139
1340833,0.3546919068789139
1340834,0.41757597389353457
1340837,0.3546919068789139
1340838,0.3546919068789139
1340839,0.41757597389353457
1340840,0.5369732980689106
1340842,0.41757597389353457
1340844,0.3546919068789139
1340847,0.3546919068789139
1340848,0.41757597389353457
1340850,0.41757597389353457
1340852,0.3546919068789139
1340855,0.41757597389353457
1340856,0.41757597389353457
1340858,0.41757597389353457
1340859,0.3546919068789139
1340862,0.3546919068789139
1340863,0.3546919068789139
1340865,0.3546919068789139
1340866,0.3546919068789139
1340868,0.41757597389353457
1340869,0.41757597389353457
1340870,0.5369732980689106
1340871,0.3546919068789139
1340872,0.3546919068789139
1340873,0.3546919068789139
1340877,0.3546919068789139
1340878,0.3546919068789139
1340880,0.41757597389353457
1340881,0.3546919068789139
1340882,0.41757597389353457
1340883,0.3546919068789139
1340887,0.3546919068789139
1340889,0.41757597389353457
1340891,0.41757597389353457
1340893,0.3546919068789139
1340894,0.41757597389353457
1340895,0.5369732980689106
1340898,0.41757597389353457
1340899,0.5369732980689106
1340900,0.41757597389353457
1340901,0.41757597389353457
1340902,0.41757597389353457
1340904,0.3546919068789139
1340905,0.41757597389353457
1340908,0.3546919068789139
1340910,0.41757597389353457
1340911,0.41757597389353457
1340912,0.41757597389353457
1340913,0.41757597389353457
1340914,0.3546919068789139
1340915,0.3546919068789139
1340917,0.41757597389353457
1340918,0.5369732980689106
1340919,0.5369732980689106
1340920,0.3546919068789139
1340922,0.3546919068789139
1340923,0.41757597389353457
1340924,0.3546919068789139
1340925,0.3546919068789139
1340926,0.3546919068789139
1340927,0.41757597389353457
1340928,0.41757597389353457
1340929,0.3546919068789139
1340930,0.41757597389353457
1340931,0.41757597389353457
1340932,0.41757597389353457
1340935,0.41757597389353457
1340936,0.41757597389353457
1340939,0.41757597389353457
1340941,0.41757597389353457
1340943,0.3546919068789139
1340944,0.3546919068789139
1340945,0.3546919068789139
1340946,0.3546919068789139
1340948,0.41757597389353457
1340949,0.5369732980689106
1340950,0.3546919068789139
1340954,0.3546919068789139
1340959,0.5369732980689106
1340960,0.41757597389353457
1340961,0.3546919068789139
1340962,0.41757597389353457
1340964,0.41757597389353457
1340965,0.41757597389353457
1340966,0.41757597389353457
1340968,0.3546919068789139
1340969,0.3546919068789139
1340970,0.3546919068789139
1340971,0.3546919068789139
1340972,0.3546919068789139
1340973,0.41757597389353457
1340974,0.41757597389353457
1340977,0.5369732980689106
1340979,0.41757597389353457
1340982,0.5369732980689106
1340983,0.3546919068789139
1340984,0.5369732980689106
1340986,0.41757597389353457
1340987,0.3546919068789139
1340988,0.3546919068789139
1340989,0.3546919068789139
1340990,0.5369732980689106
1340991,0.41757597389353457
1340992,0.5369732980689106
1340993,0.3546919068789139
1340998,0.5369732980689106
1340999,0.3546919068789139
1341001,0.3546919068789139
1341002,0.5369732980689106
1341003,0.41757597389353457
1341004,0.41757597389353457
1341005,0.41757597389353457
1341006,0.41757597389353457
1341007,0.5369732980689106
1341009,0.3546919068789139
1341010,0.41757597389353457
1341011,0.3546919068789139
1341012,0.41757597389353457
1341013,0.41757597389353457
1341014,0.3546919068789139
1341015,0.3546919068789139
1341017,0.3546919068789139
1341020,0.3546919068789139
1341021,0.3546919068789139
1341023,0.3546919068789139
1341024,0.41757597389353457
1341026,0.5369732980689106
1341028,0.3546919068789139
1341029,0.5369732980689106
1341030,0.3546919068789139
1341031,0.41757597389353457
1341032,0.3546919068789139
1341033,0.3546919068789139
1341035,0.3546919068789139
1341036,0.5369732980689106
1341038,0.41757597389353457
1341039,0.41757597389353457
1341040,0.41757597389353457
1341042,0.3546919068789139
1341044,0.41757597389353457
1341046,0.5369732980689106
1341047,0.3546919068789139
1341049,0.41757597389353457
1341052,0.3546919068789139
1341053,0.3546919068789139
1341054,0.3546919068789139
1341056,0.3546919068789139
1341057,0.3546919068789139
1341058,0.41757597389353457
1341059,0.41757597389353457
1341061,0.41757597389353457
1341062,0.3546919068789139
1341063,0.3546919068789139
1341064,0.3546919068789139
1341065,0.41757597389353457
1341066,0.3546919068789139
1341067,0.3546919068789139
1341068,0.41757597389353457
1341069,0.41757597389353457
1341070,0.41757597389353457
1341072,0.3546919068789139
1341074,0.41757597389353457
1341076,0.41757597389353457
1341077,0.41757597389353457
1341078,0.3546919068789139
1341079,0.3546919068789139
1341080,0.5369732980689106
1341081,0.41757597389353457
1341083,0.5369732980689106
1341084,0.3546919068789139
1341086,0.3546919068789139
1341087,0.41757597389353457
1341088,0.41757597389353457
1341089,0.41757597389353457
1341090,0.41757597389353457
1341091,0.41757597389353457
1341092,0.41757597389353457
1341093,0.3546919068789139
1341094,0.3546919068789139
1341095,0.3546919068789139
1341096,0.5369732980689106
1341097,0.5369732980689106
1341098,0.41757597389353457
1341099,0.3546919068789139
1341100,0.5369732980689106
1341101,0.41757597389353457
1341103,0.3546919068789139
1341104,0.41757597389353457
1341105,0.41757597389353457
1341106,0.3546919068789139
1341107,0.41757597389353457
1341108,0.3546919068789139
1341109,0.3546919068789139
1341110,0.5369732980689106
1341111,0.3546919068789139
1341112,0.41757597389353457
1341114,0.41757597389353457
1341115,0.3546919068789139
1341116,0.3546919068789139
1341117,0.5369732980689106
1341118,0.41757597389353457
1341119,0.3546919068789139
1341120,0.41757597389353457
1341121,0.5369732980689106
1341122,0.41757597389353457
1341123,0.41757597389353457
1341125,0.5369732980689106
1341126,0.41757597389353457
1341127,0.41757597389353457
1341128,0.3546919068789139
1341129,0.41757597389353457
1341131,0.3546919068789139
1341132,0.5369732980689106
1341133,0.3546919068789139
1341135,0.3546919068789139
1341137,0.3546919068789139
1341138,0.41757597389353457
1341139,0.3546919068789139
1341140,0.5369732980689106
1341142,0.3546919068789139
1341143,0.3546919068789139
1341144,0.41757597389353457
1341145,0.41757597389353457
1341147,0.5369732980689106
1341149,0.3546919068789139
1341151,0.3546919068789139
1341152,0.3546919068789139
1341153,0.41757597389353457
1341155,0.3546919068789139
1341157,0.3546919068789139
1341159,0.41757597389353457
1341160,0.41757597389353457
1341162,0.3546919068789139
1341163,0.3546919068789139
1341166,0.3546919068789139
1341168,0.3546919068789139
1341169,0.5369732980689106
1341171,0.3546919068789139
1341172,0.3546919068789139
1341174,0.41757597389353457
1341175,0.41757597389353457
1341177,0.41757597389353457
1341178,0.3546919068789139
1341179,0.41757597389353457
1341180,0.41757597389353457
1341181,0.41757597389353457
1341182,0.3546919068789139
1341184,0.41757597389353457
1341186,0.41757597389353457
1341187,0.41757597389353457
1341188,0.3546919068789139
1341189,0.3546919068789139
1341190,0.3546919068789139
1341191,0.3546919068789139
1341192,0.41757597389353457
1341193,0.41757597389353457
1341194,0.41757597389353457
1341196,0.3546919068789139
1341197,0.41757597389353457
1341199,0.3546919068789139
1341200,0.3546919068789139
1341201,0.3546919068789139
1341202,0.41757597389353457
1341203,0.41757597389353457
1341204,0.3546919068789139
1341205,0.3546919068789139
1341206,0.3546919068789139
1341208,0.3546919068789139
1341211,0.41757597389353457
1341212,0.41757597389353457
1341214,0.41757597389353457
1341215,0.3546919068789139
1341216,0.3546919068789139
1341217,0.5369732980689106
1341218,0.41757597389353457
1341219,0.41757597389353457
1341220,0.41757597389353457
1341221,0.3546919068789139
1341222,0.5369732980689106
1341223,0.41757597389353457
1341224,0.41757597389353457
1341225,0.41757597389353457
1341226,0.3546919068789139
1341227,0.3546919068789139
1341228,0.5369732980689106
1341229,0.41757597389353457
1341231,0.3546919068789139
1341232,0.3546919068789139
1341233,0.41757597389353457
1341235,0.3546919068789139
1341237,0.3546919068789139
1341238,0.3546919068789139
1341239,0.3546919068789139
1341240,0.41757597389353457
1341241,0.3546919068789139
1341242,0.41757597389353457
1341243,0.41757597389353457
1341244,0.5369732980689106
1341246,0.3546919068789139
1341248,0.5369732980689106
1341249,0.41757597389353457
1341250,0.41757597389353457
1341251,0.3546919068789139
1341252,0.3546919068789139
1341253,0.41757597389353457
1341254,0.3546919068789139
1341255,0.3546919068789139
1341256,0.3546919068789139
1341257,0.5369732980689106
1341259,0.41757597389353457
1341262,0.41757597389353457
1341263,0.3546919068789139
1341266,0.41757597389353457
1341267,0.5369732980689106
1341268,0.41757597389353457
1341269,0.3546919068789139
1341270,0.3546919068789139
1341271,0.3546919068789139
1341272,0.3546919068789139
1341273,0.3546919068789139
1341275,0.3546919068789139
1341276,0.41757597389353457
1341277,0.5369732980689106
1341278,0.3546919068789139
1341279,0.3546919068789139
1341280,0.41757597389353457
1341281,0.41757597389353457
1341282,0.41757597389353457
1341283,0.3546919068789139
1341284,0.41757597389353457
1341285,0.41757597389353457
1341286,0.5369732980689106
1341287,0.41757597389353457
1341288,0.41757597389353457
1341289,0.41757597389353457
1341290,0.41757597389353457
1341293,0.3546919068789139
1341294,0.3546919068789139
1341295,0.5369732980689106
1341296,0.5369732980689106
1341297,0.3546919068789139
1341298,0.3546919068789139
1341299,0.41757597389353457
1341300,0.3546919068789139
1341302,0.5369732980689106
1341303,0.3546919068789139
1341304,0.41757597389353457
1341305,0.3546919068789139
1341306,0.41757597389353457
1341307,0.3546919068789139
1341308,0.3546919068789139
1341309,0.3546919068789139
1341311,0.41757597389353457
1341313,0.41757597389353457
1341314,0.3546919068789139
1341315,0.3546919068789139
1341316,0.5369732980689106
1341317,0.5369732980689106
1341318,0.3546919068789139
1341319,0.41757597389353457
1341320,0.41757597389353457
1341321,0.5369732980689106
1341322,0.41757597389353457
1341323,0.41757597389353457
1341324,0.3546919068789139
1341325,0.3546919068789139
1341326,0.5369732980689106
1341327,0.5369732980689106
1341328,0.41757597389353457
1341329,0.5369732980689106
1341331,0.3546919068789139
1341332,0.3546919068789139
1341334,0.3546919068789139
1341337,0.5369732980689106
1341338,0.41757597389353457
1341340,0.41757597389353457
1341341,0.3546919068789139
1341342,0.5369732980689106
1341343,0.3546919068789139
1341344,0.3546919068789139
1341345,0.41757597389353457
1341347,0.3546919068789139
1341348,0.3546919068789139
1341350,0.5369732980689106
1341353,0.3546919068789139
1341354,0.5369732980689106
1341355,0.3546919068789139
1341356,0.41757597389353457
1341357,0.3546919068789139
1341359,0.3546919068789139
1341360,0.41757597389353457
1341361,0.41757597389353457
1341362,0.3546919068789139
1341363,0.3546919068789139
1341364,0.3546919068789139
1341365,0.41757597389353457
1341366,0.3546919068789139
1341368,0.3546919068789139
1341372,0.5369732980689106
1341373,0.3546919068789139
1341374,0.3546919068789139
1341376,0.3546919068789139
1341377,0.41757597389353457
1341378,0.3546919068789139
1341379,0.5369732980689106
1341380,0.3546919068789139
1341381,0.41757597389353457
1341382,0.3546919068789139
1341384,0.3546919068789139
1341387,0.3546919068789139
1341388,0.41757597389353457
1341389,0.5369732980689106
1341391,0.41757597389353457
1341392,0.3546919068789139
1341394,0.3546919068789139
1341396,0.3546919068789139
1341397,0.3546919068789139
1341398,0.5369732980689106
1341399,0.3546919068789139
1341400,0.5369732980689106
1341401,0.41757597389353457
1341404,0.5369732980689106
1341405,0.3546919068789139
1341407,0.3546919068789139
1341408,0.41757597389353457
1341409,0.5369732980689106
1341411,0.41757597389353457
1341414,0.3546919068789139
1341415,0.3546919068789139
1341418,0.3546919068789139
1341419,0.3546919068789139
1341420,0.3546919068789139
1341422,0.3546919068789139
1341423,0.41757597389353457
1341424,0.5369732980689106
1341425,0.41757597389353457
1341426,0.41757597389353457
1341427,0.3546919068789139
1341430,0.41757597389353457
1341432,0.3546919068789139
1341433,0.41757597389353457
1341439,0.5369732980689106
1341440,0.41757597389353457
1341442,0.3546919068789139
1341443,0.41757597389353457
1341445,0.3546919068789139
1341446,0.3546919068789139
1341447,0.5369732980689106
1341448,0.41757597389353457
1341449,0.3546919068789139
1341450,0.5369732980689106
1341451,0.3546919068789139
1341452,0.3546919068789139
1341453,0.3546919068789139
1341456,0.5369732980689106
1341457,0.41757597389353457
1341460,0.3546919068789139
1341461,0.3546919068789139
1341462,0.3546919068789139
1341463,0.41757597389353457
1341465,0.3546919068789139
1341467,0.41757597389353457
1341468,0.41757597389353457
1341469,0.41757597389353457
1341470,0.3546919068789139
1341471,0.3546919068789139
1341472,0.3546919068789139
1341473,0.41757597389353457
1341474,0.41757597389353457
1341475,0.3546919068789139
1341476,0.5369732980689106
1341477,0.41757597389353457
1341478,0.3546919068789139
1341479,0.5369732980689106
1341481,0.3546919068789139
1341482,0.5369732980689106
1341483,0.3546919068789139
1341484,0.41757597389353457
1341485,0.41757597389353457
1341486,0.41757597389353457
1341487,0.5369732980689106
1341488,0.5369732980689106
1341490,0.41757597389353457
1341492,0.3546919068789139
1341493,0.3546919068789139
1341494,0.41757597389353457
1341495,0.3546919068789139
1341498,0.3546919068789139
1341499,0.3546919068789139
1341500,0.3546919068789139
1341503,0.3546919068789139
1341504,0.3546919068789139
1341505,0.3546919068789139
1341506,0.3546919068789139
1341507,0.3546919068789139
1341508,0.3546919068789139
1341509,0.3546919068789139
1341510,0.3546919068789139
1341511,0.3546919068789139
1341512,0.41757597389353457
1341513,0.41757597389353457
1341515,0.3546919068789139
1341516,0.3546919068789139
1341517,0.41757597389353457
1341518,0.3546919068789139
1341519,0.5369732980689106
1341521,0.3546919068789139
1341524,0.3546919068789139
1341527,0.3546919068789139
1341530,0.3546919068789139
1341531,0.3546919068789139
1341532,0.41757597389353457
1341534,0.3546919068789139
1341535,0.3546919068789139
1341536,0.41757597389353457
1341537,0.41757597389353457
1341538,0.41757597389353457
1341539,0.5369732980689106
1341540,0.3546919068789139
1341541,0.41757597389353457
1341543,0.3546919068789139
1341545,0.41757597389353457
1341546,0.41757597389353457
1341547,0.3546919068789139
1341548,0.3546919068789139
1341549,0.3546919068789139
1341550,0.3546919068789139
1341552,0.3546919068789139
1341553,0.41757597389353457
1341554,0.3546919068789139
1341555,0.3546919068789139
1341556,0.41757597389353457
1341557,0.5369732980689106
1341558,0.5369732980689106
1341559,0.3546919068789139
1341560,0.3546919068789139
1341561,0.3546919068789139
1341562,0.3546919068789139
1341563,0.3546919068789139
1341564,0.3546919068789139
1341565,0.41757597389353457
1341567,0.3546919068789139
1341568,0.41757597389353457
1341569,0.3546919068789139
1341570,0.3546919068789139
1341571,0.41757597389353457
1341572,0.5369732980689106
1341575,0.3546919068789139
1341577,0.3546919068789139
1341579,0.41757597389353457
1341580,0.41757597389353457
1341581,0.5369732980689106
1341582,0.41757597389353457
1341584,0.5369732980689106
1341585,0.3546919068789139
1341586,0.3546919068789139
1341587,0.3546919068789139
1341588,0.3546919068789139
1341589,0.41757597389353457
1341590,0.3546919068789139
1341592,0.5369732980689106
1341593,0.3546919068789139
1341594,0.3546919068789139
1341595,0.3546919068789139
1341596,0.3546919068789139
1341598,0.41757597389353457
1341599,0.3546919068789139
1341601,0.5369732980689106
1341602,0.3546919068789139
1341603,0.41757597389353457
1341604,0.5369732980689106
1341605,0.41757597389353457
1341607,0.3546919068789139
1341608,0.41757597389353457
1341610,0.41757597389353457
1341611,0.3546919068789139
1341614,0.3546919068789139
1341615,0.3546919068789139
1341616,0.41757597389353457
1341618,0.3546919068789139
1341619,0.41757597389353457
1341620,0.3546919068789139
1341621,0.41757597389353457
1341623,0.41757597389353457
1341624,0.41757597389353457
1341625,0.41757597389353457
1341626,0.5369732980689106
1341627,0.41757597389353457
1341628,0.5369732980689106
1341630,0.3546919068789139
1341631,0.3546919068789139
1341632,0.5369732980689106
1341633,0.3546919068789139
1341634,0.41757597389353457
1341635,0.5369732980689106
1341637,0.3546919068789139
1341638,0.3546919068789139
1341639,0.3546919068789139
1341640,0.3546919068789139
1341642,0.3546919068789139
1341643,0.41757597389353457
1341644,0.3546919068789139
1341645,0.5369732980689106
1341646,0.41757597389353457
1341648,0.3546919068789139
1341649,0.3546919068789139
1341650,0.41757597389353457
1341651,0.41757597389353457
1341652,0.3546919068789139
1341653,0.3546919068789139
1341654,0.3546919068789139
1341655,0.3546919068789139
1341656,0.3546919068789139
1341658,0.3546919068789139
1341659,0.41757597389353457
1341660,0.5369732980689106
1341661,0.3546919068789139
1341662,0.3546919068789139
1341663,0.41757597389353457
1341664,0.3546919068789139
1341666,0.3546919068789139
1341667,0.41757597389353457
1341668,0.3546919068789139
1341670,0.3546919068789139
1341671,0.3546919068789139
1341672,0.41757597389353457
1341673,0.41757597389353457
1341674,0.3546919068789139
1341675,0.3546919068789139
1341676,0.3546919068789139
1341677,0.41757597389353457
1341678,0.5369732980689106
1341679,0.3546919068789139
1341680,0.3546919068789139
1341682,0.3546919068789139
1341683,0.3546919068789139
1341684,0.3546919068789139
1341685,0.3546919068789139
1341686,0.3546919068789139
1341687,0.5369732980689106
1341688,0.41757597389353457
1341689,0.3546919068789139
1341690,0.5369732980689106
1341691,0.3546919068789139
1341692,0.41757597389353457
1341693,0.3546919068789139
1341694,0.3546919068789139
1341695,0.3546919068789139
1341696,0.3546919068789139
1341697,0.41757597389353457
1341698,0.3546919068789139
1341699,0.3546919068789139
1341700,0.5369732980689106
1341701,0.3546919068789139
1341702,0.3546919068789139
1341703,0.41757597389353457
1341704,0.5369732980689106
1341708,0.41757597389353457
1341709,0.3546919068789139
1341710,0.3546919068789139
1341711,0.41757597389353457
1341712,0.3546919068789139
1341713,0.41757597389353457
1341714,0.41757597389353457
1341715,0.3546919068789139
1341716,0.5369732980689106
1341717,0.3546919068789139
1341718,0.41757597389353457
1341720,0.3546919068789139
1341721,0.3546919068789139
1341723,0.41757597389353457
1341725,0.3546919068789139
1341726,0.41757597389353457
1341727,0.41757597389353457
1341728,0.41757597389353457
1341729,0.3546919068789139
1341730,0.41757597389353457
1341732,0.3546919068789139
1341733,0.3546919068789139
1341734,0.3546919068789139
1341735,0.41757597389353457
1341736,0.41757597389353457
1341737,0.5369732980689106
1341738,0.3546919068789139
1341739,0.3546919068789139
1341740,0.41757597389353457
1341741,0.3546919068789139
1341742,0.3546919068789139
1341743,0.5369732980689106
1341744,0.41757597389353457
1341745,0.41757597389353457
1341746,0.41757597389353457
1341747,0.3546919068789139
1341748,0.3546919068789139
1341749,0.41757597389353457
1341750,0.5369732980689106
1341751,0.41757597389353457
1341752,0.41757597389353457
1341753,0.41757597389353457
1341754,0.5369732980689106
1341755,0.3546919068789139
1341756,0.41757597389353457
1341757,0.41757597389353457
1341758,0.41757597389353457
1341759,0.41757597389353457
1341761,0.3546919068789139
1341763,0.5369732980689106
1341765,0.41757597389353457
1341766,0.5369732980689106
1341767,0.41757597389353457
1341768,0.41757597389353457
1341769,0.3546919068789139
1341771,0.3546919068789139
1341772,0.3546919068789139
1341774,0.3546919068789139
1341775,0.3546919068789139
1341777,0.3546919068789139
1341778,0.3546919068789139
1341779,0.41757597389353457
1341780,0.3546919068789139
1341781,0.41757597389353457
1341782,0.3546919068789139
1341783,0.3546919068789139
1341784,0.3546919068789139
1341785,0.3546919068789139
1341788,0.5369732980689106
1341789,0.3546919068789139
1341790,0.41757597389353457
1341791,0.41757597389353457
1341792,0.5369732980689106
1341793,0.3546919068789139
1341794,0.41757597389353457
1341795,0.41757597389353457
1341796,0.41757597389353457
1341797,0.41757597389353457
1341801,0.41757597389353457
1341803,0.5369732980689106
1341806,0.41757597389353457
1341807,0.41757597389353457
1341808,0.3546919068789139
1341809,0.3546919068789139
1341811,0.5369732980689106
1341812,0.41757597389353457
1341813,0.3546919068789139
1341814,0.3546919068789139
1341816,0.3546919068789139
1341817,0.3546919068789139
1341818,0.3546919068789139
1341819,0.5369732980689106
1341820,0.3546919068789139
1341821,0.3546919068789139
1341822,0.5369732980689106
1341824,0.3546919068789139
1341825,0.3546919068789139
1341826,0.3546919068789139
1341827,0.41757597389353457
1341828,0.3546919068789139
1342166,0.3546919068789139
1342167,0.3546919068789139
1342168,0.41757597389353457
1342169,0.3546919068789139
1342171,0.41757597389353457
1342172,0.5369732980689106
1342174,0.5369732980689106
1342175,0.3546919068789139
1342176,0.5369732980689106
1342177,0.3546919068789139
1342181,0.3546919068789139
1342182,0.3546919068789139
1342184,0.5369732980689106
1342187,0.3546919068789139
1342188,0.3546919068789139
1342189,0.3546919068789139
1342192,0.41757597389353457
1342194,0.3546919068789139
1342195,0.5369732980689106
1342196,0.3546919068789139
1342199,0.3546919068789139
1342200,0.41757597389353457
1342202,0.41757597389353457
1342203,0.41757597389353457
1342204,0.3546919068789139
1342205,0.41757597389353457
1342207,0.3546919068789139
1342208,0.5369732980689106
1342209,0.41757597389353457
1342210,0.3546919068789139
1342213,0.41757597389353457
1342214,0.5369732980689106
1342215,0.41757597389353457
1342216,0.41757597389353457
1342217,0.41757597389353457
1342218,0.5369732980689106
1342219,0.41757597389353457
1342220,0.41757597389353457
1342222,0.5369732980689106
1342227,0.3546919068789139
1342228,0.3546919068789139
1342229,0.41757597389353457
1342230,0.41757597389353457
1342231,0.3546919068789139
1342233,0.3546919068789139
1342234,0.41757597389353457
1342236,0.3546919068789139
1342237,0.41757597389353457
1342238,0.5369732980689106
1342239,0.5369732980689106
1342240,0.3546919068789139
1342241,0.41757597389353457
1342242,0.3546919068789139
1342244,0.5369732980689106
1342245,0.5369732980689106
1342248,0.41757597389353457
1342253,0.41757597389353457
1342254,0.41757597389353457
1342256,0.3546919068789139
1342258,0.5369732980689106
1342259,0.3546919068789139
1342261,0.3546919068789139
1342262,0.5369732980689106
1342263,0.41757597389353457
1342265,0.5369732980689106
1342266,0.41757597389353457
1342268,0.41757597389353457
1342273,0.3546919068789139
1342274,0.41757597389353457
1342275,0.3546919068789139
1342278,0.3546919068789139
1342279,0.3546919068789139
1342280,0.41757597389353457
1342281,0.3546919068789139
1342283,0.41757597389353457
1342285,0.3546919068789139
1342291,0.3546919068789139
1342293,0.41757597389353457
1342294,0.3546919068789139
1342297,0.41757597389353457
1342298,0.3546919068789139
1342299,0.3546919068789139
1342300,0.5369732980689106
1342301,0.3546919068789139
1342305,0.3546919068789139
1342306,0.3546919068789139
1342307,0.3546919068789139
1342309,0.3546919068789139
1342310,0.3546919068789139
1342311,0.3546919068789139
1342314,0.41757597389353457
1342317,0.41757597389353457
1342318,0.41757597389353457
1342319,0.3546919068789139
1342320,0.3546919068789139
1342322,0.3546919068789139
1342323,0.3546919068789139
1342326,0.3546919068789139
1342327,0.41757597389353457
1342329,0.3546919068789139
1342330,0.3546919068789139
1342331,0.5369732980689106
1342332,0.41757597389353457
1342334,0.3546919068789139
1342335,0.3546919068789139
1342336,0.3546919068789139
1342337,0.5369732980689106
1342338,0.41757597389353457
1342339,0.3546919068789139
1342340,0.3546919068789139
1342341,0.3546919068789139
1342342,0.41757597389353457
1342343,0.41757597389353457
1342344,0.3546919068789139
1342345,0.3546919068789139
1342346,0.41757597389353457
1342347,0.41757597389353457
1342348,0.3546919068789139
1342351,0.41757597389353457
1342352,0.41757597389353457
1342354,0.3546919068789139
1342355,0.5369732980689106
1342356,0.41757597389353457
1342357,0.3546919068789139
1342361,0.41757597389353457
1342363,0.41757597389353457
1342364,0.41757597389353457
1342365,0.3546919068789139
1342367,0.5369732980689106
1342368,0.3546919068789139
1342369,0.41757597389353457
1342370,0.5369732980689106
1342372,0.3546919068789139
1342374,0.41757597389353457
1342375,0.41757597389353457
1342377,0.5369732980689106
1342378,0.3546919068789139
1342380,0.3546919068789139
1342381,0.41757597389353457
1342383,0.41757597389353457
1342384,0.3546919068789139
1342385,0.3546919068789139
1342390,0.3546919068789139
1342391,0.5369732980689106
1342393,0.3546919068789139
1342395,0.3546919068789139
1342396,0.3546919068789139
1342398,0.3546919068789139
1342400,0.3546919068789139
1342402,0.3546919068789139
1342404,0.41757597389353457
1342405,0.41757597389353457
1342407,0.3546919068789139
1342408,0.41757597389353457
1342409,0.3546919068789139
1342410,0.3546919068789139
1342411,0.5369732980689106
1342413,0.41757597389353457
1342416,0.3546919068789139
1342418,0.3546919068789139
1342420,0.5369732980689106
1342421,0.3546919068789139
1342422,0.41757597389353457
1342425,0.3546919068789139
1342426,0.3546919068789139
1342427,0.3546919068789139
1342428,0.41757597389353457
1342429,0.3546919068789139
1342430,0.3546919068789139
1342431,0.41757597389353457
1342433,0.41757597389353457
1342437,0.5369732980689106
1342438,0.3546919068789139
1342440,0.5369732980689106
1342443,0.3546919068789139
1342444,0.5369732980689106
1342445,0.41757597389353457
1342446,0.41757597389353457
1342449,0.41757597389353457
1342450,0.41757597389353457
1342451,0.5369732980689106
1342452,0.5369732980689106
1342453,0.41757597389353457
1342455,0.3546919068789139
1342456,0.41757597389353457
1342459,0.3546919068789139
1342461,0.41757597389353457
1342462,0.3546919068789139
1342463,0.41757597389353457
1342465,0.3546919068789139
1342466,0.3546919068789139
1342468,0.5369732980689106
1342469,0.3546919068789139
1342470,0.41757597389353457
1342471,0.3546919068789139
1342472,0.3546919068789139
1342475,0.3546919068789139
1342476,0.41757597389353457
1342477,0.41757597389353457
1342478,0.41757597389353457
1342479,0.3546919068789139
1342481,0.41757597389353457
1342483,0.41757597389353457
1342484,0.3546919068789139
1342485,0.41757597389353457
1342487,0.41757597389353457
1342488,0.41757597389353457
1342489,0.3546919068789139
1342490,0.41757597389353457
1342492,0.3546919068789139
1342493,0.3546919068789139
1342494,0.3546919068789139
1342495,0.41757597389353457
1342496,0.5369732980689106
1342498,0.3546919068789139
1342501,0.41757597389353457
1342504,0.41757597389353457
1342506,0.5369732980689106
1342507,0.41757597389353457
1342508,0.3546919068789139
1342509,0.41757597389353457
1342510,0.41757597389353457
1342512,0.41757597389353457
1342513,0.3546919068789139
1342514,0.3546919068789139
1342515,0.41757597389353457
1342516,0.3546919068789139
1342517,0.3546919068789139
1342518,0.3546919068789139
1342519,0.3546919068789139
1342521,0.3546919068789139
1342522,0.41757597389353457
1342523,0.41757597389353457
1342524,0.3546919068789139
1342525,0.41757597389353457
1342527,0.41757597389353457
1342528,0.3546919068789139
1342529,0.5369732980689106
1342530,0.41757597389353457
1342531,0.3546919068789139
1342533,0.3546919068789139
1342534,0.3546919068789139
1342536,0.3546919068789139
1342538,0.5369732980689106
1342542,0.3546919068789139
1342543,0.41757597389353457
1342545,0.3546919068789139
1342547,0.3546919068789139
1342548,0.3546919068789139
1342549,0.3546919068789139
1342550,0.41757597389353457
1342551,0.5369732980689106
1342552,0.41757597389353457
1342553,0.3546919068789139
1342554,0.41757597389353457
1342555,0.3546919068789139
1342557,0.41757597389353457
1342558,0.3546919068789139
1342559,0.3546919068789139
1342560,0.41757597389353457
1342561,0.3546919068789139
1342566,0.3546919068789139
1342567,0.5369732980689106
1342569,0.5369732980689106
1342570,0.41757597389353457
1342571,0.3546919068789139
1342572,0.3546919068789139
1342573,0.3546919068789139
1342574,0.41757597389353457
1342575,0.3546919068789139
1342576,0.3546919068789139
1342577,0.41757597389353457
1342578,0.5369732980689106
1342579,0.3546919068789139
1342581,0.5369732980689106
1342582,0.3546919068789139
1342584,0.3546919068789139
1342585,0.3546919068789139
1342586,0.3546919068789139
1342587,0.3546919068789139
1342589,0.41757597389353457
1342591,0.3546919068789139
1342592,0.3546919068789139
1342593,0.41757597389353457
1342594,0.41757597389353457
1342595,0.3546919068789139
1342596,0.41757597389353457
1342598,0.3546919068789139
1342601,0.41757597389353457
1342602,0.41757597389353457
1342603,0.3546919068789139
1342604,0.41757597389353457
1342606,0.41757597389353457
1342607,0.41757597389353457
1342608,0.3546919068789139
1342609,0.41757597389353457
1342611,0.41757597389353457
1342614,0.41757597389353457
1342616,0.3546919068789139
1342617,0.3546919068789139
1342618,0.5369732980689106
1342620,0.41757597389353457
1342621,0.5369732980689106
1342623,0.3546919068789139
1342625,0.41757597389353457
1342627,0.41757597389353457
1342628,0.41757597389353457
1342629,0.41757597389353457
1342634,0.3546919068789139
1342636,0.41757597389353457
1342637,0.3546919068789139
1342638,0.3546919068789139
1342639,0.3546919068789139
1342640,0.3546919068789139
1342643,0.3546919068789139
1342644,0.41757597389353457
1342645,0.41757597389353457
1342647,0.41757597389353457
1342648,0.5369732980689106
1342650,0.41757597389353457
1342651,0.3546919068789139
1342652,0.3546919068789139
1342654,0.3546919068789139
1342655,0.3546919068789139
1342657,0.3546919068789139
1342658,0.3546919068789139
1342660,0.3546919068789139
1342661,0.3546919068789139
1342662,0.41757597389353457
1342663,0.41757597389353457
1342665,0.3546919068789139
1342666,0.3546919068789139
1342667,0.3546919068789139
1342668,0.41757597389353457
1342670,0.3546919068789139
1342671,0.3546919068789139
1342675,0.3546919068789139
1342677,0.3546919068789139
1342679,0.41757597389353457
1342680,0.41757597389353457
1342681,0.3546919068789139
1342683,0.41757597389353457
1342684,0.3546919068789139
1342685,0.3546919068789139
1342686,0.3546919068789139
1342688,0.3546919068789139
1342689,0.3546919068789139
1342690,0.3546919068789139
1342691,0.3546919068789139
1342692,0.3546919068789139
1342693,0.41757597389353457
1342694,0.41757597389353457
1342695,0.41757597389353457
1342696,0.3546919068789139
1342698,0.3546919068789139
1342699,0.3546919068789139
1342700,0.3546919068789139
1342701,0.3546919068789139
1342702,0.41757597389353457
1342704,0.5369732980689106
1342705,0.41757597389353457
1342708,0.41757597389353457
1342710,0.3546919068789139
1342712,0.41757597389353457
1342714,0.3546919068789139
1342715,0.3546919068789139
1342716,0.41757597389353457
1342719,0.3546919068789139
1342720,0.5369732980689106
1342723,0.3546919068789139
1342724,0.41757597389353457
1342725,0.3546919068789139
1342726,0.5369732980689106
1342727,0.41757597389353457
1342728,0.3546919068789139
1342729,0.41757597389353457
1342730,0.41757597389353457
1342731,0.5369732980689106
1342734,0.41757597389353457
1342735,0.3546919068789139
1342736,0.3546919068789139
1342738,0.41757597389353457
1342739,0.3546919068789139
1342741,0.41757597389353457
1342742,0.5369732980689106
1342748,0.5369732980689106
1342750,0.3546919068789139
1342751,0.3546919068789139
1342753,0.5369732980689106
1342758,0.3546919068789139
1342759,0.41757597389353457
1342760,0.3546919068789139
1342761,0.41757597389353457
1342764,0.3546919068789139
1342766,0.5369732980689106
1342767,0.5369732980689106
1342769,0.5369732980689106
1342771,0.3546919068789139
1342774,0.3546919068789139
1342777,0.41757597389353457
1342780,0.3546919068789139
1342781,0.41757597389353457
1342782,0.3546919068789139
1342783,0.41757597389353457
1342784,0.41757597389353457
1342785,0.41757597389353457
1342787,0.3546919068789139
1342788,0.5369732980689106
1342789,0.3546919068789139
1342790,0.3546919068789139
1342791,0.41757597389353457
1342792,0.3546919068789139
1342793,0.3546919068789139
1342794,0.3546919068789139
1342795,0.3546919068789139
1342798,0.3546919068789139
1342799,0.41757597389353457
1342800,0.41757597389353457
1342801,0.41757597389353457
1342802,0.3546919068789139
1342803,0.3546919068789139
1342804,0.41757597389353457
1342805,0.3546919068789139
1342806,0.41757597389353457
1342807,0.3546919068789139
1342808,0.3546919068789139
1342810,0.3546919068789139
1342811,0.41757597389353457
1342812,0.41757597389353457
1342813,0.3546919068789139
1342814,0.3546919068789139
1342815,0.3546919068789139
1342816,0.3546919068789139
1342817,0.5369732980689106
1342819,0.3546919068789139
1342820,0.41757597389353457
1342821,0.3546919068789139
1342822,0.5369732980689106
1342823,0.5369732980689106
1342824,0.3546919068789139
1342825,0.3546919068789139
1342826,0.3546919068789139
1342827,0.3546919068789139
1342828,0.3546919068789139
1342830,0.3546919068789139
1342832,0.5369732980689106
1342835,0.41757597389353457
1342836,0.3546919068789139
1342837,0.41757597389353457
1342839,0.3546919068789139
1342841,0.3546919068789139
1342842,0.41757597389353457
1342844,0.3546919068789139
1342846,0.3546919068789139
1342850,0.3546919068789139
1342851,0.41757597389353457
1342852,0.3546919068789139
1342853,0.3546919068789139
1342855,0.5369732980689106
1342856,0.41757597389353457
1342857,0.3546919068789139
1342858,0.3546919068789139
1342859,0.3546919068789139
1342860,0.41757597389353457
1342861,0.41757597389353457
1342863,0.3546919068789139
1342864,0.3546919068789139
1342865,0.3546919068789139
1342866,0.3546919068789139
1342867,0.5369732980689106
1342868,0.3546919068789139
1342870,0.41757597389353457
1342871,0.3546919068789139
1342872,0.3546919068789139
1342873,0.41757597389353457
1342874,0.3546919068789139
1342875,0.3546919068789139
1342876,0.3546919068789139
1342877,0.3546919068789139
1342878,0.3546919068789139
1342879,0.3546919068789139
1342882,0.3546919068789139
1342884,0.3546919068789139
1342885,0.3546919068789139
1342886,0.41757597389353457
1342887,0.3546919068789139
1342888,0.41757597389353457
1342889,0.41757597389353457
1342890,0.5369732980689106
1342891,0.41757597389353457
1342892,0.5369732980689106
1342894,0.5369732980689106
1342895,0.41757597389353457
1342896,0.41757597389353457
1342897,0.5369732980689106
1342899,0.41757597389353457
1342900,0.41757597389353457
1342901,0.3546919068789139
1342902,0.41757597389353457
1342903,0.41757597389353457
1342904,0.3546919068789139
1342905,0.41757597389353457
1342906,0.41757597389353457
1342907,0.5369732980689106
1342908,0.3546919068789139
1342911,0.3546919068789139
1342912,0.41757597389353457
1342914,0.3546919068789139
1342916,0.3546919068789139
1342917,0.41757597389353457
1342918,0.3546919068789139
1342920,0.41757597389353457
1342921,0.3546919068789139
1342922,0.3546919068789139
1342923,0.5369732980689106
1342924,0.3546919068789139
1342926,0.3546919068789139
1342927,0.41757597389353457
1342928,0.41757597389353457
1342930,0.5369732980689106
1342931,0.3546919068789139
1342934,0.5369732980689106
1342936,0.3546919068789139
1342937,0.5369732980689106
1342938,0.5369732980689106
1342941,0.41757597389353457
1342942,0.41757597389353457
1342943,0.41757597389353457
1342944,0.5369732980689106
1342946,0.5369732980689106
1342948,0.5369732980689106
1342949,0.41757597389353457
1342950,0.41757597389353457
1342951,0.41757597389353457
1342952,0.3546919068789139
1342953,0.41757597389353457
1342955,0.3546919068789139
1342957,0.5369732980689106
1342959,0.41757597389353457
1342961,0.3546919068789139
1342963,0.41757597389353457
1342964,0.3546919068789139
1342966,0.5369732980689106
1342968,0.3546919068789139
1342970,0.5369732980689106
1342971,0.5369732980689106
1342973,0.3546919068789139
1342974,0.5369732980689106
1342977,0.3546919068789139
1342978,0.41757597389353457
1342980,0.3546919068789139
1342981,0.3546919068789139
1342983,0.41757597389353457
1342986,0.41757597389353457
1342987,0.41757597389353457
1342988,0.5369732980689106
1342989,0.3546919068789139
1342992,0.3546919068789139
1342993,0.3546919068789139
1342994,0.5369732980689106
1342995,0.41757597389353457
1342996,0.41757597389353457
1343000,0.3546919068789139
1343002,0.41757597389353457
1343004,0.3546919068789139
1343010,0.3546919068789139
1343012,0.5369732980689106
1343013,0.41757597389353457
1343014,0.41757597389353457
1343017,0.41757597389353457
1343019,0.5369732980689106
1343021,0.5369732980689106
1343024,0.41757597389353457
1343025,0.3546919068789139
1343026,0.41757597389353457
1343027,0.3546919068789139
1343028,0.3546919068789139
1343029,0.3546919068789139
1343031,0.3546919068789139
1343032,0.5369732980689106
1343033,0.3546919068789139
1343034,0.3546919068789139
1343035,0.5369732980689106
1343036,0.5369732980689106
1343038,0.41757597389353457
1343040,0.5369732980689106
1343042,0.41757597389353457
1343045,0.3546919068789139
1343046,0.41757597389353457
1343047,0.41757597389353457
1343052,0.3546919068789139
1343053,0.3546919068789139
1343056,0.41757597389353457
1343057,0.5369732980689106
1343058,0.3546919068789139
1343061,0.41757597389353457
1343064,0.41757597389353457
1343065,0.3546919068789139
1343066,0.3546919068789139
1343067,0.41757597389353457
1343068,0.3546919068789139
1343070,0.3546919068789139
1343072,0.3546919068789139
1343074,0.41757597389353457
1343075,0.3546919068789139
1343076,0.5369732980689106
1343080,0.3546919068789139
1343081,0.5369732980689106
1343084,0.3546919068789139
1343085,0.41757597389353457
1343086,0.3546919068789139
1343087,0.3546919068789139
1343088,0.41757597389353457
1343089,0.3546919068789139
1343091,0.3546919068789139
1343092,0.41757597389353457
1343093,0.41757597389353457
1343095,0.41757597389353457
1343096,0.3546919068789139
1343097,0.41757597389353457
1343098,0.5369732980689106
1343099,0.41757597389353457
1343100,0.3546919068789139
1343102,0.3546919068789139
1343103,0.3546919068789139
1343104,0.5369732980689106
1343106,0.3546919068789139
1343107,0.3546919068789139
1343108,0.5369732980689106
1343109,0.3546919068789139
1343111,0.41757597389353457
1343112,0.41757597389353457
1343113,0.3546919068789139
1343114,0.41757597389353457
1343117,0.5369732980689106
1343118,0.3546919068789139
1343122,0.5369732980689106
1343123,0.3546919068789139
1343124,0.3546919068789139
1343125,0.41757597389353457
1343128,0.5369732980689106
1343129,0.3546919068789139
1343130,0.5369732980689106
1343132,0.41757597389353457
1343134,0.41757597389353457
1343136,0.3546919068789139
1343137,0.41757597389353457
1343138,0.41757597389353457
1343139,0.41757597389353457
1343140,0.41757597389353457
1343141,0.41757597389353457
1343144,0.3546919068789139
1343145,0.5369732980689106
1343146,0.3546919068789139
1343147,0.41757597389353457
1343148,0.3546919068789139
1343149,0.41757597389353457
1343150,0.3546919068789139
1343151,0.3546919068789139
1343152,0.3546919068789139
1343153,0.3546919068789139
1343154,0.41757597389353457
1343156,0.3546919068789139
1343158,0.3546919068789139
1343159,0.41757597389353457
1343161,0.3546919068789139
1343165,0.41757597389353457
1343166,0.41757597389353457
1343169,0.5369732980689106
1343170,0.3546919068789139
1343171,0.3546919068789139
1343172,0.5369732980689106
1343173,0.5369732980689106
1343174,0.3546919068789139
1343175,0.3546919068789139
1343176,0.3546919068789139
1343178,0.41757597389353457
1343179,0.5369732980689106
1343180,0.3546919068789139
1343181,0.3546919068789139
1343182,0.3546919068789139
1343183,0.3546919068789139
1343185,0.3546919068789139
1343186,0.41757597389353457
1343187,0.41757597389353457
1343188,0.3546919068789139
1343189,0.41757597389353457
1343192,0.3546919068789139
1343193,0.41757597389353457
1343194,0.3546919068789139
1343196,0.3546919068789139
1343197,0.41757597389353457
1343198,0.3546919068789139
1343200,0.3546919068789139
1343201,0.3546919068789139
1343202,0.5369732980689106
1343204,0.3546919068789139
1343205,0.5369732980689106
1343206,0.41757597389353457
1343208,0.3546919068789139
1343209,0.3546919068789139
1343210,0.3546919068789139
1343212,0.3546919068789139
1343213,0.5369732980689106
1343214,0.3546919068789139
1343215,0.5369732980689106
1343216,0.5369732980689106
1343218,0.3546919068789139
1343219,0.3546919068789139
1343220,0.3546919068789139
1343221,0.3546919068789139
1343222,0.41757597389353457
1343224,0.3546919068789139
1343225,0.41757597389353457
1343226,0.41757597389353457
1343229,0.41757597389353457
1343230,0.41757597389353457
1343231,0.3546919068789139
1343232,0.41757597389353457
1343234,0.3546919068789139
1343235,0.41757597389353457
1343239,0.3546919068789139
1343240,0.3546919068789139
1343241,0.5369732980689106
1343242,0.41757597389353457
1343244,0.5369732980689106
1343245,0.41757597389353457
1343246,0.3546919068789139
1343247,0.3546919068789139
1343248,0.3546919068789139
1343249,0.41757597389353457
1343250,0.3546919068789139
1343252,0.41757597389353457
1343253,0.41757597389353457
1343254,0.3546919068789139
1343255,0.3546919068789139
1343256,0.3546919068789139
1343257,0.3546919068789139
1343259,0.3546919068789139
1343260,0.3546919068789139
1343261,0.41757597389353457
1343262,0.3546919068789139
1343263,0.41757597389353457
1343264,0.3546919068789139
1343265,0.3546919068789139
1343267,0.5369732980689106
1343268,0.3546919068789139
1343270,0.5369732980689106
1343272,0.41757597389353457
1343274,0.3546919068789139
1343275,0.3546919068789139
1343276,0.41757597389353457
1343277,0.41757597389353457
1343278,0.3546919068789139
1343280,0.3546919068789139
1343281,0.3546919068789139
1343282,0.5369732980689106
1343283,0.41757597389353457
1343284,0.41757597389353457
1343285,0.5369732980689106
1343287,0.3546919068789139
1343288,0.5369732980689106
1343289,0.3546919068789139
1343290,0.5369732980689106
1343291,0.3546919068789139
1343293,0.3546919068789139
1343294,0.3546919068789139
1343295,0.41757597389353457
1343296,0.3546919068789139
1343298,0.3546919068789139
1343300,0.3546919068789139
1343301,0.3546919068789139
1343303,0.3546919068789139
1343304,0.41757597389353457
1343305,0.5369732980689106
1343306,0.5369732980689106
1343308,0.3546919068789139
1343309,0.41757597389353457
1343310,0.3546919068789139
1343311,0.41757597389353457
1343312,0.41757597389353457
1343313,0.3546919068789139
1343314,0.41757597389353457
1343315,0.41757597389353457
1343316,0.41757597389353457
1343317,0.5369732980689106
1343319,0.3546919068789139
1343320,0.41757597389353457
1343322,0.3546919068789139
1343323,0.5369732980689106
1343324,0.3546919068789139
1343326,0.3546919068789139
1343329,0.41757597389353457
1343331,0.3546919068789139
1343332,0.41757597389353457
1343334,0.5369732980689106
1343335,0.41757597389353457
1343336,0.3546919068789139
1343338,0.3546919068789139
1343339,0.5369732980689106
1343340,0.3546919068789139
1343341,0.3546919068789139
1343342,0.41757597389353457
1343344,0.5369732980689106
1343345,0.3546919068789139
1343347,0.3546919068789139
1343349,0.3546919068789139
1343350,0.3546919068789139
1343351,0.3546919068789139
1343352,0.41757597389353457
1343353,0.3546919068789139
1343354,0.41757597389353457
1343355,0.3546919068789139
1343357,0.3546919068789139
1343359,0.3546919068789139
1343360,0.3546919068789139
1343361,0.3546919068789139
1343362,0.3546919068789139
1343363,0.3546919068789139
1343365,0.3546919068789139
1343366,0.5369732980689106
1343369,0.41757597389353457
1343370,0.41757597389353457
1343371,0.3546919068789139
1343374,0.41757597389353457
1343375,0.3546919068789139
1343377,0.41757597389353457
1343379,0.41757597389353457
1343380,0.3546919068789139
1343381,0.5369732980689106
1343382,0.3546919068789139
1343383,0.41757597389353457
1343384,0.3546919068789139
1343385,0.41757597389353457
1343387,0.3546919068789139
1343388,0.41757597389353457
1343389,0.3546919068789139
1343390,0.5369732980689106
1343392,0.3546919068789139
1343393,0.41757597389353457
1343394,0.3546919068789139
1343395,0.3546919068789139
1343399,0.41757597389353457
1343400,0.5369732980689106
1343401,0.3546919068789139
1343402,0.3546919068789139
1343403,0.5369732980689106
1343405,0.5369732980689106
1343410,0.5369732980689106
1343411,0.3546919068789139
1343412,0.41757597389353457
1343413,0.3546919068789139
1343414,0.3546919068789139
1343415,0.3546919068789139
1343421,0.3546919068789139
1343422,0.3546919068789139
1343423,0.41757597389353457
1343424,0.5369732980689106
1343425,0.41757597389353457
1343426,0.41757597389353457
1343427,0.41757597389353457
1343428,0.3546919068789139
1343429,0.3546919068789139
1343430,0.3546919068789139
1343431,0.3546919068789139
1343433,0.41757597389353457
1343435,0.3546919068789139
1343437,0.3546919068789139
1343438,0.3546919068789139
1343439,0.41757597389353457
1343441,0.3546919068789139
1343442,0.3546919068789139
1343443,0.3546919068789139
1343444,0.3546919068789139
1343447,0.41757597389353457
1343449,0.3546919068789139
1343450,0.3546919068789139
1343452,0.5369732980689106
1343453,0.3546919068789139
1343454,0.3546919068789139
1343457,0.5369732980689106
1343458,0.41757597389353457
1343459,0.3546919068789139
1343460,0.41757597389353457
1343462,0.41757597389353457
1343463,0.5369732980689106
1343465,0.3546919068789139
1343466,0.3546919068789139
1343467,0.41757597389353457
1343468,0.41757597389353457
1343469,0.41757597389353457
1343470,0.3546919068789139
1343472,0.5369732980689106
1343473,0.41757597389353457
1343474,0.3546919068789139
1343475,0.5369732980689106
1343476,0.41757597389353457
1343477,0.41757597389353457
1343478,0.3546919068789139
1343479,0.5369732980689106
1343480,0.41757597389353457
1343481,0.3546919068789139
1343482,0.3546919068789139
1343483,0.3546919068789139
1343488,0.5369732980689106
1343489,0.3546919068789139
1343490,0.41757597389353457
1343491,0.41757597389353457
1343492,0.3546919068789139
1343493,0.3546919068789139
1343494,0.41757597389353457
1343495,0.41757597389353457
1343496,0.3546919068789139
1343498,0.3546919068789139
1343499,0.41757597389353457
1343500,0.3546919068789139
1343501,0.5369732980689106
1343502,0.3546919068789139
1343503,0.3546919068789139
1343505,0.41757597389353457
1343507,0.3546919068789139
1343510,0.3546919068789139
1343511,0.3546919068789139
1343513,0.5369732980689106
1343514,0.41757597389353457
1343515,0.3546919068789139
1343516,0.41757597389353457
1343517,0.3546919068789139
1343519,0.41757597389353457
1343520,0.3546919068789139
1343522,0.5369732980689106
1343523,0.41757597389353457
1343524,0.41757597389353457
1343525,0.41757597389353457
1343526,0.3546919068789139
1343528,0.3546919068789139
1343531,0.41757597389353457
1343532,0.41757597389353457
1343533,0.3546919068789139
1343534,0.41757597389353457
1343535,0.41757597389353457
1343536,0.5369732980689106
1343537,0.5369732980689106
1343538,0.5369732980689106
1343539,0.41757597389353457
1343541,0.3546919068789139
1343542,0.3546919068789139
1343544,0.5369732980689106
1343546,0.3546919068789139
1343548,0.41757597389353457
1343549,0.41757597389353457
1343552,0.41757597389353457
1343553,0.41757597389353457
1343555,0.3546919068789139
1343557,0.3546919068789139
1343558,0.41757597389353457
1343559,0.5369732980689106
1343560,0.41757597389353457
1343562,0.41757597389353457
1343563,0.3546919068789139
1343565,0.3546919068789139
1343567,0.3546919068789139
1343569,0.41757597389353457
1343571,0.3546919068789139
1343572,0.3546919068789139
1343573,0.5369732980689106
1343574,0.5369732980689106
1343575,0.3546919068789139
1343576,0.41757597389353457
1343577,0.3546919068789139
1343578,0.3546919068789139
1343579,0.3546919068789139
1343580,0.41757597389353457
1343581,0.41757597389353457
1343582,0.3546919068789139
1343584,0.3546919068789139
1343585,0.41757597389353457
1343587,0.41757597389353457
1343588,0.41757597389353457
1343589,0.3546919068789139
1343591,0.41757597389353457
1343592,0.5369732980689106
1343594,0.3546919068789139
1343595,0.3546919068789139
1343596,0.3546919068789139
1343598,0.3546919068789139
1343599,0.41757597389353457
1343600,0.3546919068789139
1343601,0.3546919068789139
1343602,0.41757597389353457
1343603,0.3546919068789139
1343604,0.41757597389353457
1343606,0.3546919068789139
1343607,0.3546919068789139
1343608,0.41757597389353457
1343609,0.5369732980689106
1343610,0.3546919068789139
1343611,0.3546919068789139
1343612,0.3546919068789139
1343613,0.41757597389353457
1343614,0.3546919068789139
1343615,0.41757597389353457
1343616,0.3546919068789139
1343617,0.3546919068789139
1343618,0.41757597389353457
1343619,0.41757597389353457
1343620,0.3546919068789139
1343624,0.3546919068789139
1343626,0.3546919068789139
1343627,0.41757597389353457
1343630,0.3546919068789139
1343632,0.41757597389353457
1343633,0.41757597389353457
1343634,0.41757597389353457
1343635,0.3546919068789139
1343636,0.3546919068789139
1343637,0.5369732980689106
1343639,0.3546919068789139
1343640,0.5369732980689106
1343643,0.41757597389353457
1343645,0.3546919068789139
1343646,0.41757597389353457
1343647,0.5369732980689106
1343648,0.41757597389353457
1343649,0.41757597389353457
1343650,0.3546919068789139
1343651,0.41757597389353457
1343652,0.41757597389353457
1343653,0.41757597389353457
1343654,0.3546919068789139
1343655,0.3546919068789139
1343657,0.5369732980689106
1343658,0.41757597389353457
1343660,0.5369732980689106
1343661,0.41757597389353457
1343662,0.3546919068789139
1343665,0.3546919068789139
1343666,0.41757597389353457
1343667,0.5369732980689106
1343668,0.3546919068789139
1343671,0.5369732980689106
1343673,0.3546919068789139
1343674,0.3546919068789139
1343675,0.3546919068789139
1343676,0.5369732980689106
1343677,0.3546919068789139
1343678,0.41757597389353457
1343679,0.41757597389353457
1343680,0.3546919068789139
1343681,0.41757597389353457
1343682,0.3546919068789139
1343683,0.3546919068789139
1343684,0.3546919068789139
1343686,0.41757597389353457
1343688,0.3546919068789139
1343689,0.3546919068789139
1343690,0.3546919068789139
1343691,0.3546919068789139
1343692,0.5369732980689106
1343694,0.3546919068789139
1343695,0.3546919068789139
1343696,0.3546919068789139
1343697,0.3546919068789139
1343698,0.3546919068789139
1343699,0.3546919068789139
1343700,0.41757597389353457
1343701,0.41757597389353457
1343703,0.3546919068789139
1343704,0.41757597389353457
1343705,0.3546919068789139
1343706,0.5369732980689106
1343707,0.41757597389353457
1343709,0.41757597389353457
1343710,0.41757597389353457
1343713,0.41757597389353457
1343714,0.41757597389353457
1343716,0.5369732980689106
1343717,0.41757597389353457
1343718,0.41757597389353457
1343723,0.3546919068789139
1343724,0.41757597389353457
1343725,0.41757597389353457
1343727,0.5369732980689106
1343729,0.5369732980689106
1343730,0.5369732980689106
1343731,0.41757597389353457
1343733,0.41757597389353457
1343735,0.41757597389353457
1343736,0.3546919068789139
1343737,0.3546919068789139
1343740,0.5369732980689106
1343741,0.5369732980689106
1343742,0.41757597389353457
1343744,0.41757597389353457
1343749,0.41757597389353457
1343753,0.3546919068789139
1343755,0.41757597389353457
1343756,0.5369732980689106
1343757,0.3546919068789139
1343758,0.3546919068789139
1343759,0.41757597389353457
1343760,0.3546919068789139
1343765,0.5369732980689106
1343767,0.41757597389353457
1343768,0.5369732980689106
1343769,0.3546919068789139
1343770,0.41757597389353457
1343771,0.3546919068789139
1343772,0.3546919068789139
1343773,0.3546919068789139
1343775,0.3546919068789139
1343776,0.5369732980689106
1343777,0.5369732980689106
1343778,0.41757597389353457
1343780,0.5369732980689106
1343782,0.3546919068789139
1343785,0.5369732980689106
1343786,0.41757597389353457
1343787,0.3546919068789139
1343789,0.3546919068789139
1343790,0.3546919068789139
1343791,0.41757597389353457
1343793,0.3546919068789139
1343794,0.3546919068789139
1343796,0.3546919068789139
1343797,0.3546919068789139
1343798,0.5369732980689106
1343799,0.41757597389353457
1343800,0.41757597389353457
1343801,0.41757597389353457
1343802,0.3546919068789139
1343803,0.41757597389353457
1343804,0.41757597389353457
1343805,0.41757597389353457
1343807,0.41757597389353457
1343808,0.41757597389353457
1343810,0.41757597389353457
1343813,0.5369732980689106
1343814,0.5369732980689106
1343816,0.3546919068789139
1343818,0.41757597389353457
1343819,0.41757597389353457
1343820,0.41757597389353457
1343821,0.3546919068789139
1343823,0.41757597389353457
1343824,0.3546919068789139
1343825,0.41757597389353457
1343827,0.5369732980689106
1343828,0.3546919068789139
1343831,0.3546919068789139
1343832,0.41757597389353457
1343833,0.5369732980689106
1343834,0.5369732980689106
1343836,0.5369732980689106
1343838,0.41757597389353457
1343839,0.5369732980689106
1343840,0.3546919068789139
1343842,0.5369732980689106
1343844,0.3546919068789139
1343845,0.3546919068789139
1343847,0.41757597389353457
1343848,0.41757597389353457
1343849,0.5369732980689106
1343851,0.41757597389353457
1343852,0.3546919068789139
1343853,0.41757597389353457
1343855,0.41757597389353457
1343859,0.41757597389353457
1343860,0.3546919068789139
1343861,0.41757597389353457
1343862,0.3546919068789139
1343863,0.5369732980689106
1343864,0.41757597389353457
1343865,0.41757597389353457
1343866,0.5369732980689106
1343867,0.5369732980689106
1343868,0.3546919068789139
1343869,0.41757597389353457
1343870,0.5369732980689106
1343871,0.3546919068789139
1343872,0.3546919068789139
1343873,0.41757597389353457
1343874,0.3546919068789139
1343876,0.3546919068789139
1343877,0.3546919068789139
1343878,0.41757597389353457
1343879,0.41757597389353457
1343880,0.41757597389353457
1343881,0.5369732980689106
1343882,0.5369732980689106
1343883,0.3546919068789139
1343884,0.41757597389353457
1343885,0.3546919068789139
1343886,0.5369732980689106
1343887,0.3546919068789139
1343888,0.3546919068789139
1343889,0.41757597389353457
1343891,0.5369732980689106
1343892,0.41757597389353457
1343893,0.3546919068789139
1343895,0.3546919068789139
1343897,0.41757597389353457
1343898,0.3546919068789139
1343899,0.41757597389353457
1343900,0.5369732980689106
1343903,0.3546919068789139
1343904,0.3546919068789139
1343905,0.41757597389353457
1343906,0.3546919068789139
1343907,0.3546919068789139
1343909,0.5369732980689106
1343910,0.3546919068789139
1343911,0.5369732980689106
1343912,0.3546919068789139
1343914,0.5369732980689106
1343915,0.3546919068789139
1343916,0.41757597389353457
1343917,0.3546919068789139
1343918,0.41757597389353457
1343920,0.3546919068789139
1343921,0.3546919068789139
1343922,0.41757597389353457
1343924,0.41757597389353457
1343925,0.41757597389353457
1343928,0.3546919068789139
1343929,0.3546919068789139
1343930,0.5369732980689106
1343932,0.3546919068789139
1343933,0.41757597389353457
1343935,0.5369732980689106
1343937,0.41757597389353457
1343938,0.3546919068789139
1343940,0.5369732980689106
1343941,0.41757597389353457
1343942,0.3546919068789139
1343943,0.41757597389353457
1343944,0.5369732980689106
1343945,0.41757597389353457
1343946,0.3546919068789139
1343949,0.41757597389353457
1343950,0.41757597389353457
1343953,0.3546919068789139
1343954,0.41757597389353457
1343956,0.41757597389353457
1343957,0.41757597389353457
1343959,0.41757597389353457
1343960,0.3546919068789139
1343961,0.3546919068789139
1343962,0.3546919068789139
1343963,0.41757597389353457
1343965,0.41757597389353457
1343966,0.5369732980689106
1343967,0.3546919068789139
1343968,0.41757597389353457
1343969,0.3546919068789139
1343970,0.41757597389353457
1343973,0.5369732980689106
1343974,0.41757597389353457
1343975,0.41757597389353457
1343976,0.3546919068789139
1343977,0.3546919068789139
1343978,0.3546919068789139
1343979,0.41757597389353457
1343980,0.41757597389353457
1343981,0.5369732980689106
1343982,0.3546919068789139
1343983,0.3546919068789139
1343984,0.41757597389353457
1343986,0.41757597389353457
1343988,0.3546919068789139
1343989,0.5369732980689106
1343990,0.41757597389353457
1343991,0.41757597389353457
1343993,0.3546919068789139
1343994,0.41757597389353457
1343997,0.3546919068789139
1343999,0.3546919068789139
1344000,0.3546919068789139
1344001,0.5369732980689106
1344003,0.3546919068789139
1344004,0.3546919068789139
1344005,0.5369732980689106
1344007,0.41757597389353457
1344008,0.3546919068789139
1344010,0.41757597389353457
1344011,0.3546919068789139
1344012,0.5369732980689106
1344013,0.3546919068789139
1344014,0.41757597389353457
1344016,0.41757597389353457
1344017,0.3546919068789139
1344018,0.41757597389353457
1344021,0.3546919068789139
1344022,0.3546919068789139
1344023,0.3546919068789139
1344024,0.3546919068789139
1344025,0.3546919068789139
1344028,0.41757597389353457
1344029,0.3546919068789139
1344031,0.41757597389353457
1344033,0.41757597389353457
1344034,0.41757597389353457
1344036,0.3546919068789139
1344037,0.3546919068789139
1344038,0.3546919068789139
1344039,0.3546919068789139
1344040,0.41757597389353457
1344041,0.3546919068789139
1344042,0.41757597389353457
1344043,0.5369732980689106
1344045,0.5369732980689106
1344046,0.41757597389353457
1344047,0.41757597389353457
1344049,0.3546919068789139
1344052,0.3546919068789139
1344053,0.5369732980689106
1344054,0.3546919068789139
1344056,0.41757597389353457
1344057,0.3546919068789139
1344058,0.5369732980689106
1344059,0.3546919068789139
1344060,0.41757597389353457
1344061,0.5369732980689106
1344062,0.3546919068789139
1344063,0.3546919068789139
1344064,0.41757597389353457
1344068,0.3546919068789139
1344071,0.3546919068789139
1344072,0.3546919068789139
1344073,0.3546919068789139
1344074,0.41757597389353457
1344076,0.5369732980689106
1344077,0.3546919068789139
1344079,0.3546919068789139
1344080,0.3546919068789139
1344081,0.3546919068789139
1344083,0.3546919068789139
1344084,0.41757597389353457
1344085,0.41757597389353457
1344086,0.3546919068789139
1344088,0.3546919068789139
1344089,0.3546919068789139
1344090,0.5369732980689106
1344091,0.41757597389353457
1344092,0.41757597389353457
1344093,0.3546919068789139
1344094,0.41757597389353457
1344095,0.41757597389353457
1344096,0.41757597389353457
1344097,0.3546919068789139
1344101,0.41757597389353457
1344102,0.3546919068789139
1344103,0.5369732980689106
1344104,0.3546919068789139
1344105,0.3546919068789139
1344106,0.3546919068789139
1344107,0.3546919068789139
1344108,0.3546919068789139
1344109,0.41757597389353457
1344110,0.5369732980689106
1344112,0.41757597389353457
1344113,0.41757597389353457
1344114,0.3546919068789139
1344116,0.41757597389353457
1344118,0.5369732980689106
1344119,0.3546919068789139
1344120,0.5369732980689106
1344121,0.3546919068789139
1344122,0.3546919068789139
1344124,0.3546919068789139
1344126,0.41757597389353457
1344129,0.41757597389353457
1344130,0.3546919068789139
1344132,0.41757597389353457
1344133,0.41757597389353457
1344134,0.41757597389353457
1344136,0.5369732980689106
1344138,0.3546919068789139
1344141,0.3546919068789139
1344142,0.3546919068789139
1344143,0.5369732980689106
1344144,0.41757597389353457
1344145,0.41757597389353457
1344147,0.3546919068789139
1344148,0.5369732980689106
1344150,0.3546919068789139
1344151,0.41757597389353457
1344152,0.3546919068789139
1344153,0.3546919068789139
1344154,0.3546919068789139
1344155,0.3546919068789139
1344156,0.5369732980689106
1344158,0.3546919068789139
1344159,0.3546919068789139
1344160,0.5369732980689106
1344161,0.3546919068789139
1344162,0.5369732980689106
1344163,0.41757597389353457
1344165,0.41757597389353457
1344166,0.3546919068789139
1344167,0.5369732980689106
1344168,0.3546919068789139
1344169,0.3546919068789139
1344170,0.3546919068789139
1344171,0.3546919068789139
1344172,0.3546919068789139
1344174,0.41757597389353457
1344175,0.5369732980689106
1344176,0.41757597389353457
1344177,0.41757597389353457
1344178,0.3546919068789139
1344180,0.41757597389353457
1344182,0.41757597389353457
1344183,0.41757597389353457
1344185,0.3546919068789139
1344186,0.41757597389353457
1344187,0.3546919068789139
1344190,0.3546919068789139
1344191,0.41757597389353457
1344192,0.5369732980689106
1344195,0.3546919068789139
1344196,0.5369732980689106
1344197,0.3546919068789139
1344198,0.3546919068789139
1344199,0.3546919068789139
1344200,0.41757597389353457
1344202,0.3546919068789139
1344203,0.3546919068789139
1344204,0.3546919068789139
1344206,0.3546919068789139
1344209,0.5369732980689106
1344210,0.3546919068789139
1344211,0.3546919068789139
1344213,0.5369732980689106
1344214,0.3546919068789139
1344215,0.3546919068789139
1344216,0.41757597389353457
1344217,0.3546919068789139
1344218,0.3546919068789139
1344219,0.5369732980689106
1344220,0.41757597389353457
1344528,0.3546919068789139
1344529,0.3546919068789139
1344530,0.41757597389353457
1344532,0.41757597389353457
1344534,0.3546919068789139
1344539,0.3546919068789139
1344542,0.3546919068789139
1344543,0.3546919068789139
1344546,0.41757597389353457
1344548,0.41757597389353457
1344549,0.5369732980689106
1344550,0.3546919068789139
1344551,0.3546919068789139
1344552,0.41757597389353457
1344553,0.5369732980689106
1344554,0.3546919068789139
1344555,0.3546919068789139
1344556,0.3546919068789139
1344557,0.41757597389353457
1344558,0.5369732980689106
1344562,0.3546919068789139
1344565,0.3546919068789139
1344566,0.3546919068789139
1344568,0.3546919068789139
1344570,0.5369732980689106
1344571,0.5369732980689106
1344574,0.3546919068789139
1344576,0.41757597389353457
1344577,0.5369732980689106
1344578,0.41757597389353457
1344580,0.41757597389353457
1344581,0.5369732980689106
1344582,0.3546919068789139
1344584,0.41757597389353457
1344586,0.3546919068789139
1344587,0.41757597389353457
1344591,0.3546919068789139
1344592,0.41757597389353457
1344598,0.41757597389353457
1344599,0.3546919068789139
1344603,0.3546919068789139
1344605,0.41757597389353457
1344606,0.41757597389353457
1344609,0.3546919068789139
1344611,0.5369732980689106
1344612,0.3546919068789139
1344613,0.3546919068789139
1344614,0.3546919068789139
1344615,0.5369732980689106
1344616,0.3546919068789139
1344620,0.3546919068789139
1344621,0.3546919068789139
1344622,0.41757597389353457
1344623,0.3546919068789139
1344624,0.41757597389353457
1344627,0.41757597389353457
1344628,0.41757597389353457
1344629,0.3546919068789139
1344632,0.41757597389353457
1344634,0.3546919068789139
1344636,0.5369732980689106
1344637,0.3546919068789139
1344638,0.3546919068789139
1344641,0.3546919068789139
1344642,0.3546919068789139
1344643,0.3546919068789139
1344645,0.3546919068789139
1344646,0.3546919068789139
1344647,0.41757597389353457
1344648,0.3546919068789139
1344649,0.3546919068789139
1344650,0.41757597389353457
1344653,0.41757597389353457
1344657,0.3546919068789139
1344658,0.41757597389353457
1344659,0.41757597389353457
1344660,0.3546919068789139
1344662,0.3546919068789139
1344664,0.3546919068789139
1344666,0.41757597389353457
1344667,0.3546919068789139
1344670,0.41757597389353457
1344671,0.41757597389353457
1344672,0.3546919068789139
1344673,0.3546919068789139
1344674,0.41757597389353457
1344675,0.3546919068789139
1344677,0.3546919068789139
1344679,0.3546919068789139
1344680,0.3546919068789139
1344681,0.3546919068789139
1344682,0.3546919068789139
1344683,0.5369732980689106
1344684,0.3546919068789139
1344686,0.3546919068789139
1344687,0.5369732980689106
1344688,0.3546919068789139
1344689,0.5369732980689106
1344693,0.3546919068789139
1344696,0.3546919068789139
1344697,0.41757597389353457
1344700,0.3546919068789139
1344702,0.41757597389353457
1344703,0.41757597389353457
1344704,0.3546919068789139
1344707,0.3546919068789139
1344708,0.41757597389353457
1344710,0.5369732980689106
1344711,0.3546919068789139
1344712,0.5369732980689106
1344714,0.41757597389353457
1344716,0.5369732980689106
1344717,0.3546919068789139
1344718,0.41757597389353457
1344723,0.41757597389353457
1344724,0.3546919068789139
1344728,0.3546919068789139
1344729,0.3546919068789139
1344730,0.3546919068789139
1344731,0.41757597389353457
1344732,0.41757597389353457
1344736,0.3546919068789139
1344737,0.3546919068789139
1344738,0.41757597389353457
1344740,0.3546919068789139
1344742,0.3546919068789139
1344743,0.41757597389353457
1344747,0.5369732980689106
1344750,0.3546919068789139
1344751,0.41757597389353457
1344752,0.5369732980689106
1344753,0.3546919068789139
1344756,0.5369732980689106
1344757,0.5369732980689106
1344758,0.3546919068789139
1344760,0.3546919068789139
1344762,0.5369732980689106
1344763,0.41757597389353457
1344765,0.3546919068789139
1344766,0.3546919068789139
1344767,0.41757597389353457
1344768,0.5369732980689106
1344769,0.5369732980689106
1344770,0.5369732980689106
1344771,0.41757597389353457
1344772,0.3546919068789139
1344773,0.3546919068789139
1344774,0.3546919068789139
1344775,0.3546919068789139
1344776,0.41757597389353457
1344777,0.3546919068789139
1344778,0.3546919068789139
1344780,0.5369732980689106
1344782,0.41757597389353457
1344783,0.3546919068789139
1344784,0.3546919068789139
1344785,0.3546919068789139
1344786,0.41757597389353457
1344787,0.41757597389353457
1344789,0.41757597389353457
1344790,0.3546919068789139
1344791,0.3546919068789139
1344792,0.5369732980689106
1344793,0.3546919068789139
1344796,0.41757597389353457
1344797,0.3546919068789139
1344798,0.41757597389353457
1344799,0.3546919068789139
1344800,0.3546919068789139
1344804,0.3546919068789139
1344805,0.5369732980689106
1344806,0.3546919068789139
1344807,0.3546919068789139
1344810,0.5369732980689106
1344812,0.5369732980689106
1344813,0.3546919068789139
1344814,0.3546919068789139
1344817,0.5369732980689106
1344818,0.5369732980689106
1344819,0.3546919068789139
1344821,0.41757597389353457
1344822,0.3546919068789139
1344823,0.41757597389353457
1344825,0.41757597389353457
1344826,0.3546919068789139
1344828,0.5369732980689106
1344830,0.3546919068789139
1344831,0.41757597389353457
1344832,0.41757597389353457
1344834,0.3546919068789139
1344837,0.3546919068789139
1344838,0.5369732980689106
1344839,0.3546919068789139
1344841,0.41757597389353457
1344843,0.41757597389353457
1344844,0.41757597389353457
1344846,0.41757597389353457
1344847,0.3546919068789139
1344849,0.3546919068789139
1344850,0.3546919068789139
1344851,0.3546919068789139
1344853,0.5369732980689106
1344854,0.41757597389353457
1344855,0.3546919068789139
1344856,0.3546919068789139
1344858,0.3546919068789139
1344859,0.5369732980689106
1344860,0.3546919068789139
1344861,0.3546919068789139
1344863,0.3546919068789139
1344865,0.41757597389353457
1344866,0.3546919068789139
1344867,0.3546919068789139
1344868,0.3546919068789139
1344869,0.3546919068789139
1344870,0.41757597389353457
1344871,0.41757597389353457
1344873,0.3546919068789139
1344875,0.3546919068789139
1344876,0.3546919068789139
1344877,0.41757597389353457
1344879,0.5369732980689106
1344880,0.41757597389353457
1344881,0.3546919068789139
1344882,0.3546919068789139
1344886,0.3546919068789139
1344887,0.3546919068789139
1344888,0.5369732980689106
1344889,0.3546919068789139
1344890,0.3546919068789139
1344892,0.41757597389353457
1344893,0.41757597389353457
1344894,0.41757597389353457
1344895,0.3546919068789139
1344896,0.3546919068789139
1344897,0.41757597389353457
1344901,0.3546919068789139
1344903,0.41757597389353457
1344904,0.3546919068789139
1344905,0.3546919068789139
1344906,0.41757597389353457
1344909,0.3546919068789139
1344913,0.3546919068789139
1344914,0.41757597389353457
1344916,0.41757597389353457
1344917,0.3546919068789139
1344918,0.41757597389353457
1344919,0.3546919068789139
1344920,0.41757597389353457
1344921,0.41757597389353457
1344922,0.5369732980689106
1344923,0.41757597389353457
1344924,0.41757597389353457
1344926,0.5369732980689106
1344928,0.41757597389353457
1344932,0.3546919068789139
1344933,0.3546919068789139
1344934,0.3546919068789139
1344936,0.5369732980689106
1344939,0.5369732980689106
1344941,0.3546919068789139
1344942,0.41757597389353457
1344944,0.3546919068789139
1344948,0.41757597389353457
1344949,0.3546919068789139
1344950,0.3546919068789139
1344952,0.5369732980689106
1344953,0.3546919068789139
1344954,0.5369732980689106
1344955,0.3546919068789139
1344956,0.3546919068789139
1344957,0.5369732980689106
1344958,0.3546919068789139
1344959,0.41757597389353457
1344960,0.3546919068789139
1344961,0.3546919068789139
1344962,0.41757597389353457
1344963,0.5369732980689106
1344965,0.3546919068789139
1344966,0.41757597389353457
1344967,0.3546919068789139
1344968,0.41757597389353457
1344970,0.3546919068789139
1344973,0.5369732980689106
1344975,0.3546919068789139
1344979,0.5369732980689106
1344980,0.41757597389353457
1344981,0.41757597389353457
1344983,0.3546919068789139
1344986,0.3546919068789139
1344988,0.3546919068789139
1344989,0.41757597389353457
1344992,0.3546919068789139
1344997,0.41757597389353457
1344999,0.5369732980689106
1345000,0.3546919068789139
1345001,0.41757597389353457
1345002,0.3546919068789139
1345003,0.3546919068789139
1345004,0.41757597389353457
1345005,0.3546919068789139
1345006,0.41757597389353457
1345007,0.5369732980689106
1345008,0.3546919068789139
1345009,0.41757597389353457
1345010,0.41757597389353457
1345011,0.5369732980689106
1345012,0.3546919068789139
1345013,0.41757597389353457
1345014,0.41757597389353457
1345015,0.41757597389353457
1345016,0.3546919068789139
1345017,0.3546919068789139
1345018,0.3546919068789139
1345019,0.5369732980689106
1345021,0.3546919068789139
1345022,0.3546919068789139
1345023,0.41757597389353457
1345024,0.3546919068789139
1345025,0.41757597389353457
1345026,0.3546919068789139
1345028,0.3546919068789139
1345029,0.41757597389353457
1345032,0.41757597389353457
1345034,0.41757597389353457
1345035,0.41757597389353457
1345036,0.41757597389353457
1345037,0.41757597389353457
1345038,0.41757597389353457
1345041,0.41757597389353457
1345042,0.3546919068789139
1345043,0.41757597389353457
1345044,0.5369732980689106
1345045,0.41757597389353457
1345046,0.3546919068789139
1345047,0.41757597389353457
1345048,0.41757597389353457
1345049,0.41757597389353457
1345050,0.41757597389353457
1345051,0.41757597389353457
1345052,0.5369732980689106
1345053,0.3546919068789139
1345054,0.41757597389353457
1345055,0.41757597389353457
1345056,0.5369732980689106
1345057,0.5369732980689106
1345058,0.41757597389353457
1345059,0.41757597389353457
1345060,0.41757597389353457
1345061,0.5369732980689106
1345064,0.41757597389353457
1345065,0.41757597389353457
1345066,0.3546919068789139
1345067,0.41757597389353457
1345068,0.41757597389353457
1345069,0.5369732980689106
1345070,0.41757597389353457
1345071,0.41757597389353457
1345072,0.41757597389353457
1345073,0.3546919068789139
1345075,0.41757597389353457
1345076,0.3546919068789139
1345077,0.41757597389353457
1345078,0.41757597389353457
1345079,0.41757597389353457
1345080,0.41757597389353457
1345082,0.41757597389353457
1345083,0.41757597389353457
1345084,0.41757597389353457
1345085,0.41757597389353457
1345086,0.41757597389353457
1345087,0.41757597389353457
1345089,0.5369732980689106
1345091,0.5369732980689106
1345092,0.41757597389353457
1345094,0.41757597389353457
1345096,0.41757597389353457
1345097,0.41757597389353457
1345098,0.5369732980689106
1345099,0.41757597389353457
1345100,0.3546919068789139
1345101,0.41757597389353457
1345102,0.3546919068789139
1345103,0.3546919068789139
1345105,0.3546919068789139
1345109,0.41757597389353457
1345110,0.41757597389353457
1345111,0.3546919068789139
1345112,0.41757597389353457
1345113,0.41757597389353457
1345114,0.3546919068789139
1345115,0.3546919068789139
1345116,0.41757597389353457
1345117,0.41757597389353457
1345118,0.3546919068789139
1345119,0.5369732980689106
1345121,0.41757597389353457
1345122,0.3546919068789139
1345123,0.3546919068789139
1345124,0.3546919068789139
1345126,0.5369732980689106
1345127,0.3546919068789139
1345128,0.41757597389353457
1345130,0.5369732980689106
1345131,0.3546919068789139
1345133,0.3546919068789139
1345134,0.3546919068789139
1345135,0.3546919068789139
1345136,0.3546919068789139
1345137,0.41757597389353457
1345138,0.3546919068789139
1345139,0.41757597389353457
1345140,0.3546919068789139
1345141,0.41757597389353457
1345142,0.41757597389353457
1345143,0.5369732980689106
1345144,0.41757597389353457
1345145,0.3546919068789139
1345148,0.41757597389353457
1345150,0.41757597389353457
1345151,0.5369732980689106
1345154,0.41757597389353457
1345156,0.41757597389353457
1345157,0.41757597389353457
1345158,0.41757597389353457
1345159,0.5369732980689106
1345161,0.3546919068789139
1345164,0.3546919068789139
1345165,0.41757597389353457
1345167,0.41757597389353457
1345168,0.41757597389353457
1345169,0.41757597389353457
1345171,0.41757597389353457
1345172,0.41757597389353457
1345173,0.41757597389353457
1345174,0.41757597389353457
1345175,0.41757597389353457
1345176,0.41757597389353457
1345177,0.41757597389353457
1345178,0.3546919068789139
1345179,0.3546919068789139
1345180,0.41757597389353457
1345182,0.41757597389353457
1345184,0.3546919068789139
1345187,0.5369732980689106
1345189,0.41757597389353457
1345190,0.41757597389353457
1345191,0.41757597389353457
1345194,0.41757597389353457
1345195,0.3546919068789139
1345196,0.41757597389353457
1345197,0.41757597389353457
1345198,0.41757597389353457
1345199,0.41757597389353457
1345200,0.3546919068789139
1345201,0.41757597389353457
1345202,0.3546919068789139
1345203,0.3546919068789139
1345204,0.41757597389353457
1345205,0.3546919068789139
1345206,0.3546919068789139
1345207,0.3546919068789139
1345208,0.3546919068789139
1345209,0.3546919068789139
1345211,0.3546919068789139
1345212,0.41757597389353457
1345213,0.5369732980689106
1345214,0.3546919068789139
1345215,0.5369732980689106
1345216,0.41757597389353457
1345217,0.41757597389353457
1345218,0.41757597389353457
1345219,0.3546919068789139
1345220,0.41757597389353457
1345221,0.41757597389353457
1345222,0.41757597389353457
1345223,0.41757597389353457
1345225,0.41757597389353457
1345226,0.41757597389353457
1345227,0.3546919068789139
1345228,0.41757597389353457
1345229,0.3546919068789139
1345231,0.3546919068789139
1345232,0.41757597389353457
1345233,0.3546919068789139
1345234,0.41757597389353457
1345236,0.3546919068789139
1345237,0.41757597389353457
1345238,0.3546919068789139
1345240,0.3546919068789139
1345241,0.41757597389353457
1345242,0.5369732980689106
1345243,0.3546919068789139
1345245,0.41757597389353457
1345246,0.41757597389353457
1345250,0.41757597389353457
1345253,0.41757597389353457
1345254,0.5369732980689106
1345257,0.41757597389353457
1345258,0.3546919068789139
1345259,0.41757597389353457
1345260,0.3546919068789139
1345264,0.3546919068789139
1345265,0.41757597389353457
1345266,0.3546919068789139
1345267,0.41757597389353457
1345268,0.41757597389353457
1345270,0.41757597389353457
1345272,0.3546919068789139
1345273,0.5369732980689106
1345274,0.5369732980689106
1345276,0.41757597389353457
1345277,0.3546919068789139
1345278,0.41757597389353457
1345279,0.41757597389353457
1345280,0.41757597389353457
1345281,0.5369732980689106
1345285,0.5369732980689106
1345286,0.3546919068789139
1345287,0.3546919068789139
1345288,0.41757597389353457
1345289,0.41757597389353457
1345290,0.3546919068789139
1345291,0.5369732980689106
1345292,0.5369732980689106
1345293,0.5369732980689106
1345294,0.5369732980689106
1345295,0.3546919068789139
1345296,0.3546919068789139
1345298,0.41757597389353457
1345299,0.41757597389353457
1345300,0.3546919068789139
1345301,0.3546919068789139
1345305,0.3546919068789139
1345306,0.3546919068789139
1345307,0.41757597389353457
1345308,0.41757597389353457
1345309,0.41757597389353457
1345310,0.3546919068789139
1345311,0.41757597389353457
1345313,0.41757597389353457
1345316,0.3546919068789139
1345317,0.3546919068789139
1345318,0.3546919068789139
1345320,0.5369732980689106
1345321,0.41757597389353457
1345322,0.3546919068789139
1345323,0.41757597389353457
1345324,0.41757597389353457
1345325,0.3546919068789139
1345326,0.5369732980689106
1345327,0.41757597389353457
1345328,0.41757597389353457
1345329,0.3546919068789139
1345333,0.5369732980689106
1345334,0.41757597389353457
1345336,0.41757597389353457
1345337,0.41757597389353457
1345339,0.41757597389353457
1345340,0.3546919068789139
1345342,0.41757597389353457
1345344,0.41757597389353457
1345345,0.41757597389353457
1345346,0.3546919068789139
1345347,0.41757597389353457
1345350,0.41757597389353457
1345351,0.3546919068789139
1345353,0.41757597389353457
1345356,0.3546919068789139
1345357,0.3546919068789139
1345358,0.41757597389353457
1345359,0.3546919068789139
1345360,0.41757597389353457
1345362,0.3546919068789139
1345363,0.3546919068789139
1345364,0.41757597389353457
1345365,0.3546919068789139
1345366,0.41757597389353457
1345367,0.41757597389353457
1345369,0.41757597389353457
1345370,0.3546919068789139
1345372,0.41757597389353457
1345373,0.41757597389353457
1345374,0.3546919068789139
1345375,0.3546919068789139
1345376,0.41757597389353457
1345377,0.5369732980689106
1345379,0.5369732980689106
1345381,0.41757597389353457
1345382,0.3546919068789139
1345383,0.41757597389353457
1345384,0.41757597389353457
1345386,0.41757597389353457
1345387,0.3546919068789139
1345388,0.5369732980689106
1345389,0.3546919068789139
1345391,0.5369732980689106
1345394,0.5369732980689106
1345395,0.41757597389353457
1345396,0.41757597389353457
1345397,0.41757597389353457
1345398,0.3546919068789139
1345400,0.41757597389353457
1345404,0.3546919068789139
1345405,0.3546919068789139
1345406,0.3546919068789139
1345407,0.3546919068789139
1345408,0.41757597389353457
1345410,0.3546919068789139
1345411,0.41757597389353457
1345413,0.41757597389353457
1345414,0.41757597389353457
1345415,0.41757597389353457
1345418,0.41757597389353457
1345420,0.5369732980689106
1345422,0.3546919068789139
1345423,0.3546919068789139
1345424,0.41757597389353457
1345425,0.3546919068789139
1345426,0.41757597389353457
1345429,0.3546919068789139
1345430,0.41757597389353457
1345431,0.3546919068789139
1345432,0.41757597389353457
1345433,0.41757597389353457
1345434,0.5369732980689106
1345435,0.3546919068789139
1345436,0.3546919068789139
1345437,0.3546919068789139
1345438,0.5369732980689106
1345439,0.3546919068789139
1345441,0.3546919068789139
1345442,0.3546919068789139
1345443,0.3546919068789139
1345444,0.41757597389353457
1345445,0.41757597389353457
1345448,0.41757597389353457
1345450,0.3546919068789139
1345451,0.3546919068789139
1345452,0.3546919068789139
1345453,0.3546919068789139
1345455,0.41757597389353457
1345457,0.3546919068789139
1345458,0.41757597389353457
1345461,0.3546919068789139
1345462,0.41757597389353457
1345463,0.3546919068789139
1345464,0.41757597389353457
1345465,0.41757597389353457
1345466,0.3546919068789139
1345467,0.41757597389353457
1345469,0.5369732980689106
1345470,0.3546919068789139
1345471,0.3546919068789139
1345472,0.3546919068789139
1345476,0.41757597389353457
1345477,0.3546919068789139
1345479,0.41757597389353457
1345480,0.3546919068789139
1345483,0.3546919068789139
1345484,0.3546919068789139
1345485,0.3546919068789139
1345486,0.3546919068789139
1345487,0.41757597389353457
1345488,0.3546919068789139
1345490,0.41757597389353457
1345491,0.3546919068789139
1345492,0.41757597389353457
1345493,0.3546919068789139
1345495,0.3546919068789139
1345496,0.41757597389353457
1345498,0.41757597389353457
1345499,0.5369732980689106
1345500,0.41757597389353457
1345501,0.41757597389353457
1345502,0.41757597389353457
1345503,0.5369732980689106
1345504,0.41757597389353457
1345505,0.41757597389353457
1345506,0.3546919068789139
1345507,0.3546919068789139
1345510,0.41757597389353457
1345511,0.41757597389353457
1345515,0.3546919068789139
1345516,0.3546919068789139
1345519,0.3546919068789139
1345520,0.3546919068789139
1345522,0.3546919068789139
1345524,0.3546919068789139
1345526,0.3546919068789139
1345528,0.3546919068789139
1345529,0.5369732980689106
1345530,0.3546919068789139
1345531,0.3546919068789139
1345533,0.3546919068789139
1345534,0.41757597389353457
1345535,0.3546919068789139
1345536,0.3546919068789139
1345537,0.5369732980689106
1345538,0.41757597389353457
1345540,0.3546919068789139
1345542,0.41757597389353457
1345543,0.3546919068789139
1345545,0.3546919068789139
1345548,0.3546919068789139
1345549,0.41757597389353457
1345550,0.5369732980689106
1345551,0.3546919068789139
1345552,0.3546919068789139
1345553,0.41757597389353457
1345554,0.3546919068789139
1345556,0.5369732980689106
1345557,0.3546919068789139
1345559,0.41757597389353457
1345561,0.3546919068789139
1345562,0.3546919068789139
1345563,0.41757597389353457
1345564,0.41757597389353457
1345565,0.5369732980689106
1345566,0.41757597389353457
1345568,0.3546919068789139
1345569,0.3546919068789139
1345570,0.3546919068789139
1345571,0.3546919068789139
1345572,0.5369732980689106
1345574,0.41757597389353457
1345575,0.3546919068789139
1345576,0.41757597389353457
1345577,0.3546919068789139
1345579,0.3546919068789139
1345580,0.3546919068789139
1345582,0.41757597389353457
1345583,0.3546919068789139
1345584,0.5369732980689106
1345585,0.3546919068789139
1345586,0.5369732980689106
1345587,0.3546919068789139
1345588,0.3546919068789139
1345589,0.5369732980689106
1345590,0.3546919068789139
1345593,0.41757597389353457
1345595,0.3546919068789139
1345597,0.41757597389353457
1345598,0.41757597389353457
1345599,0.3546919068789139
1345601,0.3546919068789139
1345603,0.41757597389353457
1345604,0.5369732980689106
1345606,0.3546919068789139
1345607,0.3546919068789139
1345608,0.5369732980689106
1345609,0.41757597389353457
1345610,0.5369732980689106
1345611,0.3546919068789139
1345613,0.41757597389353457
1345614,0.5369732980689106
1345615,0.41757597389353457
1345616,0.3546919068789139
1345617,0.3546919068789139
1345618,0.3546919068789139
1345619,0.3546919068789139
1345620,0.41757597389353457
1345621,0.3546919068789139
1345622,0.41757597389353457
1345623,0.3546919068789139
1345624,0.3546919068789139
1345625,0.5369732980689106
1345626,0.5369732980689106
1345627,0.3546919068789139
1345628,0.41757597389353457
1345630,0.5369732980689106
1345631,0.3546919068789139
1345632,0.3546919068789139
1345633,0.3546919068789139
1345634,0.41757597389353457
1345635,0.3546919068789139
1345636,0.41757597389353457
1345638,0.41757597389353457
1345639,0.41757597389353457
1345640,0.3546919068789139
1345641,0.3546919068789139
1345642,0.5369732980689106
1345643,0.41757597389353457
1345648,0.41757597389353457
1345649,0.3546919068789139
1345652,0.3546919068789139
1345654,0.3546919068789139
1345655,0.5369732980689106
1345656,0.41757597389353457
1345657,0.3546919068789139
1345658,0.3546919068789139
1345659,0.41757597389353457
1345661,0.41757597389353457
1345663,0.3546919068789139
1345664,0.3546919068789139
1345665,0.41757597389353457
1345666,0.5369732980689106
1345667,0.3546919068789139
1345668,0.3546919068789139
1345669,0.41757597389353457
1345671,0.3546919068789139
1345673,0.3546919068789139
1345674,0.41757597389353457
1345675,0.41757597389353457
1345676,0.3546919068789139
1345677,0.3546919068789139
1345679,0.3546919068789139
1345680,0.5369732980689106
1345682,0.3546919068789139
1345684,0.3546919068789139
1345686,0.5369732980689106
1345687,0.41757597389353457
1345690,0.3546919068789139
1345691,0.5369732980689106
1345693,0.3546919068789139
1345695,0.3546919068789139
1345696,0.3546919068789139
1345698,0.3546919068789139
1345699,0.41757597389353457
1345701,0.41757597389353457
1345702,0.3546919068789139
1345706,0.41757597389353457
1345707,0.41757597389353457
1345708,0.3546919068789139
1345710,0.41757597389353457
1345711,0.5369732980689106
1345712,0.3546919068789139
1345713,0.41757597389353457
1345714,0.41757597389353457
1345715,0.3546919068789139
1345716,0.5369732980689106
1345717,0.3546919068789139
1345719,0.3546919068789139
1345720,0.3546919068789139
1345721,0.3546919068789139
1345722,0.3546919068789139
1345723,0.3546919068789139
1345725,0.3546919068789139
1345726,0.3546919068789139
1345727,0.3546919068789139
1345730,0.5369732980689106
1345732,0.5369732980689106
1345733,0.3546919068789139
1345734,0.41757597389353457
1345735,0.3546919068789139
1345736,0.5369732980689106
1345737,0.41757597389353457
1345738,0.41757597389353457
1345741,0.5369732980689106
1345742,0.3546919068789139
1345744,0.5369732980689106
1345745,0.5369732980689106
1345746,0.3546919068789139
1345749,0.3546919068789139
1345750,0.3546919068789139
1345751,0.41757597389353457
1345752,0.5369732980689106
1345754,0.3546919068789139
1345755,0.3546919068789139
1345756,0.3546919068789139
1345757,0.3546919068789139
1345758,0.3546919068789139
1345759,0.41757597389353457
1345760,0.5369732980689106
1345762,0.3546919068789139
1345763,0.41757597389353457
1345767,0.3546919068789139
1345768,0.3546919068789139
1345772,0.3546919068789139
1345776,0.41757597389353457
1345778,0.41757597389353457
1345779,0.5369732980689106
1345780,0.41757597389353457
1345781,0.41757597389353457
1345782,0.3546919068789139
1345783,0.3546919068789139
1345784,0.5369732980689106
1345787,0.3546919068789139
1345788,0.41757597389353457
1345789,0.41757597389353457
1345791,0.3546919068789139
1345793,0.41757597389353457
1345794,0.41757597389353457
1345796,0.3546919068789139
1345801,0.3546919068789139
1345802,0.41757597389353457
1345803,0.41757597389353457
1345804,0.5369732980689106
1345805,0.41757597389353457
1345806,0.3546919068789139
1345807,0.41757597389353457
1345808,0.41757597389353457
1345809,0.3546919068789139
1345813,0.5369732980689106
1345814,0.3546919068789139
1345815,0.3546919068789139
1345816,0.41757597389353457
1345817,0.41757597389353457
1345818,0.3546919068789139
1345820,0.3546919068789139
1345823,0.3546919068789139
1345824,0.3546919068789139
1345827,0.5369732980689106
1345828,0.3546919068789139
1345829,0.3546919068789139
1345830,0.3546919068789139
1345831,0.3546919068789139
1345832,0.3546919068789139
1345833,0.3546919068789139
1345834,0.41757597389353457
1345835,0.3546919068789139
1345837,0.41757597389353457
1345838,0.3546919068789139
1345840,0.3546919068789139
1345843,0.41757597389353457
1345844,0.5369732980689106
1345845,0.3546919068789139
1345846,0.3546919068789139
1345848,0.41757597389353457
1345850,0.41757597389353457
1345851,0.41757597389353457
1345852,0.41757597389353457
1345853,0.41757597389353457
1345855,0.3546919068789139
1345856,0.3546919068789139
1345858,0.3546919068789139
1345859,0.41757597389353457
1345860,0.41757597389353457
1345864,0.3546919068789139
1345865,0.41757597389353457
1345866,0.3546919068789139
1345867,0.41757597389353457
1345868,0.3546919068789139
1345869,0.3546919068789139
1345870,0.41757597389353457
1345871,0.41757597389353457
1345872,0.41757597389353457
1345875,0.3546919068789139
1345876,0.41757597389353457
1345881,0.41757597389353457
1345883,0.41757597389353457
1345884,0.41757597389353457
1345887,0.3546919068789139
1345891,0.41757597389353457
1345892,0.3546919068789139
1345893,0.3546919068789139
1345894,0.3546919068789139
1345896,0.3546919068789139
1345897,0.3546919068789139
1345898,0.3546919068789139
1345899,0.3546919068789139
1345901,0.41757597389353457
1345902,0.3546919068789139
1345903,0.3546919068789139
1345906,0.41757597389353457
1345907,0.41757597389353457
1345908,0.3546919068789139
1345909,0.3546919068789139
1345911,0.41757597389353457
1345912,0.3546919068789139
1345914,0.41757597389353457
1345915,0.3546919068789139
1345916,0.5369732980689106
1345917,0.5369732980689106
1345918,0.3546919068789139
1345919,0.3546919068789139
1345920,0.41757597389353457
1345922,0.5369732980689106
1345923,0.3546919068789139
1345925,0.3546919068789139
1345926,0.3546919068789139
1345927,0.3546919068789139
1345928,0.41757597389353457
1345929,0.41757597389353457
1345930,0.3546919068789139
1345932,0.41757597389353457
1345934,0.5369732980689106
1345935,0.5369732980689106
1345936,0.3546919068789139
1345941,0.41757597389353457
1345942,0.41757597389353457
1345943,0.41757597389353457
1345944,0.41757597389353457
1345945,0.3546919068789139
1345948,0.3546919068789139
1345949,0.5369732980689106
1345950,0.3546919068789139
1345953,0.3546919068789139
1345954,0.3546919068789139
1345955,0.3546919068789139
1345956,0.5369732980689106
1345957,0.3546919068789139
1345958,0.5369732980689106
1345960,0.3546919068789139
1345961,0.41757597389353457
1345962,0.3546919068789139
1345963,0.5369732980689106
1345964,0.3546919068789139
1345965,0.41757597389353457
1345966,0.3546919068789139
1345967,0.5369732980689106
1345970,0.3546919068789139
1345971,0.3546919068789139
1345972,0.3546919068789139
1345975,0.5369732980689106
1345976,0.3546919068789139
1345978,0.5369732980689106
1345979,0.5369732980689106
1345980,0.5369732980689106
1345981,0.5369732980689106
1345982,0.3546919068789139
1345983,0.3546919068789139
1345985,0.41757597389353457
1345986,0.3546919068789139
1345988,0.3546919068789139
1345989,0.5369732980689106
1345990,0.41757597389353457
1345991,0.41757597389353457
1345992,0.5369732980689106
1345993,0.3546919068789139
1345995,0.3546919068789139
1345998,0.3546919068789139
1346000,0.41757597389353457
1346002,0.3546919068789139
1346006,0.5369732980689106
1346007,0.3546919068789139
1346009,0.41757597389353457
1346010,0.3546919068789139
1346011,0.3546919068789139
1346012,0.5369732980689106
1346013,0.5369732980689106
1346014,0.41757597389353457
1346015,0.3546919068789139
1346016,0.3546919068789139
1346017,0.5369732980689106
1346018,0.5369732980689106
1346019,0.3546919068789139
1346020,0.41757597389353457
1346021,0.41757597389353457
1346023,0.5369732980689106
1346025,0.3546919068789139
1346027,0.41757597389353457
1346028,0.3546919068789139
1346029,0.3546919068789139
1346031,0.41757597389353457
1346032,0.3546919068789139
1346033,0.3546919068789139
1346034,0.3546919068789139
1346035,0.3546919068789139
1346036,0.3546919068789139
1346037,0.3546919068789139
1346038,0.41757597389353457
1346039,0.3546919068789139
1346041,0.3546919068789139
1346044,0.3546919068789139
1346045,0.41757597389353457
1346047,0.3546919068789139
1346048,0.5369732980689106
1346050,0.3546919068789139
1346051,0.3546919068789139
1346052,0.5369732980689106
1346053,0.41757597389353457
1346054,0.3546919068789139
1346055,0.41757597389353457
1346056,0.3546919068789139
1346058,0.3546919068789139
1346059,0.3546919068789139
1346062,0.41757597389353457
1346064,0.41757597389353457
1346065,0.41757597389353457
1346066,0.41757597389353457
1346067,0.5369732980689106
1346068,0.41757597389353457
1346071,0.3546919068789139
1346072,0.3546919068789139
1346073,0.41757597389353457
1346074,0.3546919068789139
1346076,0.41757597389353457
1346077,0.41757597389353457
1346079,0.41757597389353457
1346080,0.3546919068789139
1346081,0.5369732980689106
1346082,0.41757597389353457
1346084,0.41757597389353457
1346085,0.3546919068789139
1346086,0.41757597389353457
1346087,0.3546919068789139
1346088,0.3546919068789139
1346089,0.3546919068789139
1346090,0.41757597389353457
1346091,0.5369732980689106
1346093,0.3546919068789139
1346095,0.3546919068789139
1346097,0.3546919068789139
1346098,0.41757597389353457
1346101,0.41757597389353457
1346102,0.5369732980689106
1346103,0.3546919068789139
1346104,0.5369732980689106
1346106,0.41757597389353457
1346107,0.41757597389353457
1346108,0.5369732980689106
1346109,0.3546919068789139
1346110,0.3546919068789139
1346112,0.3546919068789139
1346113,0.3546919068789139
1346115,0.5369732980689106
1346116,0.5369732980689106
1346117,0.5369732980689106
1346118,0.3546919068789139
1346120,0.5369732980689106
1346122,0.41757597389353457
1346123,0.3546919068789139
1346124,0.41757597389353457
1346125,0.3546919068789139
1346127,0.41757597389353457
1346128,0.3546919068789139
1346130,0.41757597389353457
1346131,0.3546919068789139
1346132,0.3546919068789139
1346133,0.5369732980689106
1346134,0.5369732980689106
1346135,0.3546919068789139
1346136,0.3546919068789139
1346137,0.41757597389353457
1346139,0.5369732980689106
1346140,0.41757597389353457
1346141,0.5369732980689106
1346142,0.3546919068789139
1346143,0.41757597389353457
1346144,0.3546919068789139
1346145,0.3546919068789139
1346146,0.41757597389353457
1346147,0.3546919068789139
1346148,0.3546919068789139
1346149,0.41757597389353457
1346150,0.41757597389353457
1346151,0.5369732980689106
1346152,0.3546919068789139
1346153,0.41757597389353457
1346154,0.41757597389353457
1346155,0.3546919068789139
1346156,0.3546919068789139
1346157,0.3546919068789139
1346159,0.3546919068789139
1346166,0.5369732980689106
1346168,0.5369732980689106
1346170,0.3546919068789139
1346173,0.3546919068789139
1346176,0.41757597389353457
1346177,0.5369732980689106
1346178,0.3546919068789139
1346179,0.41757597389353457
1346181,0.41757597389353457
1346182,0.5369732980689106
1346183,0.3546919068789139
1346184,0.41757597389353457
1346185,0.41757597389353457
1346187,0.41757597389353457
1346188,0.3546919068789139
1346190,0.3546919068789139
1346191,0.3546919068789139
1346192,0.3546919068789139
1346193,0.5369732980689106
1346199,0.3546919068789139
1346201,0.41757597389353457
1346202,0.3546919068789139
1346207,0.5369732980689106
1346208,0.3546919068789139
1346210,0.5369732980689106
1346211,0.3546919068789139
1346214,0.3546919068789139
1346215,0.3546919068789139
1346219,0.41757597389353457
1346223,0.41757597389353457
1346226,0.41757597389353457
1346227,0.41757597389353457
1346228,0.41757597389353457
1346229,0.3546919068789139
1346232,0.41757597389353457
1346233,0.3546919068789139
1346234,0.41757597389353457
1346236,0.41757597389353457
1346237,0.3546919068789139
1346238,0.5369732980689106
1346240,0.3546919068789139
1346241,0.41757597389353457
1346242,0.3546919068789139
1346243,0.5369732980689106
1346245,0.41757597389353457
1346248,0.3546919068789139
1346250,0.41757597389353457
1346251,0.41757597389353457
1346252,0.5369732980689106
1346253,0.3546919068789139
1346254,0.5369732980689106
1346255,0.41757597389353457
1346256,0.41757597389353457
1346257,0.3546919068789139
1346258,0.41757597389353457
1346259,0.41757597389353457
1346260,0.41757597389353457
1346261,0.41757597389353457
1346262,0.5369732980689106
1346263,0.5369732980689106
1346264,0.41757597389353457
1346267,0.3546919068789139
1346268,0.41757597389353457
1346270,0.3546919068789139
1346271,0.3546919068789139
1346272,0.5369732980689106
1346274,0.41757597389353457
1346275,0.3546919068789139
1346276,0.5369732980689106
1346277,0.3546919068789139
1346278,0.41757597389353457
1346279,0.41757597389353457
1346281,0.3546919068789139
1346283,0.41757597389353457
1346284,0.3546919068789139
1346286,0.5369732980689106
1346287,0.41757597389353457
1346289,0.41757597389353457
1346294,0.5369732980689106
1346295,0.5369732980689106
1346296,0.5369732980689106
1346297,0.3546919068789139
1346298,0.41757597389353457
1346299,0.41757597389353457
1346300,0.3546919068789139
1346301,0.5369732980689106
1346303,0.3546919068789139
1346305,0.3546919068789139
1346306,0.3546919068789139
1346307,0.41757597389353457
1346308,0.5369732980689106
1346309,0.41757597389353457
1346310,0.41757597389353457
1346311,0.3546919068789139
1346313,0.3546919068789139
1346314,0.3546919068789139
1346315,0.3546919068789139
1346316,0.41757597389353457
1346318,0.3546919068789139
1346319,0.3546919068789139
1346320,0.41757597389353457
1346321,0.3546919068789139
1346323,0.3546919068789139
1346324,0.41757597389353457
1346325,0.3546919068789139
1346326,0.3546919068789139
1346327,0.41757597389353457
1346328,0.3546919068789139
1346333,0.41757597389353457
1346336,0.3546919068789139
1346337,0.41757597389353457
1346338,0.3546919068789139
1346339,0.3546919068789139
1346340,0.5369732980689106
1346341,0.3546919068789139
1346342,0.3546919068789139
1346344,0.41757597389353457
1346346,0.3546919068789139
1346347,0.41757597389353457
1346348,0.41757597389353457
1346349,0.3546919068789139
1346350,0.3546919068789139
1346351,0.41757597389353457
1346352,0.5369732980689106
1346353,0.5369732980689106
1346356,0.3546919068789139
1346357,0.3546919068789139
1346358,0.3546919068789139
1346360,0.41757597389353457
1346361,0.3546919068789139
1346362,0.41757597389353457
1346363,0.5369732980689106
1346365,0.3546919068789139
1346366,0.3546919068789139
1346367,0.5369732980689106
1346368,0.3546919068789139
1346370,0.41757597389353457
1346371,0.3546919068789139
1346372,0.41757597389353457
1346373,0.41757597389353457
1346374,0.3546919068789139
1346375,0.41757597389353457
1346376,0.41757597389353457
1346377,0.3546919068789139
1346378,0.3546919068789139
1346379,0.3546919068789139
1346380,0.3546919068789139
1346382,0.3546919068789139
1346383,0.41757597389353457
1346384,0.41757597389353457
1346385,0.41757597389353457
1346386,0.41757597389353457
1346387,0.3546919068789139
1346389,0.5369732980689106
1346390,0.3546919068789139
1346391,0.3546919068789139
1346392,0.41757597389353457
1346393,0.41757597389353457
1346397,0.41757597389353457
1346398,0.41757597389353457
1346400,0.41757597389353457
1346401,0.41757597389353457
1346402,0.3546919068789139
1346403,0.3546919068789139
1346404,0.3546919068789139
1346405,0.41757597389353457
1346406,0.3546919068789139
1346407,0.3546919068789139
1346408,0.3546919068789139
1346411,0.3546919068789139
1346412,0.3546919068789139
1346413,0.3546919068789139
1346415,0.41757597389353457
1346416,0.3546919068789139
1346417,0.3546919068789139
1346418,0.3546919068789139
1346419,0.3546919068789139
1346421,0.3546919068789139
1346422,0.3546919068789139
1346423,0.41757597389353457
1346424,0.41757597389353457
1346426,0.3546919068789139
1346427,0.3546919068789139
1346430,0.41757597389353457
1346432,0.3546919068789139
1346435,0.5369732980689106
1346436,0.3546919068789139
1346437,0.3546919068789139
1346439,0.41757597389353457
1346440,0.3546919068789139
1346441,0.3546919068789139
1346445,0.3546919068789139
1346446,0.3546919068789139
1346447,0.41757597389353457
1346448,0.3546919068789139
1346449,0.3546919068789139
1346450,0.5369732980689106
1346451,0.3546919068789139
1346456,0.3546919068789139
1346457,0.3546919068789139
1346458,0.3546919068789139
1346460,0.3546919068789139
1346461,0.41757597389353457
1346463,0.3546919068789139
1346464,0.3546919068789139
1346465,0.3546919068789139
1346466,0.3546919068789139
1346467,0.3546919068789139
1346470,0.3546919068789139
1346471,0.3546919068789139
1346472,0.41757597389353457
1346473,0.5369732980689106
1346474,0.3546919068789139
1346475,0.41757597389353457
1346476,0.41757597389353457
1346477,0.3546919068789139
1346478,0.5369732980689106
1346479,0.5369732980689106
1346481,0.3546919068789139
1346482,0.41757597389353457
1346483,0.5369732980689106
1346484,0.3546919068789139
1346485,0.41757597389353457
1346486,0.3546919068789139
1346487,0.3546919068789139
1346488,0.3546919068789139
1346489,0.3546919068789139
1346490,0.41757597389353457
1346491,0.41757597389353457
1346492,0.5369732980689106
1346493,0.41757597389353457
1346495,0.3546919068789139
1346497,0.3546919068789139
1346498,0.3546919068789139
1346500,0.3546919068789139
1346501,0.3546919068789139
1346505,0.41757597389353457
1346506,0.3546919068789139
1346507,0.5369732980689106
1346508,0.41757597389353457
1346509,0.3546919068789139
1346510,0.3546919068789139
1346511,0.41757597389353457
1346513,0.41757597389353457
1346514,0.3546919068789139
1346515,0.41757597389353457
1346517,0.41757597389353457
1346518,0.3546919068789139
1346519,0.3546919068789139
1346520,0.41757597389353457
1346521,0.5369732980689106
1346522,0.3546919068789139
1346525,0.3546919068789139
1346526,0.3546919068789139
1346527,0.41757597389353457
1346528,0.3546919068789139
1346529,0.5369732980689106
1346530,0.41757597389353457
1346531,0.3546919068789139
1346532,0.3546919068789139
1346534,0.3546919068789139
1346535,0.41757597389353457
1346536,0.41757597389353457
1346537,0.41757597389353457
1346538,0.3546919068789139
1346539,0.3546919068789139
1346542,0.3546919068789139
1346543,0.3546919068789139
1346544,0.3546919068789139
1346545,0.41757597389353457
1346546,0.3546919068789139
1346547,0.5369732980689106
1346551,0.41757597389353457
1346553,0.41757597389353457
1346554,0.3546919068789139
1346556,0.3546919068789139
1346558,0.41757597389353457
1346559,0.3546919068789139
1346560,0.41757597389353457
1346561,0.41757597389353457
1346562,0.41757597389353457
1346567,0.41757597389353457
1346569,0.3546919068789139
1346572,0.3546919068789139
1346573,0.41757597389353457
1346574,0.3546919068789139
1346576,0.3546919068789139
1346577,0.3546919068789139
1346579,0.3546919068789139
1346580,0.41757597389353457
1346581,0.41757597389353457
1346582,0.41757597389353457
1346583,0.41757597389353457
1346584,0.3546919068789139
1346585,0.3546919068789139
1346586,0.3546919068789139
1346590,0.3546919068789139
1346591,0.3546919068789139
1346592,0.3546919068789139
1346593,0.3546919068789139
1346594,0.3546919068789139
1346595,0.3546919068789139
1346596,0.5369732980689106
1346598,0.41757597389353457
1346599,0.41757597389353457
1346600,0.3546919068789139
1346601,0.41757597389353457
1346602,0.3546919068789139
1346603,0.3546919068789139
1346604,0.41757597389353457
1346606,0.3546919068789139
1346607,0.3546919068789139
1346609,0.41757597389353457
1346611,0.3546919068789139
1346612,0.5369732980689106
1346613,0.3546919068789139
1346614,0.3546919068789139
1346615,0.41757597389353457
1346616,0.41757597389353457
1346618,0.3546919068789139
1346619,0.41757597389353457
1346620,0.5369732980689106
1346621,0.3546919068789139
1346622,0.41757597389353457
1346623,0.41757597389353457
1346625,0.41757597389353457
1346626,0.3546919068789139
1346627,0.41757597389353457
1346628,0.41757597389353457
1346629,0.3546919068789139
1346630,0.41757597389353457
1346631,0.5369732980689106
1346632,0.3546919068789139
1346633,0.3546919068789139
1346634,0.5369732980689106
1346637,0.41757597389353457
1346638,0.3546919068789139
1346640,0.3546919068789139
1346641,0.3546919068789139
1346642,0.3546919068789139
1346643,0.3546919068789139
1346644,0.3546919068789139
1346646,0.3546919068789139
1346647,0.5369732980689106
1346648,0.41757597389353457
1346649,0.3546919068789139
1346650,0.3546919068789139
1346651,0.41757597389353457
1346652,0.5369732980689106
1346653,0.3546919068789139
1346654,0.41757597389353457
1346656,0.41757597389353457
1346658,0.3546919068789139
1346660,0.3546919068789139
1346661,0.41757597389353457
1346662,0.3546919068789139
1346663,0.5369732980689106
1346664,0.3546919068789139
1346665,0.3546919068789139
1346666,0.41757597389353457
1346669,0.3546919068789139
1346670,0.3546919068789139
1346671,0.3546919068789139
1346672,0.41757597389353457
1346674,0.41757597389353457
1346676,0.5369732980689106
1346677,0.3546919068789139
1346678,0.3546919068789139
1346679,0.3546919068789139
1347094,0.3546919068789139
1347095,0.3546919068789139
1347096,0.3546919068789139
1347097,0.5369732980689106
1347098,0.3546919068789139
1347099,0.3546919068789139
1347100,0.41757597389353457
1347101,0.5369732980689106
1347102,0.41757597389353457
1347103,0.41757597389353457
1347104,0.3546919068789139
1347106,0.3546919068789139
1347107,0.3546919068789139
1347109,0.3546919068789139
1347111,0.41757597389353457
1347112,0.3546919068789139
1347113,0.3546919068789139
1347114,0.41757597389353457
1347117,0.41757597389353457
1347120,0.3546919068789139
1347121,0.3546919068789139
1347122,0.3546919068789139
1347124,0.5369732980689106
1347125,0.41757597389353457
1347126,0.3546919068789139
1347127,0.41757597389353457
1347129,0.41757597389353457
1347135,0.3546919068789139
1347137,0.3546919068789139
1347140,0.5369732980689106
1347142,0.3546919068789139
1347143,0.3546919068789139
1347144,0.3546919068789139
1347147,0.5369732980689106
1347149,0.41757597389353457
1347151,0.3546919068789139
1347152,0.5369732980689106
1347153,0.41757597389353457
1347155,0.41757597389353457
1347158,0.3546919068789139
1347159,0.3546919068789139
1347160,0.3546919068789139
1347161,0.41757597389353457
1347162,0.41757597389353457
1347163,0.5369732980689106
1347164,0.3546919068789139
1347166,0.41757597389353457
1347168,0.3546919068789139
1347169,0.3546919068789139
1347170,0.41757597389353457
1347172,0.41757597389353457
1347173,0.3546919068789139
1347174,0.5369732980689106
1347175,0.41757597389353457
1347178,0.3546919068789139
1347179,0.3546919068789139
1347182,0.3546919068789139
1347183,0.3546919068789139
1347184,0.41757597389353457
1347185,0.3546919068789139
1347187,0.41757597389353457
1347188,0.3546919068789139
1347191,0.3546919068789139
1347193,0.41757597389353457
1347194,0.41757597389353457
1347196,0.41757597389353457
1347197,0.5369732980689106
1347198,0.3546919068789139
1347199,0.5369732980689106
1347204,0.3546919068789139
1347207,0.41757597389353457
1347209,0.5369732980689106
1347210,0.3546919068789139
1347212,0.3546919068789139
1347214,0.3546919068789139
1347215,0.41757597389353457
1347217,0.3546919068789139
1347218,0.5369732980689106
1347219,0.41757597389353457
1347220,0.41757597389353457
1347221,0.5369732980689106
1347227,0.3546919068789139
1347228,0.3546919068789139
1347229,0.3546919068789139
1347231,0.3546919068789139
1347232,0.3546919068789139
1347233,0.41757597389353457
1347234,0.3546919068789139
1347235,0.41757597389353457
1347236,0.41757597389353457
1347237,0.41757597389353457
1347238,0.3546919068789139
1347240,0.3546919068789139
1347242,0.5369732980689106
1347245,0.41757597389353457
1347246,0.3546919068789139
1347247,0.41757597389353457
1347248,0.41757597389353457
1347250,0.41757597389353457
1347251,0.3546919068789139
1347253,0.5369732980689106
1347254,0.5369732980689106
1347255,0.41757597389353457
1347256,0.3546919068789139
1347257,0.5369732980689106
1347258,0.5369732980689106
1347259,0.41757597389353457
1347260,0.3546919068789139
1347261,0.5369732980689106
1347262,0.3546919068789139
1347264,0.5369732980689106
1347265,0.3546919068789139
1347266,0.41757597389353457
1347267,0.3546919068789139
1347273,0.3546919068789139
1347276,0.3546919068789139
1347277,0.41757597389353457
1347279,0.3546919068789139
1347284,0.41757597389353457
1347286,0.41757597389353457
1347287,0.3546919068789139
1347288,0.3546919068789139
1347290,0.3546919068789139
1347291,0.5369732980689106
1347292,0.41757597389353457
1347293,0.5369732980689106
1347295,0.5369732980689106
1347296,0.5369732980689106
1347297,0.41757597389353457
1347298,0.3546919068789139
1347299,0.3546919068789139
1347300,0.5369732980689106
1347302,0.41757597389353457
1347304,0.3546919068789139
1347305,0.3546919068789139
1347306,0.5369732980689106
1347307,0.3546919068789139
1347308,0.5369732980689106
1347311,0.3546919068789139
1347313,0.3546919068789139
1347315,0.3546919068789139
1347316,0.5369732980689106
1347317,0.3546919068789139
1347318,0.3546919068789139
1347319,0.41757597389353457
1347322,0.41757597389353457
1347323,0.3546919068789139
1347324,0.3546919068789139
1347328,0.3546919068789139
1347331,0.41757597389353457
1347332,0.41757597389353457
1347333,0.3546919068789139
1347335,0.41757597389353457
1347336,0.41757597389353457
1347338,0.5369732980689106
1347340,0.41757597389353457
1347341,0.3546919068789139
1347343,0.3546919068789139
1347344,0.5369732980689106
1347346,0.3546919068789139
1347347,0.3546919068789139
1347351,0.3546919068789139
1347352,0.3546919068789139
1347357,0.3546919068789139
1347358,0.3546919068789139
1347360,0.3546919068789139
1347361,0.3546919068789139
1347362,0.3546919068789139
1347364,0.41757597389353457
1347365,0.3546919068789139
1347367,0.41757597389353457
1347368,0.3546919068789139
1347369,0.3546919068789139
1347370,0.3546919068789139
1347372,0.3546919068789139
1347373,0.3546919068789139
1347374,0.5369732980689106
1347375,0.41757597389353457
1347376,0.5369732980689106
1347378,0.5369732980689106
1347381,0.41757597389353457
1347382,0.5369732980689106
1347385,0.3546919068789139
1347388,0.3546919068789139
1347392,0.3546919068789139
1347393,0.3546919068789139
1347394,0.3546919068789139
1347397,0.41757597389353457
1347399,0.41757597389353457
1347401,0.3546919068789139
1347403,0.3546919068789139
1347404,0.5369732980689106
1347406,0.3546919068789139
1347407,0.3546919068789139
1347408,0.3546919068789139
1347409,0.41757597389353457
1347410,0.41757597389353457
1347415,0.3546919068789139
1347417,0.3546919068789139
1347418,0.3546919068789139
1347419,0.41757597389353457
1347420,0.3546919068789139
1347421,0.3546919068789139
1347423,0.3546919068789139
1347429,0.3546919068789139
1347431,0.3546919068789139
1347433,0.3546919068789139
1347434,0.41757597389353457
1347435,0.3546919068789139
1347437,0.3546919068789139
1347440,0.41757597389353457
1347441,0.41757597389353457
1347443,0.41757597389353457
1347447,0.5369732980689106
1347448,0.41757597389353457
1347449,0.3546919068789139
1347451,0.3546919068789139
1347452,0.5369732980689106
1347453,0.5369732980689106
1347455,0.3546919068789139
1347457,0.41757597389353457
1347458,0.3546919068789139
1347460,0.3546919068789139
1347461,0.41757597389353457
1347462,0.3546919068789139
1347463,0.3546919068789139
1347464,0.41757597389353457
1347465,0.3546919068789139
1347466,0.3546919068789139
1347469,0.41757597389353457
1347472,0.3546919068789139
1347473,0.5369732980689106
1347474,0.3546919068789139
1347484,0.3546919068789139
1347485,0.5369732980689106
1347486,0.41757597389353457
1347487,0.3546919068789139
1347489,0.41757597389353457
1347490,0.3546919068789139
1347492,0.3546919068789139
1347493,0.5369732980689106
1347494,0.3546919068789139
1347498,0.3546919068789139
1347499,0.3546919068789139
1347500,0.41757597389353457
1347504,0.41757597389353457
1347506,0.3546919068789139
1347507,0.3546919068789139
1347509,0.5369732980689106
1347510,0.41757597389353457
1347512,0.41757597389353457
1347514,0.41757597389353457
1347515,0.41757597389353457
1347517,0.5369732980689106
1347518,0.41757597389353457
1347519,0.3546919068789139
1347521,0.41757597389353457
1347523,0.41757597389353457
1347527,0.41757597389353457
1347528,0.3546919068789139
1347529,0.3546919068789139
1347530,0.3546919068789139
1347531,0.3546919068789139
1347533,0.3546919068789139
1347534,0.5369732980689106
1347535,0.3546919068789139
1347536,0.41757597389353457
1347537,0.5369732980689106
1347538,0.3546919068789139
1347539,0.3546919068789139
1347541,0.5369732980689106
1347543,0.3546919068789139
1347544,0.3546919068789139
1347547,0.3546919068789139
1347548,0.41757597389353457
1347549,0.3546919068789139
1347550,0.41757597389353457
1347551,0.3546919068789139
1347552,0.41757597389353457
1347553,0.41757597389353457
1347554,0.5369732980689106
1347555,0.3546919068789139
1347556,0.3546919068789139
1347558,0.3546919068789139
1347559,0.5369732980689106
1347560,0.3546919068789139
1347562,0.5369732980689106
1347563,0.3546919068789139
1347564,0.3546919068789139
1347566,0.3546919068789139
1347567,0.3546919068789139
1347568,0.3546919068789139
1347570,0.3546919068789139
1347573,0.3546919068789139
1347574,0.3546919068789139
1347576,0.5369732980689106
1347577,0.3546919068789139
1347578,0.41757597389353457
1347579,0.5369732980689106
1347580,0.5369732980689106
1347581,0.3546919068789139
1347582,0.3546919068789139
1347583,0.41757597389353457
1347585,0.3546919068789139
1347587,0.3546919068789139
1347588,0.5369732980689106
1347589,0.3546919068789139
1347590,0.5369732980689106
1347591,0.5369732980689106
1347592,0.41757597389353457
1347594,0.3546919068789139
1347595,0.3546919068789139
1347596,0.5369732980689106
1347597,0.5369732980689106
1347598,0.5369732980689106
1347599,0.3546919068789139
1347600,0.3546919068789139
1347601,0.5369732980689106
1347602,0.3546919068789139
1347603,0.41757597389353457
1347605,0.3546919068789139
1347606,0.41757597389353457
1347608,0.41757597389353457
1347609,0.3546919068789139
1347610,0.3546919068789139
1347614,0.3546919068789139
1347615,0.5369732980689106
1347617,0.3546919068789139
1347618,0.3546919068789139
1347619,0.41757597389353457
1347621,0.5369732980689106
1347623,0.3546919068789139
1347626,0.5369732980689106
1347629,0.41757597389353457
1347630,0.3546919068789139
1347632,0.3546919068789139
1347633,0.41757597389353457
1347634,0.5369732980689106
1347636,0.3546919068789139
1347637,0.5369732980689106
1347640,0.41757597389353457
1347641,0.41757597389353457
1347642,0.3546919068789139
1347643,0.41757597389353457
1347644,0.41757597389353457
1347645,0.41757597389353457
1347646,0.3546919068789139
1347650,0.3546919068789139
1347651,0.5369732980689106
1347653,0.5369732980689106
1347654,0.3546919068789139
1347656,0.3546919068789139
1347657,0.3546919068789139
1347658,0.3546919068789139
1347659,0.5369732980689106
1347660,0.3546919068789139
1347662,0.5369732980689106
1347663,0.3546919068789139
1347664,0.41757597389353457
1347666,0.3546919068789139
1347669,0.41757597389353457
1347671,0.41757597389353457
1347672,0.3546919068789139
1347673,0.41757597389353457
1347675,0.41757597389353457
1347676,0.41757597389353457
1347677,0.41757597389353457
1347679,0.3546919068789139
1347681,0.5369732980689106
1347682,0.3546919068789139
1347683,0.3546919068789139
1347684,0.41757597389353457
1347686,0.41757597389353457
1347687,0.41757597389353457
1347692,0.3546919068789139
1347693,0.41757597389353457
1347694,0.3546919068789139
1347695,0.41757597389353457
1347696,0.41757597389353457
1347697,0.41757597389353457
1347698,0.41757597389353457
1347699,0.3546919068789139
1347701,0.3546919068789139
1347703,0.3546919068789139
1347704,0.3546919068789139
1347706,0.41757597389353457
1347707,0.3546919068789139
1347708,0.3546919068789139
1347710,0.3546919068789139
1347711,0.41757597389353457
1347713,0.5369732980689106
1347714,0.41757597389353457
1347716,0.3546919068789139
1347717,0.41757597389353457
1347718,0.3546919068789139
1347719,0.41757597389353457
1347720,0.3546919068789139
1347721,0.5369732980689106
1347722,0.5369732980689106
1347727,0.41757597389353457
1347728,0.3546919068789139
1347729,0.5369732980689106
1347730,0.41757597389353457
1347731,0.3546919068789139
1347732,0.41757597389353457
1347733,0.41757597389353457
1347735,0.3546919068789139
1347736,0.41757597389353457
1347737,0.3546919068789139
1347738,0.3546919068789139
1347740,0.5369732980689106
1347741,0.41757597389353457
1347742,0.41757597389353457
1347743,0.41757597389353457
1347744,0.5369732980689106
1347745,0.5369732980689106
1347746,0.41757597389353457
1347747,0.41757597389353457
1347748,0.41757597389353457
1347749,0.5369732980689106
1347750,0.5369732980689106
1347751,0.41757597389353457
1347752,0.41757597389353457
1347753,0.41757597389353457
1347755,0.3546919068789139
1347756,0.3546919068789139
1347757,0.5369732980689106
1347758,0.41757597389353457
1347759,0.3546919068789139
1347761,0.41757597389353457
1347764,0.41757597389353457
1347766,0.3546919068789139
1347767,0.3546919068789139
1347768,0.3546919068789139
1347769,0.3546919068789139
1347770,0.3546919068789139
1347771,0.5369732980689106
1347776,0.3546919068789139
1347777,0.41757597389353457
1347778,0.3546919068789139
1347779,0.3546919068789139
1347780,0.3546919068789139
1347781,0.41757597389353457
1347782,0.41757597389353457
1347784,0.3546919068789139
1347785,0.5369732980689106
1347786,0.5369732980689106
1347788,0.3546919068789139
1347790,0.3546919068789139
1347791,0.41757597389353457
1347792,0.41757597389353457
1347794,0.3546919068789139
1347795,0.41757597389353457
1347796,0.3546919068789139
1347797,0.3546919068789139
1347798,0.41757597389353457
1347799,0.3546919068789139
1347800,0.41757597389353457
1347801,0.5369732980689106
1347802,0.41757597389353457
1347803,0.41757597389353457
1347804,0.41757597389353457
1347807,0.3546919068789139
1347809,0.3546919068789139
1347810,0.3546919068789139
1347814,0.3546919068789139
1347815,0.3546919068789139
1347816,0.5369732980689106
1347817,0.41757597389353457
1347818,0.41757597389353457
1347819,0.3546919068789139
1347820,0.3546919068789139
1347822,0.3546919068789139
1347823,0.41757597389353457
1347824,0.3546919068789139
1347828,0.3546919068789139
1347830,0.3546919068789139
1347831,0.3546919068789139
1347832,0.41757597389353457
1347834,0.3546919068789139
1347835,0.3546919068789139
1347836,0.3546919068789139
1347837,0.3546919068789139
1347838,0.41757597389353457
1347840,0.41757597389353457
1347841,0.41757597389353457
1347843,0.3546919068789139
1347844,0.41757597389353457
1347846,0.5369732980689106
1347847,0.3546919068789139
1347850,0.3546919068789139
1347851,0.3546919068789139
1347852,0.3546919068789139
1347853,0.3546919068789139
1347855,0.3546919068789139
1347856,0.41757597389353457
1347857,0.41757597389353457
1347858,0.41757597389353457
1347861,0.5369732980689106
1347862,0.5369732980689106
1347864,0.3546919068789139
1347865,0.3546919068789139
1347866,0.5369732980689106
1347867,0.3546919068789139
1347868,0.41757597389353457
1347869,0.41757597389353457
1347870,0.3546919068789139
1347875,0.41757597389353457
1347876,0.3546919068789139
1347877,0.41757597389353457
1347878,0.3546919068789139
1347880,0.41757597389353457
1347882,0.3546919068789139
1347883,0.41757597389353457
1347884,0.41757597389353457
1347885,0.41757597389353457
1347886,0.41757597389353457
1347887,0.3546919068789139
1347888,0.3546919068789139
1347889,0.5369732980689106
1347890,0.3546919068789139
1347891,0.41757597389353457
1347894,0.41757597389353457
1347895,0.41757597389353457
1347896,0.3546919068789139
1347898,0.41757597389353457
1347901,0.5369732980689106
1347902,0.41757597389353457
1347903,0.3546919068789139
1347904,0.3546919068789139
1347905,0.5369732980689106
1347906,0.41757597389353457
1347907,0.3546919068789139
1347910,0.3546919068789139
1347911,0.3546919068789139
1347913,0.3546919068789139
1347914,0.41757597389353457
1347915,0.3546919068789139
1347916,0.3546919068789139
1347917,0.41757597389353457
1347918,0.41757597389353457
1347919,0.3546919068789139
1347921,0.3546919068789139
1347922,0.41757597389353457
1347924,0.3546919068789139
1347926,0.3546919068789139
1347927,0.3546919068789139
1347930,0.5369732980689106
1347931,0.41757597389353457
1347932,0.3546919068789139
1347933,0.3546919068789139
1347936,0.3546919068789139
1347939,0.3546919068789139
1347940,0.41757597389353457
1347941,0.3546919068789139
1347944,0.3546919068789139
1347945,0.3546919068789139
1347946,0.41757597389353457
1347947,0.3546919068789139
1347948,0.3546919068789139
1347952,0.41757597389353457
1347953,0.41757597389353457
1347954,0.3546919068789139
1347955,0.5369732980689106
1347956,0.3546919068789139
1347957,0.3546919068789139
1347959,0.3546919068789139
1347960,0.5369732980689106
1347961,0.3546919068789139
1347962,0.3546919068789139
1347963,0.3546919068789139
1347964,0.3546919068789139
1347965,0.41757597389353457
1347966,0.41757597389353457
1347967,0.5369732980689106
1347968,0.3546919068789139
1347969,0.3546919068789139
1347970,0.3546919068789139
1347971,0.3546919068789139
1347973,0.3546919068789139
1347974,0.3546919068789139
1347975,0.3546919068789139
1347976,0.3546919068789139
1347978,0.5369732980689106
1347980,0.3546919068789139
1347982,0.41757597389353457
1347983,0.5369732980689106
1347985,0.3546919068789139
1347986,0.3546919068789139
1347987,0.5369732980689106
1347988,0.41757597389353457
1347990,0.3546919068789139
1347991,0.5369732980689106
1347992,0.3546919068789139
1347993,0.3546919068789139
1347994,0.3546919068789139
1347996,0.3546919068789139
1347997,0.3546919068789139
1347998,0.3546919068789139
1347999,0.3546919068789139
1348000,0.41757597389353457
1348001,0.41757597389353457
1348002,0.3546919068789139
1348003,0.41757597389353457
1348004,0.3546919068789139
1348005,0.5369732980689106
1348007,0.41757597389353457
1348008,0.41757597389353457
1348009,0.3546919068789139
1348011,0.3546919068789139
1348012,0.41757597389353457
1348013,0.3546919068789139
1348014,0.41757597389353457
1348015,0.5369732980689106
1348017,0.41757597389353457
1348018,0.41757597389353457
1348019,0.3546919068789139
1348020,0.41757597389353457
1348021,0.41757597389353457
1348023,0.41757597389353457
1348025,0.3546919068789139
1348026,0.41757597389353457
1348028,0.41757597389353457
1348031,0.41757597389353457
1348032,0.3546919068789139
1348033,0.5369732980689106
1348035,0.3546919068789139
1348037,0.3546919068789139
1348039,0.41757597389353457
1348040,0.3546919068789139
1348041,0.3546919068789139
1348042,0.41757597389353457
1348044,0.41757597389353457
1348045,0.3546919068789139
1348046,0.41757597389353457
1348047,0.3546919068789139
1348048,0.41757597389353457
1348049,0.3546919068789139
1348050,0.5369732980689106
1348051,0.3546919068789139
1348052,0.3546919068789139
1348057,0.5369732980689106
1348058,0.41757597389353457
1348059,0.3546919068789139
1348060,0.3546919068789139
1348061,0.41757597389353457
1348062,0.41757597389353457
1348063,0.3546919068789139
1348064,0.5369732980689106
1348067,0.3546919068789139
1348068,0.3546919068789139
1348069,0.3546919068789139
1348070,0.3546919068789139
1348071,0.3546919068789139
1348073,0.3546919068789139
1348074,0.3546919068789139
1348075,0.41757597389353457
1348076,0.3546919068789139
1348080,0.3546919068789139
1348081,0.3546919068789139
1348082,0.3546919068789139
1348086,0.3546919068789139
1348087,0.3546919068789139
1348088,0.3546919068789139
1348089,0.5369732980689106
1348090,0.41757597389353457
1348091,0.41757597389353457
1348093,0.3546919068789139
1348094,0.5369732980689106
1348095,0.5369732980689106
1348096,0.3546919068789139
1348098,0.5369732980689106
1348099,0.3546919068789139
1348102,0.41757597389353457
1348104,0.41757597389353457
1348105,0.41757597389353457
1348106,0.3546919068789139
1348107,0.41757597389353457
1348108,0.41757597389353457
1348109,0.41757597389353457
1348110,0.41757597389353457
1348111,0.41757597389353457
1348112,0.3546919068789139
1348113,0.3546919068789139
1348114,0.3546919068789139
1348115,0.3546919068789139
1348116,0.5369732980689106
1348117,0.41757597389353457
1348118,0.41757597389353457
1348119,0.3546919068789139
1348120,0.3546919068789139
1348122,0.41757597389353457
1348123,0.41757597389353457
1348124,0.41757597389353457
1348125,0.3546919068789139
1348126,0.41757597389353457
1348127,0.3546919068789139
1348128,0.3546919068789139
1348129,0.3546919068789139
1348130,0.41757597389353457
1348131,0.3546919068789139
1348133,0.3546919068789139
1348134,0.3546919068789139
1348135,0.3546919068789139
1348137,0.5369732980689106
1348139,0.3546919068789139
1348141,0.3546919068789139
1348145,0.41757597389353457
1348146,0.3546919068789139
1348148,0.3546919068789139
1348151,0.41757597389353457
1348152,0.41757597389353457
1348153,0.3546919068789139
1348154,0.41757597389353457
1348155,0.3546919068789139
1348156,0.41757597389353457
1348157,0.5369732980689106
1348158,0.3546919068789139
1348159,0.3546919068789139
1348160,0.41757597389353457
1348161,0.41757597389353457
1348164,0.3546919068789139
1348165,0.5369732980689106
1348166,0.41757597389353457
1348167,0.41757597389353457
1348170,0.41757597389353457
1348171,0.41757597389353457
1348172,0.3546919068789139
1348174,0.41757597389353457
1348175,0.41757597389353457
1348177,0.41757597389353457
1348180,0.41757597389353457
1348181,0.3546919068789139
1348182,0.3546919068789139
1348183,0.3546919068789139
1348185,0.5369732980689106
1348187,0.3546919068789139
1348190,0.41757597389353457
1348192,0.3546919068789139
1348194,0.41757597389353457
1348195,0.3546919068789139
1348196,0.3546919068789139
1348197,0.3546919068789139
1348198,0.3546919068789139
1348199,0.41757597389353457
1348201,0.3546919068789139
1348202,0.5369732980689106
1348203,0.3546919068789139
1348204,0.41757597389353457
1348206,0.41757597389353457
1348207,0.41757597389353457
1348208,0.5369732980689106
1348210,0.3546919068789139
1348211,0.3546919068789139
1348212,0.5369732980689106
1348214,0.3546919068789139
1348215,0.41757597389353457
1348217,0.3546919068789139
1348219,0.41757597389353457
1348220,0.3546919068789139
1348222,0.3546919068789139
1348223,0.3546919068789139
1348224,0.41757597389353457
1348225,0.3546919068789139
1348226,0.41757597389353457
1348227,0.3546919068789139
1348228,0.41757597389353457
1348231,0.41757597389353457
1348232,0.3546919068789139
1348233,0.3546919068789139
1348234,0.41757597389353457
1348237,0.3546919068789139
1348238,0.3546919068789139
1348239,0.41757597389353457
1348240,0.3546919068789139
1348241,0.41757597389353457
1348242,0.41757597389353457
1348243,0.5369732980689106
1348245,0.3546919068789139
1348246,0.3546919068789139
1348247,0.3546919068789139
1348248,0.3546919068789139
1348249,0.41757597389353457
1348250,0.41757597389353457
1348251,0.3546919068789139
1348252,0.3546919068789139
1348253,0.41757597389353457
1348254,0.3546919068789139
1348258,0.41757597389353457
1348259,0.3546919068789139
1348260,0.3546919068789139
1348262,0.41757597389353457
1348263,0.5369732980689106
1348264,0.3546919068789139
1348266,0.41757597389353457
1348267,0.41757597389353457
1348269,0.3546919068789139
1348270,0.5369732980689106
1348271,0.3546919068789139
1348272,0.3546919068789139
1348273,0.41757597389353457
1348276,0.3546919068789139
1348277,0.41757597389353457
1348278,0.3546919068789139
1348279,0.3546919068789139
1348280,0.41757597389353457
1348281,0.3546919068789139
1348282,0.41757597389353457
1348283,0.5369732980689106
1348284,0.3546919068789139
1348288,0.41757597389353457
1348289,0.5369732980689106
1348290,0.3546919068789139
1348292,0.3546919068789139
1348293,0.41757597389353457
1348294,0.41757597389353457
1348296,0.41757597389353457
1348297,0.41757597389353457
1348298,0.3546919068789139
1348299,0.3546919068789139
1348300,0.41757597389353457
1348301,0.3546919068789139
1348302,0.3546919068789139
1348303,0.5369732980689106
1348305,0.3546919068789139
1348308,0.5369732980689106
1348309,0.5369732980689106
1348310,0.41757597389353457
1348313,0.5369732980689106
1348315,0.3546919068789139
1348316,0.3546919068789139
1348317,0.3546919068789139
1348318,0.41757597389353457
1348320,0.3546919068789139
1348321,0.5369732980689106
1348323,0.5369732980689106
1348325,0.3546919068789139
1348326,0.5369732980689106
1348327,0.3546919068789139
1348328,0.41757597389353457
1348329,0.3546919068789139
1348331,0.3546919068789139
1348333,0.41757597389353457
1348334,0.41757597389353457
1348335,0.41757597389353457
1348336,0.3546919068789139
1348338,0.3546919068789139
1348340,0.41757597389353457
1348341,0.41757597389353457
1348343,0.3546919068789139
1348344,0.5369732980689106
1348345,0.3546919068789139
1348346,0.3546919068789139
1348347,0.3546919068789139
1348348,0.3546919068789139
1348349,0.3546919068789139
1348350,0.3546919068789139
1348351,0.3546919068789139
1348353,0.3546919068789139
1348354,0.3546919068789139
1348356,0.3546919068789139
1348357,0.41757597389353457
1348358,0.3546919068789139
1348359,0.3546919068789139
1348360,0.3546919068789139
1348362,0.3546919068789139
1348363,0.41757597389353457
1348366,0.3546919068789139
1348367,0.41757597389353457
1348368,0.3546919068789139
1348369,0.41757597389353457
1348371,0.3546919068789139
1348372,0.3546919068789139
1348373,0.41757597389353457
1348374,0.3546919068789139
1348376,0.3546919068789139
1348377,0.3546919068789139
1348380,0.5369732980689106
1348381,0.3546919068789139
1348382,0.3546919068789139
1348383,0.5369732980689106
1348384,0.3546919068789139
1348385,0.3546919068789139
1348387,0.3546919068789139
1348388,0.3546919068789139
1348389,0.41757597389353457
1348390,0.41757597389353457
1348391,0.3546919068789139
1348392,0.3546919068789139
1348393,0.5369732980689106
1348394,0.3546919068789139
1348395,0.3546919068789139
1348399,0.3546919068789139
1348400,0.41757597389353457
1348401,0.41757597389353457
1348402,0.5369732980689106
1348403,0.3546919068789139
1348404,0.41757597389353457
1348406,0.41757597389353457
1348407,0.41757597389353457
1348408,0.41757597389353457
1348409,0.3546919068789139
1348410,0.41757597389353457
1348411,0.5369732980689106
1348412,0.41757597389353457
1348413,0.3546919068789139
1348415,0.3546919068789139
1348417,0.3546919068789139
1348418,0.3546919068789139
1348422,0.3546919068789139
1348425,0.3546919068789139
1348427,0.5369732980689106
1348429,0.41757597389353457
1348430,0.5369732980689106
1348431,0.3546919068789139
1348436,0.5369732980689106
1348437,0.3546919068789139
1348438,0.41757597389353457
1348439,0.5369732980689106
1348441,0.41757597389353457
1348442,0.3546919068789139
1348443,0.41757597389353457
1348445,0.3546919068789139
1348446,0.41757597389353457
1348449,0.3546919068789139
1348452,0.5369732980689106
1348454,0.5369732980689106
1348455,0.3546919068789139
1348457,0.3546919068789139
1348460,0.3546919068789139
1348461,0.3546919068789139
1348462,0.3546919068789139
1348464,0.3546919068789139
1348465,0.5369732980689106
1348466,0.41757597389353457
1348467,0.41757597389353457
1348468,0.3546919068789139
1348469,0.41757597389353457
1348472,0.41757597389353457
1348477,0.3546919068789139
1348478,0.41757597389353457
1348479,0.5369732980689106
1348480,0.3546919068789139
1348481,0.5369732980689106
1348482,0.5369732980689106
1348483,0.3546919068789139
1348485,0.3546919068789139
1348486,0.41757597389353457
1348487,0.3546919068789139
1348488,0.3546919068789139
1348489,0.5369732980689106
1348492,0.3546919068789139
1348493,0.41757597389353457
1348494,0.41757597389353457
1348495,0.5369732980689106
1348497,0.3546919068789139
1348499,0.3546919068789139
1348500,0.3546919068789139
1348502,0.41757597389353457
1348506,0.3546919068789139
1348507,0.3546919068789139
1348508,0.3546919068789139
1348510,0.3546919068789139
1348511,0.41757597389353457
1348513,0.3546919068789139
1348514,0.41757597389353457
1348515,0.3546919068789139
1348516,0.3546919068789139
1348517,0.41757597389353457
1348518,0.3546919068789139
1348519,0.5369732980689106
1348521,0.41757597389353457
1348522,0.5369732980689106
1348524,0.5369732980689106
1348525,0.3546919068789139
1348526,0.41757597389353457
1348527,0.41757597389353457
1348528,0.5369732980689106
1348529,0.41757597389353457
1348530,0.5369732980689106
1348531,0.41757597389353457
1348532,0.5369732980689106
1348533,0.5369732980689106
1348537,0.41757597389353457
1348538,0.3546919068789139
1348542,0.5369732980689106
1348543,0.3546919068789139
1348544,0.3546919068789139
1348545,0.41757597389353457
1348547,0.3546919068789139
1348548,0.3546919068789139
1348549,0.3546919068789139
1348553,0.3546919068789139
1348554,0.3546919068789139
1348555,0.41757597389353457
1348556,0.5369732980689106
1348557,0.3546919068789139
1348559,0.3546919068789139
1348560,0.41757597389353457
1348561,0.41757597389353457
1348562,0.3546919068789139
1348563,0.3546919068789139
1348565,0.3546919068789139
1348566,0.41757597389353457
1348567,0.3546919068789139
1348568,0.3546919068789139
1348569,0.3546919068789139
1348571,0.3546919068789139
1348572,0.3546919068789139
1348573,0.3546919068789139
1348574,0.3546919068789139
1348575,0.5369732980689106
1348576,0.41757597389353457
1348577,0.3546919068789139
1348578,0.41757597389353457
1348579,0.41757597389353457
1348580,0.41757597389353457
1348583,0.3546919068789139
1348584,0.3546919068789139
1348585,0.41757597389353457
1348586,0.41757597389353457
1348587,0.5369732980689106
1348589,0.41757597389353457
1348590,0.3546919068789139
1348591,0.41757597389353457
1348592,0.3546919068789139
1348593,0.3546919068789139
1348594,0.3546919068789139
1348595,0.3546919068789139
1348596,0.3546919068789139
1348599,0.41757597389353457
1348600,0.41757597389353457
1348601,0.41757597389353457
1348602,0.3546919068789139
1348603,0.3546919068789139
1348605,0.5369732980689106
1348606,0.41757597389353457
1348608,0.3546919068789139
1348609,0.3546919068789139
1348610,0.3546919068789139
1348611,0.3546919068789139
1348612,0.41757597389353457
1348613,0.41757597389353457
1348614,0.41757597389353457
1348615,0.41757597389353457
1348616,0.41757597389353457
1348618,0.3546919068789139
1348623,0.3546919068789139
1348625,0.3546919068789139
1348627,0.41757597389353457
1348631,0.5369732980689106
1348632,0.3546919068789139
1348634,0.3546919068789139
1348635,0.41757597389353457
1348636,0.3546919068789139
1348637,0.5369732980689106
1348640,0.3546919068789139
1348644,0.5369732980689106
1348645,0.5369732980689106
1348648,0.3546919068789139
1348649,0.5369732980689106
1348652,0.3546919068789139
1348653,0.41757597389353457
1348654,0.41757597389353457
1348657,0.5369732980689106
1348658,0.41757597389353457
1348659,0.3546919068789139
1348660,0.3546919068789139
1348663,0.3546919068789139
1348664,0.3546919068789139
1348665,0.3546919068789139
1348666,0.5369732980689106
1348667,0.3546919068789139
1348668,0.3546919068789139
1348669,0.3546919068789139
1348670,0.3546919068789139
1348671,0.3546919068789139
1348672,0.3546919068789139
1348677,0.5369732980689106
1348678,0.3546919068789139
1348680,0.3546919068789139
1348681,0.3546919068789139
1348682,0.3546919068789139
1348686,0.3546919068789139
1348687,0.41757597389353457
1348689,0.41757597389353457
1348690,0.41757597389353457
1348691,0.3546919068789139
1348695,0.3546919068789139
1348696,0.3546919068789139
1348697,0.3546919068789139
1348698,0.41757597389353457
1348699,0.3546919068789139
1348700,0.3546919068789139
1348701,0.3546919068789139
1348702,0.3546919068789139
1348703,0.5369732980689106
1348704,0.3546919068789139
1348705,0.3546919068789139
1348707,0.41757597389353457
1348708,0.41757597389353457
1348709,0.41757597389353457
1348711,0.41757597389353457
1348712,0.3546919068789139
1348713,0.3546919068789139
1348718,0.41757597389353457
1348721,0.3546919068789139
1348724,0.3546919068789139
1348725,0.3546919068789139
1348726,0.3546919068789139
1348728,0.5369732980689106
1348729,0.41757597389353457
1348732,0.3546919068789139
1348733,0.3546919068789139
1348735,0.41757597389353457
1348736,0.5369732980689106
1348737,0.41757597389353457
1348738,0.3546919068789139
1348739,0.41757597389353457
1348740,0.3546919068789139
1348741,0.41757597389353457
1348742,0.3546919068789139
1348743,0.41757597389353457
1348744,0.5369732980689106
1348745,0.3546919068789139
1348746,0.3546919068789139
1348748,0.41757597389353457
1348749,0.41757597389353457
1348750,0.41757597389353457
1348751,0.3546919068789139
1348754,0.5369732980689106
1348757,0.3546919068789139
1348758,0.3546919068789139
1348759,0.3546919068789139
1348760,0.3546919068789139
1348762,0.41757597389353457
1348766,0.3546919068789139
1348768,0.3546919068789139
1348769,0.3546919068789139
1348771,0.5369732980689106
1348772,0.41757597389353457
1348773,0.3546919068789139
1348774,0.3546919068789139
1348775,0.3546919068789139
1348776,0.3546919068789139
1348778,0.41757597389353457
1348779,0.5369732980689106
1348780,0.3546919068789139
1348781,0.41757597389353457
1348782,0.5369732980689106
1348785,0.41757597389353457
1348788,0.41757597389353457
1348789,0.3546919068789139
1348790,0.3546919068789139
1348792,0.3546919068789139
1348794,0.5369732980689106
1348796,0.3546919068789139
1348797,0.3546919068789139
1348798,0.3546919068789139
1348799,0.3546919068789139
1348800,0.3546919068789139
1348801,0.3546919068789139
1348802,0.3546919068789139
1348803,0.41757597389353457
1348804,0.3546919068789139
1348806,0.3546919068789139
1348807,0.41757597389353457
1348809,0.5369732980689106
1348810,0.3546919068789139
1348811,0.41757597389353457
1348812,0.3546919068789139
1348813,0.5369732980689106
1348815,0.41757597389353457
1348817,0.41757597389353457
1348818,0.41757597389353457
1348819,0.3546919068789139
1348821,0.41757597389353457
1348822,0.5369732980689106
1348823,0.3546919068789139
1348827,0.3546919068789139
1348829,0.3546919068789139
1348830,0.41757597389353457
1348831,0.3546919068789139
1348834,0.3546919068789139
1348835,0.3546919068789139
1348836,0.41757597389353457
1348837,0.5369732980689106
1348840,0.3546919068789139
1348841,0.3546919068789139
1348843,0.41757597389353457
1348844,0.3546919068789139
1348845,0.3546919068789139
1348847,0.41757597389353457
1348848,0.3546919068789139
1348849,0.3546919068789139
1348850,0.41757597389353457
1348852,0.41757597389353457
1348853,0.41757597389353457
1348855,0.5369732980689106
1348856,0.3546919068789139
1348857,0.3546919068789139
1348858,0.41757597389353457
1348859,0.41757597389353457
1348860,0.3546919068789139
1348865,0.41757597389353457
1348866,0.3546919068789139
1348867,0.3546919068789139
1348869,0.3546919068789139
1348870,0.5369732980689106
1348871,0.41757597389353457
1348872,0.41757597389353457
1348873,0.41757597389353457
1348874,0.5369732980689106
1348876,0.3546919068789139
1348878,0.3546919068789139
1348879,0.41757597389353457
1348880,0.3546919068789139
1348882,0.5369732980689106
1348883,0.3546919068789139
1348884,0.5369732980689106
1348885,0.3546919068789139
1348886,0.3546919068789139
1348888,0.3546919068789139
1348892,0.41757597389353457
1348893,0.41757597389353457
1348896,0.41757597389353457
1348897,0.3546919068789139
1348899,0.41757597389353457
1348901,0.3546919068789139
1348902,0.41757597389353457
1348903,0.3546919068789139
1348904,0.5369732980689106
1348905,0.3546919068789139
1348907,0.41757597389353457
1348908,0.41757597389353457
1348910,0.5369732980689106
1348911,0.41757597389353457
1348913,0.41757597389353457
1348916,0.3546919068789139
1348917,0.41757597389353457
1348919,0.3546919068789139
1348920,0.5369732980689106
1348921,0.3546919068789139
1348922,0.5369732980689106
1348924,0.3546919068789139
1348925,0.3546919068789139
1348926,0.3546919068789139
1348928,0.3546919068789139
1348929,0.3546919068789139
1348930,0.41757597389353457
1348935,0.3546919068789139
1348936,0.41757597389353457
1348937,0.5369732980689106
1348938,0.41757597389353457
1348939,0.3546919068789139
1348940,0.41757597389353457
1348941,0.41757597389353457
1348943,0.3546919068789139
1348944,0.3546919068789139
1348945,0.41757597389353457
1348946,0.3546919068789139
1348947,0.5369732980689106
1348949,0.41757597389353457
1348952,0.41757597389353457
1348953,0.3546919068789139
1348954,0.3546919068789139
1348956,0.3546919068789139
1348958,0.3546919068789139
1348959,0.41757597389353457
1348960,0.41757597389353457
1348961,0.5369732980689106
1348962,0.41757597389353457
1348963,0.3546919068789139
1348964,0.41757597389353457
1348965,0.3546919068789139
1348967,0.3546919068789139
1348968,0.3546919068789139
1348969,0.41757597389353457
1348970,0.3546919068789139
1348971,0.5369732980689106
1348973,0.41757597389353457
1348974,0.41757597389353457
1348975,0.5369732980689106
1348976,0.41757597389353457
1348979,0.3546919068789139
1348981,0.3546919068789139
1348982,0.41757597389353457
1348983,0.41757597389353457
1348986,0.41757597389353457
1348987,0.5369732980689106
1348988,0.3546919068789139
1348989,0.3546919068789139
1348990,0.5369732980689106
1348991,0.3546919068789139
1348992,0.3546919068789139
1348993,0.41757597389353457
1348994,0.41757597389353457
1348996,0.41757597389353457
1348998,0.3546919068789139
1348999,0.41757597389353457
1349000,0.3546919068789139
1349001,0.3546919068789139
1349005,0.5369732980689106
1349007,0.41757597389353457
1349008,0.41757597389353457
1349009,0.5369732980689106
1349011,0.41757597389353457
1349012,0.41757597389353457
1349013,0.3546919068789139
1349016,0.41757597389353457
1349017,0.41757597389353457
1349018,0.3546919068789139
1349019,0.41757597389353457
1349020,0.41757597389353457
1349022,0.41757597389353457
1349023,0.41757597389353457
1349024,0.41757597389353457
1349026,0.3546919068789139
1349029,0.41757597389353457
1349030,0.41757597389353457
1349031,0.5369732980689106
1349033,0.3546919068789139
1349034,0.41757597389353457
1349035,0.3546919068789139
1349036,0.3546919068789139
1349037,0.41757597389353457
1349038,0.3546919068789139
1349039,0.41757597389353457
1349040,0.3546919068789139
1349041,0.41757597389353457
1349042,0.3546919068789139
1349043,0.3546919068789139
1349044,0.41757597389353457
1349045,0.3546919068789139
1349046,0.41757597389353457
1349048,0.3546919068789139
1349051,0.3546919068789139
1349053,0.41757597389353457
1349054,0.3546919068789139
1349055,0.41757597389353457
1349060,0.3546919068789139
1349062,0.3546919068789139
1349063,0.5369732980689106
1349064,0.3546919068789139
1349069,0.3546919068789139
1349070,0.3546919068789139
1349071,0.41757597389353457
1349075,0.41757597389353457
1349077,0.3546919068789139
1349078,0.41757597389353457
1349079,0.3546919068789139
1349080,0.3546919068789139
1349081,0.41757597389353457
1349082,0.3546919068789139
1349083,0.3546919068789139
1349086,0.3546919068789139
1349087,0.41757597389353457
1349088,0.41757597389353457
1349091,0.41757597389353457
1349092,0.3546919068789139
1349094,0.3546919068789139
1349095,0.3546919068789139
1349098,0.41757597389353457
1349099,0.3546919068789139
1349101,0.41757597389353457
1349102,0.3546919068789139
1349104,0.41757597389353457
1349105,0.41757597389353457
1349106,0.3546919068789139
1349107,0.3546919068789139
1349108,0.3546919068789139
1349109,0.3546919068789139
1349110,0.3546919068789139
1349111,0.3546919068789139
1349114,0.3546919068789139
1349115,0.3546919068789139
1349116,0.3546919068789139
1349118,0.5369732980689106
1349119,0.41757597389353457
1349122,0.3546919068789139
1349123,0.3546919068789139
1349124,0.41757597389353457
1349125,0.3546919068789139
1349127,0.3546919068789139
1349129,0.41757597389353457
1349131,0.3546919068789139
1349132,0.41757597389353457
1349133,0.3546919068789139
1349134,0.3546919068789139
1349138,0.41757597389353457
1349139,0.3546919068789139
1349140,0.3546919068789139
1349141,0.3546919068789139
1349142,0.3546919068789139
1349143,0.3546919068789139
1349144,0.3546919068789139
1349145,0.41757597389353457
1349149,0.3546919068789139
1349150,0.3546919068789139
1349151,0.3546919068789139
1349152,0.41757597389353457
1349153,0.3546919068789139
1349154,0.41757597389353457
1349155,0.5369732980689106
1349156,0.5369732980689106
1349158,0.41757597389353457
1349159,0.5369732980689106
1349161,0.41757597389353457
1349162,0.3546919068789139
1349163,0.3546919068789139
1349164,0.3546919068789139
1349165,0.3546919068789139
1349166,0.3546919068789139
1349167,0.41757597389353457
1349168,0.41757597389353457
1349170,0.41757597389353457
1349171,0.41757597389353457
1349172,0.41757597389353457
1349175,0.3546919068789139
1349176,0.3546919068789139
1349178,0.41757597389353457
1349179,0.41757597389353457
1349180,0.41757597389353457
1349181,0.3546919068789139
1349182,0.3546919068789139
1349184,0.3546919068789139
1349185,0.3546919068789139
1349188,0.5369732980689106
1349190,0.5369732980689106
1349191,0.41757597389353457
1349194,0.3546919068789139
1349195,0.5369732980689106
1349197,0.3546919068789139
1349198,0.3546919068789139
1349199,0.41757597389353457
1349200,0.3546919068789139
1349201,0.3546919068789139
1349202,0.41757597389353457
1349203,0.41757597389353457
1349204,0.3546919068789139
1349206,0.3546919068789139
1349207,0.3546919068789139
1349209,0.5369732980689106
1349210,0.41757597389353457
1349211,0.5369732980689106
1349212,0.3546919068789139
1349213,0.41757597389353457
1349214,0.3546919068789139
1349215,0.41757597389353457
1349217,0.41757597389353457
1349218,0.3546919068789139
1349220,0.3546919068789139
1349221,0.3546919068789139
1349223,0.5369732980689106
1349224,0.3546919068789139
1349225,0.3546919068789139
1349226,0.41757597389353457
1349227,0.3546919068789139
1349230,0.41757597389353457
1349231,0.41757597389353457
1349233,0.5369732980689106
1349234,0.5369732980689106
1349235,0.41757597389353457
1349236,0.3546919068789139
1349237,0.41757597389353457
1349239,0.5369732980689106
1349240,0.3546919068789139
1349241,0.41757597389353457
1349242,0.41757597389353457
1349244,0.3546919068789139
1349245,0.41757597389353457
1349246,0.41757597389353457
1349247,0.3546919068789139
1349248,0.41757597389353457
1349249,0.3546919068789139
1349250,0.5369732980689106
1349252,0.41757597389353457
1349253,0.41757597389353457
1349254,0.5369732980689106
1349256,0.3546919068789139
1349257,0.3546919068789139
1349258,0.41757597389353457
1349259,0.5369732980689106
1349260,0.41757597389353457
1349261,0.3546919068789139
1349262,0.41757597389353457
1349265,0.3546919068789139
1349266,0.41757597389353457
1349268,0.3546919068789139
1349269,0.41757597389353457
1349270,0.41757597389353457
1349271,0.3546919068789139
1349272,0.41757597389353457
1349273,0.5369732980689106
1349275,0.41757597389353457
1349677,0.41757597389353457
1349678,0.41757597389353457
1349679,0.41757597389353457
1349681,0.5369732980689106
1349682,0.41757597389353457
1349683,0.41757597389353457
1349684,0.41757597389353457
1349685,0.41757597389353457
1349686,0.3546919068789139
1349687,0.5369732980689106
1349688,0.3546919068789139
1349690,0.41757597389353457
1349693,0.41757597389353457
1349694,0.41757597389353457
1349695,0.3546919068789139
1349698,0.41757597389353457
1349701,0.41757597389353457
1349702,0.41757597389353457
1349704,0.5369732980689106
1349709,0.41757597389353457
1349710,0.5369732980689106
1349713,0.41757597389353457
1349714,0.41757597389353457
1349715,0.3546919068789139
1349717,0.3546919068789139
1349718,0.3546919068789139
1349719,0.3546919068789139
1349720,0.3546919068789139
1349721,0.41757597389353457
1349722,0.3546919068789139
1349723,0.5369732980689106
1349724,0.3546919068789139
1349727,0.5369732980689106
1349731,0.3546919068789139
1349732,0.41757597389353457
1349733,0.41757597389353457
1349735,0.41757597389353457
1349737,0.3546919068789139
1349739,0.3546919068789139
1349740,0.3546919068789139
1349742,0.41757597389353457
1349743,0.3546919068789139
1349744,0.41757597389353457
1349745,0.3546919068789139
1349746,0.3546919068789139
1349749,0.3546919068789139
1349750,0.41757597389353457
1349754,0.3546919068789139
1349755,0.5369732980689106
1349757,0.5369732980689106
1349760,0.3546919068789139
1349761,0.3546919068789139
1349762,0.3546919068789139
1349764,0.3546919068789139
1349766,0.5369732980689106
1349770,0.3546919068789139
1349773,0.3546919068789139
1349776,0.5369732980689106
1349777,0.41757597389353457
1349778,0.41757597389353457
1349779,0.3546919068789139
1349784,0.5369732980689106
1349785,0.3546919068789139
1349787,0.3546919068789139
1349788,0.5369732980689106
1349789,0.3546919068789139
1349790,0.5369732980689106
1349792,0.41757597389353457
1349793,0.5369732980689106
1349794,0.41757597389353457
1349797,0.41757597389353457
1349798,0.3546919068789139
1349800,0.41757597389353457
1349801,0.3546919068789139
1349802,0.3546919068789139
1349805,0.3546919068789139
1349807,0.3546919068789139
1349808,0.3546919068789139
1349809,0.3546919068789139
1349810,0.41757597389353457
1349812,0.3546919068789139
1349813,0.3546919068789139
1349814,0.3546919068789139
1349815,0.3546919068789139
1349816,0.41757597389353457
1349817,0.3546919068789139
1349818,0.3546919068789139
1349819,0.3546919068789139
1349821,0.3546919068789139
1349822,0.5369732980689106
1349823,0.3546919068789139
1349825,0.41757597389353457
1349829,0.41757597389353457
1349831,0.41757597389353457
1349837,0.3546919068789139
1349838,0.41757597389353457
1349840,0.41757597389353457
1349842,0.41757597389353457
1349844,0.3546919068789139
1349845,0.41757597389353457
1349847,0.41757597389353457
1349849,0.5369732980689106
1349852,0.41757597389353457
1349853,0.3546919068789139
1349854,0.3546919068789139
1349856,0.41757597389353457
1349859,0.41757597389353457
1349862,0.3546919068789139
1349863,0.3546919068789139
1349864,0.3546919068789139
1349865,0.3546919068789139
1349868,0.3546919068789139
1349869,0.5369732980689106
1349871,0.3546919068789139
1349873,0.41757597389353457
1349874,0.41757597389353457
1349875,0.3546919068789139
1349876,0.3546919068789139
1349877,0.3546919068789139
1349878,0.41757597389353457
1349879,0.3546919068789139
1349880,0.3546919068789139
1349881,0.5369732980689106
1349882,0.3546919068789139
1349884,0.5369732980689106
1349886,0.3546919068789139
1349887,0.3546919068789139
1349888,0.3546919068789139
1349890,0.41757597389353457
1349893,0.41757597389353457
1349894,0.3546919068789139
1349895,0.41757597389353457
1349897,0.3546919068789139
1349900,0.41757597389353457
1349901,0.3546919068789139
1349904,0.41757597389353457
1349906,0.3546919068789139
1349907,0.5369732980689106
1349908,0.3546919068789139
1349909,0.41757597389353457
1349911,0.3546919068789139
1349912,0.41757597389353457
1349913,0.41757597389353457
1349914,0.3546919068789139
1349915,0.3546919068789139
1349916,0.41757597389353457
1349920,0.3546919068789139
1349921,0.3546919068789139
1349923,0.3546919068789139
1349924,0.41757597389353457
1349925,0.41757597389353457
1349927,0.3546919068789139
1349928,0.41757597389353457
1349929,0.5369732980689106
1349931,0.41757597389353457
1349932,0.41757597389353457
1349933,0.5369732980689106
1349934,0.3546919068789139
1349935,0.41757597389353457
1349936,0.41757597389353457
1349937,0.3546919068789139
1349938,0.41757597389353457
1349939,0.5369732980689106
1349941,0.5369732980689106
1349942,0.41757597389353457
1349943,0.41757597389353457
1349944,0.41757597389353457
1349946,0.3546919068789139
1349947,0.3546919068789139
1349949,0.5369732980689106
1349950,0.3546919068789139
1349953,0.3546919068789139
1349954,0.41757597389353457
1349955,0.41757597389353457
1349956,0.41757597389353457
1349957,0.41757597389353457
1349958,0.3546919068789139
1349959,0.41757597389353457
1349960,0.3546919068789139
1349962,0.41757597389353457
1349963,0.41757597389353457
1349966,0.3546919068789139
1349971,0.41757597389353457
1349972,0.41757597389353457
1349973,0.3546919068789139
1349974,0.5369732980689106
1349975,0.3546919068789139
1349976,0.41757597389353457
1349977,0.3546919068789139
1349979,0.5369732980689106
1349981,0.41757597389353457
1349982,0.3546919068789139
1349983,0.41757597389353457
1349986,0.3546919068789139
1349987,0.41757597389353457
1349989,0.41757597389353457
1349990,0.41757597389353457
1349991,0.41757597389353457
1349993,0.41757597389353457
1349995,0.3546919068789139
1349997,0.41757597389353457
1349999,0.3546919068789139
1350000,0.5369732980689106
1350001,0.3546919068789139
1350002,0.3546919068789139
1350003,0.41757597389353457
1350007,0.41757597389353457
1350009,0.5369732980689106
1350010,0.3546919068789139
1350011,0.41757597389353457
1350012,0.41757597389353457
1350013,0.3546919068789139
1350018,0.5369732980689106
1350019,0.41757597389353457
1350020,0.41757597389353457
1350021,0.41757597389353457
1350022,0.41757597389353457
1350023,0.5369732980689106
1350024,0.41757597389353457
1350025,0.3546919068789139
1350027,0.3546919068789139
1350028,0.41757597389353457
1350029,0.3546919068789139
1350030,0.3546919068789139
1350031,0.3546919068789139
1350032,0.41757597389353457
1350033,0.41757597389353457
1350035,0.3546919068789139
1350036,0.41757597389353457
1350037,0.3546919068789139
1350038,0.3546919068789139
1350039,0.5369732980689106
1350042,0.5369732980689106
1350043,0.3546919068789139
1350044,0.5369732980689106
1350045,0.5369732980689106
1350046,0.41757597389353457
1350048,0.3546919068789139
1350049,0.41757597389353457
1350050,0.5369732980689106
1350053,0.41757597389353457
1350054,0.3546919068789139
1350056,0.41757597389353457
1350057,0.41757597389353457
1350060,0.3546919068789139
1350061,0.41757597389353457
1350063,0.3546919068789139
1350064,0.41757597389353457
1350066,0.5369732980689106
1350067,0.41757597389353457
1350068,0.41757597389353457
1350070,0.41757597389353457
1350071,0.41757597389353457
1350075,0.41757597389353457
1350077,0.41757597389353457
1350078,0.41757597389353457
1350081,0.3546919068789139
1350085,0.5369732980689106
1350086,0.41757597389353457
1350087,0.3546919068789139
1350088,0.41757597389353457
1350090,0.3546919068789139
1350091,0.3546919068789139
1350094,0.5369732980689106
1350096,0.5369732980689106
1350097,0.41757597389353457
1350099,0.3546919068789139
1350100,0.3546919068789139
1350101,0.41757597389353457
1350104,0.41757597389353457
1350105,0.5369732980689106
1350107,0.41757597389353457
1350108,0.5369732980689106
1350110,0.3546919068789139
1350111,0.41757597389353457
1350113,0.5369732980689106
1350116,0.41757597389353457
1350117,0.3546919068789139
1350118,0.3546919068789139
1350119,0.5369732980689106
1350120,0.5369732980689106
1350121,0.3546919068789139
1350122,0.3546919068789139
1350123,0.3546919068789139
1350124,0.41757597389353457
1350125,0.3546919068789139
1350126,0.41757597389353457
1350127,0.3546919068789139
1350128,0.3546919068789139
1350129,0.41757597389353457
1350132,0.3546919068789139
1350133,0.5369732980689106
1350136,0.41757597389353457
1350137,0.41757597389353457
1350138,0.3546919068789139
1350139,0.41757597389353457
1350141,0.5369732980689106
1350142,0.41757597389353457
1350143,0.3546919068789139
1350144,0.3546919068789139
1350146,0.3546919068789139
1350149,0.41757597389353457
1350150,0.41757597389353457
1350151,0.3546919068789139
1350152,0.3546919068789139
1350154,0.3546919068789139
1350156,0.3546919068789139
1350157,0.41757597389353457
1350159,0.3546919068789139
1350163,0.3546919068789139
1350164,0.41757597389353457
1350165,0.3546919068789139
1350166,0.41757597389353457
1350167,0.5369732980689106
1350168,0.41757597389353457
1350169,0.3546919068789139
1350171,0.41757597389353457
1350172,0.5369732980689106
1350173,0.3546919068789139
1350174,0.3546919068789139
1350175,0.3546919068789139
1350176,0.5369732980689106
1350177,0.5369732980689106
1350178,0.3546919068789139
1350179,0.3546919068789139
1350180,0.5369732980689106
1350182,0.3546919068789139
1350185,0.5369732980689106
1350186,0.41757597389353457
1350187,0.41757597389353457
1350188,0.3546919068789139
1350191,0.41757597389353457
1350192,0.41757597389353457
1350193,0.41757597389353457
1350194,0.41757597389353457
1350195,0.41757597389353457
1350197,0.3546919068789139
1350198,0.5369732980689106
1350202,0.41757597389353457
1350204,0.41757597389353457
1350205,0.41757597389353457
1350206,0.5369732980689106
1350207,0.3546919068789139
1350208,0.3546919068789139
1350211,0.41757597389353457
1350212,0.3546919068789139
1350213,0.3546919068789139
1350214,0.41757597389353457
1350215,0.3546919068789139
1350216,0.41757597389353457
1350219,0.41757597389353457
1350221,0.3546919068789139
1350225,0.41757597389353457
1350226,0.3546919068789139
1350228,0.41757597389353457
1350229,0.3546919068789139
1350230,0.5369732980689106
1350231,0.41757597389353457
1350233,0.5369732980689106
1350234,0.41757597389353457
1350235,0.3546919068789139
1350236,0.3546919068789139
1350238,0.41757597389353457
1350239,0.3546919068789139
1350240,0.3546919068789139
1350241,0.41757597389353457
1350242,0.3546919068789139
1350244,0.3546919068789139
1350245,0.3546919068789139
1350249,0.41757597389353457
1350250,0.5369732980689106
1350252,0.3546919068789139
1350253,0.41757597389353457
1350254,0.3546919068789139
1350255,0.3546919068789139
1350257,0.3546919068789139
1350258,0.5369732980689106
1350259,0.3546919068789139
1350261,0.3546919068789139
1350262,0.3546919068789139
1350264,0.3546919068789139
1350268,0.41757597389353457
1350269,0.3546919068789139
1350270,0.41757597389353457
1350271,0.3546919068789139
1350272,0.5369732980689106
1350274,0.41757597389353457
1350275,0.5369732980689106
1350279,0.3546919068789139
1350280,0.3546919068789139
1350281,0.3546919068789139
1350282,0.41757597389353457
1350283,0.41757597389353457
1350285,0.41757597389353457
1350286,0.3546919068789139
1350287,0.5369732980689106
1350288,0.5369732980689106
1350289,0.3546919068789139
1350293,0.5369732980689106
1350294,0.3546919068789139
1350295,0.3546919068789139
1350298,0.3546919068789139
1350299,0.41757597389353457
1350300,0.3546919068789139
1350303,0.3546919068789139
1350304,0.3546919068789139
1350307,0.3546919068789139
1350308,0.5369732980689106
1350309,0.3546919068789139
1350310,0.3546919068789139
1350312,0.41757597389353457
1350314,0.3546919068789139
1350315,0.3546919068789139
1350317,0.5369732980689106
1350318,0.3546919068789139
1350319,0.3546919068789139
1350320,0.41757597389353457
1350321,0.5369732980689106
1350322,0.3546919068789139
1350323,0.3546919068789139
1350324,0.5369732980689106
1350325,0.5369732980689106
1350326,0.3546919068789139
1350327,0.41757597389353457
1350328,0.41757597389353457
1350329,0.3546919068789139
1350330,0.3546919068789139
1350333,0.3546919068789139
1350336,0.41757597389353457
1350337,0.41757597389353457
1350338,0.3546919068789139
1350340,0.41757597389353457
1350341,0.41757597389353457
1350342,0.3546919068789139
1350344,0.3546919068789139
1350345,0.5369732980689106
1350346,0.41757597389353457
1350348,0.3546919068789139
1350349,0.3546919068789139
1350350,0.3546919068789139
1350352,0.41757597389353457
1350353,0.3546919068789139
1350358,0.3546919068789139
1350359,0.41757597389353457
1350360,0.41757597389353457
1350361,0.3546919068789139
1350364,0.3546919068789139
1350365,0.5369732980689106
1350366,0.3546919068789139
1350367,0.41757597389353457
1350370,0.3546919068789139
1350371,0.41757597389353457
1350372,0.3546919068789139
1350373,0.41757597389353457
1350375,0.41757597389353457
1350378,0.3546919068789139
1350379,0.3546919068789139
1350381,0.5369732980689106
1350383,0.41757597389353457
1350384,0.41757597389353457
1350386,0.3546919068789139
1350388,0.3546919068789139
1350389,0.41757597389353457
1350390,0.41757597389353457
1350391,0.3546919068789139
1350392,0.3546919068789139
1350393,0.41757597389353457
1350394,0.3546919068789139
1350395,0.3546919068789139
1350396,0.41757597389353457
1350397,0.3546919068789139
1350398,0.3546919068789139
1350400,0.41757597389353457
1350401,0.5369732980689106
1350402,0.41757597389353457
1350403,0.3546919068789139
1350404,0.41757597389353457
1350405,0.41757597389353457
1350406,0.3546919068789139
1350407,0.3546919068789139
1350409,0.41757597389353457
1350411,0.3546919068789139
1350412,0.41757597389353457
1350413,0.5369732980689106
1350414,0.41757597389353457
1350415,0.41757597389353457
1350416,0.3546919068789139
1350417,0.41757597389353457
1350418,0.3546919068789139
1350419,0.5369732980689106
1350421,0.41757597389353457
1350422,0.41757597389353457
1350423,0.5369732980689106
1350425,0.3546919068789139
1350426,0.3546919068789139
1350427,0.3546919068789139
1350428,0.3546919068789139
1350430,0.41757597389353457
1350431,0.3546919068789139
1350432,0.3546919068789139
1350433,0.41757597389353457
1350434,0.41757597389353457
1350435,0.3546919068789139
1350436,0.3546919068789139
1350438,0.3546919068789139
1350439,0.41757597389353457
1350440,0.3546919068789139
1350441,0.3546919068789139
1350442,0.3546919068789139
1350444,0.3546919068789139
1350445,0.3546919068789139
1350447,0.3546919068789139
1350448,0.5369732980689106
1350450,0.3546919068789139
1350451,0.3546919068789139
1350452,0.3546919068789139
1350454,0.3546919068789139
1350455,0.3546919068789139
1350459,0.5369732980689106
1350461,0.41757597389353457
1350462,0.41757597389353457
1350463,0.41757597389353457
1350464,0.3546919068789139
1350466,0.41757597389353457
1350467,0.3546919068789139
1350468,0.5369732980689106
1350469,0.3546919068789139
1350472,0.3546919068789139
1350473,0.5369732980689106
1350474,0.3546919068789139
1350475,0.41757597389353457
1350476,0.3546919068789139
1350477,0.5369732980689106
1350478,0.41757597389353457
1350481,0.41757597389353457
1350482,0.3546919068789139
1350483,0.3546919068789139
1350485,0.3546919068789139
1350487,0.5369732980689106
1350489,0.3546919068789139
1350490,0.5369732980689106
1350491,0.41757597389353457
1350492,0.41757597389353457
1350493,0.3546919068789139
1350494,0.3546919068789139
1350495,0.41757597389353457
1350496,0.3546919068789139
1350497,0.3546919068789139
1350499,0.3546919068789139
1350500,0.3546919068789139
1350501,0.5369732980689106
1350503,0.3546919068789139
1350504,0.3546919068789139
1350505,0.3546919068789139
1350506,0.3546919068789139
1350507,0.5369732980689106
1350510,0.5369732980689106
1350512,0.41757597389353457
1350513,0.3546919068789139
1350514,0.3546919068789139
1350515,0.3546919068789139
1350516,0.3546919068789139
1350517,0.41757597389353457
1350518,0.41757597389353457
1350520,0.41757597389353457
1350521,0.3546919068789139
1350522,0.3546919068789139
1350523,0.3546919068789139
1350524,0.41757597389353457
1350529,0.5369732980689106
1350530,0.41757597389353457
1350531,0.3546919068789139
1350532,0.3546919068789139
1350533,0.3546919068789139
1350534,0.41757597389353457
1350535,0.3546919068789139
1350538,0.3546919068789139
1350539,0.5369732980689106
1350540,0.41757597389353457
1350541,0.3546919068789139
1350543,0.3546919068789139
1350545,0.41757597389353457
1350546,0.3546919068789139
1350547,0.41757597389353457
1350548,0.3546919068789139
1350550,0.3546919068789139
1350551,0.5369732980689106
1350554,0.3546919068789139
1350555,0.41757597389353457
1350556,0.41757597389353457
1350558,0.41757597389353457
1350559,0.3546919068789139
1350560,0.41757597389353457
1350563,0.41757597389353457
1350564,0.3546919068789139
1350565,0.3546919068789139
1350566,0.3546919068789139
1350568,0.41757597389353457
1350572,0.3546919068789139
1350573,0.3546919068789139
1350574,0.5369732980689106
1350575,0.3546919068789139
1350576,0.41757597389353457
1350577,0.3546919068789139
1350578,0.3546919068789139
1350580,0.41757597389353457
1350581,0.41757597389353457
1350582,0.41757597389353457
1350583,0.3546919068789139
1350585,0.41757597389353457
1350586,0.41757597389353457
1350588,0.3546919068789139
1350589,0.3546919068789139
1350590,0.41757597389353457
1350591,0.5369732980689106
1350592,0.3546919068789139
1350593,0.3546919068789139
1350594,0.41757597389353457
1350596,0.41757597389353457
1350597,0.3546919068789139
1350598,0.5369732980689106
1350599,0.3546919068789139
1350603,0.3546919068789139
1350605,0.41757597389353457
1350606,0.41757597389353457
1350607,0.3546919068789139
1350610,0.3546919068789139
1350611,0.41757597389353457
1350613,0.3546919068789139
1350614,0.3546919068789139
1350615,0.41757597389353457
1350616,0.41757597389353457
1350618,0.3546919068789139
1350619,0.41757597389353457
1350620,0.3546919068789139
1350622,0.41757597389353457
1350623,0.5369732980689106
1350626,0.41757597389353457
1350627,0.41757597389353457
1350628,0.3546919068789139
1350629,0.3546919068789139
1350634,0.5369732980689106
1350635,0.41757597389353457
1350638,0.3546919068789139
1350640,0.3546919068789139
1350641,0.3546919068789139
1350642,0.3546919068789139
1350643,0.3546919068789139
1350646,0.3546919068789139
1350648,0.5369732980689106
1350649,0.41757597389353457
1350651,0.3546919068789139
1350652,0.41757597389353457
1350653,0.3546919068789139
1350654,0.41757597389353457
1350655,0.3546919068789139
1350657,0.3546919068789139
1350659,0.3546919068789139
1350661,0.5369732980689106
1350664,0.41757597389353457
1350665,0.3546919068789139
1350667,0.3546919068789139
1350668,0.3546919068789139
1350669,0.3546919068789139
1350670,0.41757597389353457
1350671,0.41757597389353457
1350674,0.41757597389353457
1350675,0.3546919068789139
1350676,0.3546919068789139
1350678,0.41757597389353457
1350680,0.5369732980689106
1350681,0.3546919068789139
1350682,0.3546919068789139
1350684,0.3546919068789139
1350685,0.5369732980689106
1350687,0.3546919068789139
1350689,0.3546919068789139
1350690,0.3546919068789139
1350692,0.3546919068789139
1350693,0.41757597389353457
1350695,0.3546919068789139
1350696,0.41757597389353457
1350697,0.3546919068789139
1350699,0.3546919068789139
1350701,0.3546919068789139
1350702,0.3546919068789139
1350707,0.3546919068789139
1350708,0.41757597389353457
1350709,0.3546919068789139
1350711,0.5369732980689106
1350713,0.41757597389353457
1350714,0.3546919068789139
1350716,0.3546919068789139
1350717,0.3546919068789139
1350719,0.3546919068789139
1350721,0.3546919068789139
1350722,0.3546919068789139
1350723,0.3546919068789139
1350725,0.41757597389353457
1350726,0.41757597389353457
1350728,0.3546919068789139
1350729,0.41757597389353457
1350730,0.3546919068789139
1350731,0.41757597389353457
1350732,0.3546919068789139
1350733,0.41757597389353457
1350734,0.3546919068789139
1350736,0.5369732980689106
1350740,0.3546919068789139
1350744,0.3546919068789139
1350748,0.41757597389353457
1350749,0.41757597389353457
1350751,0.5369732980689106
1350752,0.3546919068789139
1350753,0.3546919068789139
1350754,0.3546919068789139
1350756,0.3546919068789139
1350757,0.3546919068789139
1350758,0.3546919068789139
1350759,0.3546919068789139
1350760,0.3546919068789139
1350762,0.5369732980689106
1350763,0.3546919068789139
1350764,0.5369732980689106
1350766,0.3546919068789139
1350767,0.3546919068789139
1350768,0.41757597389353457
1350769,0.5369732980689106
1350772,0.5369732980689106
1350773,0.3546919068789139
1350775,0.3546919068789139
1350776,0.5369732980689106
1350777,0.41757597389353457
1350778,0.41757597389353457
1350779,0.41757597389353457
1350780,0.41757597389353457
1350782,0.3546919068789139
1350783,0.41757597389353457
1350786,0.3546919068789139
1350788,0.41757597389353457
1350789,0.41757597389353457
1350790,0.41757597389353457
1350791,0.3546919068789139
1350793,0.41757597389353457
1350794,0.41757597389353457
1350795,0.41757597389353457
1350797,0.3546919068789139
1350798,0.3546919068789139
1350800,0.41757597389353457
1350801,0.3546919068789139
1350802,0.5369732980689106
1350803,0.3546919068789139
1350804,0.41757597389353457
1350805,0.41757597389353457
1350806,0.41757597389353457
1350807,0.41757597389353457
1350808,0.3546919068789139
1350811,0.41757597389353457
1350812,0.3546919068789139
1350814,0.3546919068789139
1350815,0.3546919068789139
1350816,0.3546919068789139
1350817,0.3546919068789139
1350818,0.3546919068789139
1350822,0.3546919068789139
1350823,0.41757597389353457
1350826,0.3546919068789139
1350827,0.3546919068789139
1350829,0.5369732980689106
1350830,0.3546919068789139
1350834,0.5369732980689106
1350835,0.5369732980689106
1350836,0.41757597389353457
1350837,0.3546919068789139
1350838,0.41757597389353457
1350840,0.41757597389353457
1350842,0.3546919068789139
1350845,0.3546919068789139
1350846,0.41757597389353457
1350847,0.5369732980689106
1350848,0.41757597389353457
1350849,0.3546919068789139
1350850,0.3546919068789139
1350851,0.3546919068789139
1350852,0.41757597389353457
1350853,0.41757597389353457
1350854,0.41757597389353457
1350855,0.3546919068789139
1350856,0.3546919068789139
1350857,0.3546919068789139
1350858,0.3546919068789139
1350859,0.3546919068789139
1350860,0.3546919068789139
1350861,0.5369732980689106
1350862,0.3546919068789139
1350864,0.3546919068789139
1350865,0.5369732980689106
1350866,0.5369732980689106
1350867,0.3546919068789139
1350868,0.41757597389353457
1350869,0.3546919068789139
1350870,0.5369732980689106
1350872,0.5369732980689106
1350873,0.41757597389353457
1350875,0.41757597389353457
1350876,0.41757597389353457
1350878,0.3546919068789139
1350879,0.41757597389353457
1350881,0.41757597389353457
1350882,0.3546919068789139
1350883,0.3546919068789139
1350887,0.41757597389353457
1350888,0.3546919068789139
1350889,0.3546919068789139
1350890,0.3546919068789139
1350891,0.3546919068789139
1350893,0.41757597389353457
1350894,0.3546919068789139
1350895,0.5369732980689106
1350896,0.3546919068789139
1350898,0.41757597389353457
1350899,0.41757597389353457
1350900,0.41757597389353457
1350901,0.3546919068789139
1350902,0.5369732980689106
1350903,0.41757597389353457
1350904,0.3546919068789139
1350905,0.41757597389353457
1350906,0.3546919068789139
1350907,0.3546919068789139
1350910,0.3546919068789139
1350911,0.5369732980689106
1350912,0.41757597389353457
1350913,0.41757597389353457
1350914,0.3546919068789139
1350915,0.3546919068789139
1350916,0.3546919068789139
1350917,0.3546919068789139
1350919,0.41757597389353457
1350921,0.41757597389353457
1350922,0.5369732980689106
1350923,0.3546919068789139
1350925,0.3546919068789139
1350928,0.41757597389353457
1350929,0.3546919068789139
1350931,0.41757597389353457
1350932,0.41757597389353457
1350933,0.3546919068789139
1350934,0.3546919068789139
1350935,0.3546919068789139
1350936,0.3546919068789139
1350937,0.3546919068789139
1350938,0.5369732980689106
1350939,0.3546919068789139
1350940,0.3546919068789139
1350941,0.41757597389353457
1350943,0.3546919068789139
1350947,0.41757597389353457
1350949,0.41757597389353457
1350950,0.3546919068789139
1350952,0.5369732980689106
1350953,0.3546919068789139
1350955,0.3546919068789139
1350956,0.3546919068789139
1350957,0.3546919068789139
1350958,0.3546919068789139
1350959,0.3546919068789139
1350961,0.41757597389353457
1350964,0.41757597389353457
1350965,0.5369732980689106
1350967,0.41757597389353457
1350969,0.41757597389353457
1350971,0.41757597389353457
1350972,0.41757597389353457
1350973,0.5369732980689106
1350974,0.3546919068789139
1350976,0.3546919068789139
1350977,0.5369732980689106
1350978,0.5369732980689106
1350979,0.3546919068789139
1350980,0.5369732980689106
1350981,0.5369732980689106
1350982,0.5369732980689106
1350983,0.41757597389353457
1350984,0.3546919068789139
1350986,0.3546919068789139
1350987,0.3546919068789139
1350988,0.3546919068789139
1350989,0.5369732980689106
1350992,0.3546919068789139
1350993,0.3546919068789139
1350994,0.3546919068789139
1350995,0.41757597389353457
1350997,0.3546919068789139
1350998,0.5369732980689106
1350999,0.5369732980689106
1351001,0.3546919068789139
1351002,0.5369732980689106
1351003,0.3546919068789139
1351005,0.3546919068789139
1351007,0.3546919068789139
1351009,0.3546919068789139
1351011,0.41757597389353457
1351012,0.3546919068789139
1351015,0.41757597389353457
1351016,0.3546919068789139
1351020,0.41757597389353457
1351021,0.41757597389353457
1351022,0.3546919068789139
1351024,0.3546919068789139
1351025,0.41757597389353457
1351026,0.3546919068789139
1351027,0.5369732980689106
1351028,0.3546919068789139
1351029,0.3546919068789139
1351030,0.3546919068789139
1351031,0.3546919068789139
1351032,0.3546919068789139
1351036,0.3546919068789139
1351037,0.3546919068789139
1351038,0.41757597389353457
1351040,0.3546919068789139
1351041,0.3546919068789139
1351042,0.41757597389353457
1351044,0.3546919068789139
1351047,0.3546919068789139
1351048,0.5369732980689106
1351049,0.3546919068789139
1351050,0.5369732980689106
1351051,0.41757597389353457
1351055,0.5369732980689106
1351056,0.5369732980689106
1351057,0.5369732980689106
1351058,0.3546919068789139
1351059,0.5369732980689106
1351060,0.41757597389353457
1351062,0.41757597389353457
1351063,0.41757597389353457
1351064,0.41757597389353457
1351066,0.3546919068789139
1351068,0.3546919068789139
1351069,0.3546919068789139
1351070,0.41757597389353457
1351071,0.41757597389353457
1351072,0.3546919068789139
1351075,0.5369732980689106
1351076,0.5369732980689106
1351079,0.41757597389353457
1351080,0.3546919068789139
1351082,0.41757597389353457
1351085,0.3546919068789139
1351086,0.3546919068789139
1351087,0.41757597389353457
1351090,0.5369732980689106
1351091,0.41757597389353457
1351092,0.3546919068789139
1351093,0.41757597389353457
1351094,0.5369732980689106
1351096,0.41757597389353457
1351097,0.5369732980689106
1351099,0.3546919068789139
1351101,0.41757597389353457
1351103,0.5369732980689106
1351105,0.3546919068789139
1351106,0.3546919068789139
1351107,0.5369732980689106
1351108,0.3546919068789139
1351110,0.3546919068789139
1351111,0.5369732980689106
1351112,0.3546919068789139
1351113,0.3546919068789139
1351114,0.41757597389353457
1351116,0.41757597389353457
1351117,0.41757597389353457
1351118,0.41757597389353457
1351120,0.41757597389353457
1351121,0.41757597389353457
1351122,0.3546919068789139
1351124,0.3546919068789139
1351125,0.41757597389353457
1351126,0.41757597389353457
1351127,0.3546919068789139
1351129,0.3546919068789139
1351130,0.3546919068789139
1351131,0.41757597389353457
1351132,0.3546919068789139
1351133,0.3546919068789139
1351134,0.41757597389353457
1351137,0.3546919068789139
1351138,0.41757597389353457
1351139,0.3546919068789139
1351141,0.3546919068789139
1351142,0.41757597389353457
1351144,0.5369732980689106
1351148,0.41757597389353457
1351149,0.3546919068789139
1351151,0.3546919068789139
1351153,0.41757597389353457
1351154,0.3546919068789139
1351155,0.3546919068789139
1351156,0.3546919068789139
1351157,0.3546919068789139
1351158,0.41757597389353457
1351159,0.41757597389353457
1351160,0.41757597389353457
1351161,0.5369732980689106
1351162,0.41757597389353457
1351165,0.3546919068789139
1351166,0.41757597389353457
1351167,0.3546919068789139
1351168,0.41757597389353457
1351169,0.41757597389353457
1351170,0.41757597389353457
1351171,0.41757597389353457
1351172,0.3546919068789139
1351173,0.5369732980689106
1351174,0.3546919068789139
1351176,0.41757597389353457
1351178,0.3546919068789139
1351179,0.41757597389353457
1351180,0.41757597389353457
1351181,0.5369732980689106
1351183,0.3546919068789139
1351185,0.3546919068789139
1351187,0.41757597389353457
1351189,0.41757597389353457
1351190,0.41757597389353457
1351192,0.3546919068789139
1351193,0.3546919068789139
1351194,0.41757597389353457
1351195,0.3546919068789139
1351196,0.3546919068789139
1351197,0.41757597389353457
1351198,0.3546919068789139
1351199,0.3546919068789139
1351201,0.41757597389353457
1351202,0.3546919068789139
1351203,0.3546919068789139
1351206,0.41757597389353457
1351207,0.3546919068789139
1351208,0.41757597389353457
1351209,0.3546919068789139
1351210,0.3546919068789139
1351211,0.41757597389353457
1351214,0.5369732980689106
1351215,0.41757597389353457
1351216,0.5369732980689106
1351218,0.41757597389353457
1351219,0.3546919068789139
1351220,0.3546919068789139
1351221,0.3546919068789139
1351222,0.41757597389353457
1351223,0.41757597389353457
1351224,0.41757597389353457
1351225,0.41757597389353457
1351226,0.41757597389353457
1351227,0.5369732980689106
1351228,0.5369732980689106
1351229,0.41757597389353457
1351232,0.41757597389353457
1351233,0.3546919068789139
1351234,0.41757597389353457
1351235,0.5369732980689106
1351236,0.3546919068789139
1351237,0.3546919068789139
1351238,0.41757597389353457
1351240,0.3546919068789139
1351241,0.5369732980689106
1351242,0.41757597389353457
1351243,0.3546919068789139
1351244,0.3546919068789139
1351245,0.41757597389353457
1351247,0.41757597389353457
1351248,0.5369732980689106
1351249,0.3546919068789139
1351250,0.5369732980689106
1351251,0.5369732980689106
1351252,0.5369732980689106
1351254,0.41757597389353457
1351255,0.3546919068789139
1351258,0.41757597389353457
1351259,0.3546919068789139
1351261,0.41757597389353457
1351262,0.5369732980689106
1351263,0.41757597389353457
1351265,0.5369732980689106
1351267,0.41757597389353457
1351268,0.41757597389353457
1351271,0.3546919068789139
1351273,0.41757597389353457
1351274,0.41757597389353457
1351275,0.3546919068789139
1351276,0.5369732980689106
1351278,0.3546919068789139
1351279,0.3546919068789139
1351281,0.3546919068789139
1351282,0.5369732980689106
1351283,0.3546919068789139
1351284,0.5369732980689106
1351285,0.5369732980689106
1351286,0.3546919068789139
1351287,0.5369732980689106
1351289,0.41757597389353457
1351290,0.3546919068789139
1351291,0.3546919068789139
1351292,0.3546919068789139
1351293,0.41757597389353457
1351294,0.5369732980689106
1351295,0.5369732980689106
1351297,0.41757597389353457
1351298,0.5369732980689106
1351300,0.5369732980689106
1351301,0.3546919068789139
1351303,0.3546919068789139
1351304,0.41757597389353457
1351305,0.3546919068789139
1351306,0.3546919068789139
1351307,0.41757597389353457
1351308,0.5369732980689106
1351309,0.3546919068789139
1351310,0.41757597389353457
1351311,0.41757597389353457
1351312,0.3546919068789139
1351314,0.3546919068789139
1351315,0.41757597389353457
1351316,0.5369732980689106
1351318,0.3546919068789139
1351319,0.3546919068789139
1351321,0.3546919068789139
1351322,0.41757597389353457
1351323,0.3546919068789139
1351325,0.3546919068789139
1351326,0.41757597389353457
1351327,0.41757597389353457
1351328,0.41757597389353457
1351329,0.41757597389353457
1351330,0.3546919068789139
1351331,0.3546919068789139
1351332,0.41757597389353457
1351334,0.41757597389353457
1351335,0.41757597389353457
1351338,0.3546919068789139
1351339,0.3546919068789139
1351340,0.41757597389353457
1351342,0.41757597389353457
1351343,0.3546919068789139
1351344,0.3546919068789139
1351345,0.41757597389353457
1351349,0.3546919068789139
1351350,0.5369732980689106
1351352,0.3546919068789139
1351353,0.3546919068789139
1351354,0.3546919068789139
1351355,0.3546919068789139
1351357,0.41757597389353457
1351358,0.41757597389353457
1351359,0.3546919068789139
1351360,0.5369732980689106
1351361,0.41757597389353457
1351363,0.41757597389353457
1351364,0.3546919068789139
1351365,0.41757597389353457
1351366,0.3546919068789139
1351368,0.41757597389353457
1351370,0.41757597389353457
1351371,0.3546919068789139
1351372,0.41757597389353457
1351373,0.41757597389353457
1351374,0.3546919068789139
1351375,0.5369732980689106
1351377,0.5369732980689106
1351378,0.5369732980689106
1351380,0.5369732980689106
1351384,0.3546919068789139
1351385,0.3546919068789139
1351387,0.5369732980689106
1351389,0.5369732980689106
1351390,0.41757597389353457
1351392,0.41757597389353457
1351394,0.3546919068789139
1351395,0.5369732980689106
1351396,0.3546919068789139
1351397,0.3546919068789139
1351400,0.3546919068789139
1351401,0.41757597389353457
1351402,0.3546919068789139
1351403,0.3546919068789139
1351407,0.41757597389353457
1351408,0.3546919068789139
1351411,0.3546919068789139
1351412,0.5369732980689106
1351418,0.41757597389353457
1351419,0.41757597389353457
1351420,0.41757597389353457
1351421,0.41757597389353457
1351424,0.3546919068789139
1351425,0.5369732980689106
1351426,0.41757597389353457
1351427,0.3546919068789139
1351429,0.41757597389353457
1351433,0.41757597389353457
1351434,0.5369732980689106
1351435,0.3546919068789139
1351437,0.41757597389353457
1351441,0.3546919068789139
1351442,0.3546919068789139
1351443,0.5369732980689106
1351444,0.41757597389353457
1351446,0.41757597389353457
1351447,0.3546919068789139
1351451,0.41757597389353457
1351452,0.3546919068789139
1351456,0.3546919068789139
1351457,0.3546919068789139
1351459,0.5369732980689106
1351460,0.41757597389353457
1351461,0.5369732980689106
1351462,0.3546919068789139
1351463,0.41757597389353457
1351464,0.5369732980689106
1351465,0.41757597389353457
1351466,0.3546919068789139
1351470,0.41757597389353457
1351471,0.3546919068789139
1351472,0.3546919068789139
1351473,0.3546919068789139
1351475,0.5369732980689106
1351477,0.3546919068789139
1351478,0.5369732980689106
1351479,0.3546919068789139
1351480,0.3546919068789139
1351481,0.5369732980689106
1351482,0.3546919068789139
1351483,0.3546919068789139
1351485,0.41757597389353457
1351486,0.3546919068789139
1351488,0.3546919068789139
1351491,0.5369732980689106
1351492,0.5369732980689106
1351494,0.3546919068789139
1351496,0.3546919068789139
1351498,0.41757597389353457
1351499,0.41757597389353457
1351500,0.3546919068789139
1351502,0.3546919068789139
1351503,0.5369732980689106
1351504,0.41757597389353457
1351507,0.3546919068789139
1351508,0.3546919068789139
1351510,0.41757597389353457
1351512,0.3546919068789139
1351514,0.3546919068789139
1351515,0.5369732980689106
1351517,0.3546919068789139
1351518,0.3546919068789139
1351520,0.3546919068789139
1351521,0.3546919068789139
1351522,0.5369732980689106
1351523,0.41757597389353457
1351525,0.3546919068789139
1351529,0.5369732980689106
1351530,0.5369732980689106
1351531,0.3546919068789139
1351532,0.3546919068789139
1351533,0.41757597389353457
1351534,0.3546919068789139
1351535,0.3546919068789139
1351536,0.3546919068789139
1351542,0.41757597389353457
1351543,0.3546919068789139
1351544,0.3546919068789139
1351545,0.3546919068789139
1351547,0.41757597389353457
1351552,0.3546919068789139
1351554,0.5369732980689106
1351555,0.3546919068789139
1351556,0.3546919068789139
1351557,0.3546919068789139
1351559,0.3546919068789139
1351560,0.3546919068789139
1351562,0.3546919068789139
1351564,0.5369732980689106
1351565,0.5369732980689106
1351566,0.3546919068789139
1351567,0.3546919068789139
1351569,0.41757597389353457
1351570,0.3546919068789139
1351571,0.41757597389353457
1351572,0.41757597389353457
1351574,0.5369732980689106
1351577,0.3546919068789139
1351578,0.3546919068789139
1351579,0.3546919068789139
1351580,0.3546919068789139
1351581,0.41757597389353457
1351582,0.3546919068789139
1351583,0.3546919068789139
1351584,0.41757597389353457
1351585,0.41757597389353457
1351590,0.41757597389353457
1351591,0.41757597389353457
1351593,0.3546919068789139
1351594,0.5369732980689106
1351595,0.3546919068789139
1351597,0.41757597389353457
1351598,0.3546919068789139
1351599,0.5369732980689106
1351601,0.41757597389353457
1351602,0.3546919068789139
1351604,0.3546919068789139
1351605,0.41757597389353457
1351606,0.41757597389353457
1351607,0.5369732980689106
1351608,0.3546919068789139
1351609,0.3546919068789139
1351611,0.3546919068789139
1351613,0.3546919068789139
1351614,0.3546919068789139
1351615,0.3546919068789139
1351617,0.3546919068789139
1351618,0.41757597389353457
1351619,0.41757597389353457
1351620,0.3546919068789139
1351621,0.3546919068789139
1351622,0.41757597389353457
1351623,0.41757597389353457
1351624,0.3546919068789139
1351625,0.41757597389353457
1351627,0.3546919068789139
1351628,0.41757597389353457
1351629,0.41757597389353457
1351630,0.3546919068789139
1351631,0.41757597389353457
1351633,0.3546919068789139
1351634,0.41757597389353457
1351635,0.41757597389353457
1351636,0.3546919068789139
1351638,0.41757597389353457
1351639,0.5369732980689106
1351641,0.5369732980689106
1351642,0.3546919068789139
1351643,0.3546919068789139
1351644,0.41757597389353457
1351649,0.41757597389353457
1351652,0.41757597389353457
1351653,0.3546919068789139
1351656,0.41757597389353457
1351657,0.3546919068789139
1351658,0.41757597389353457
1351659,0.3546919068789139
1351660,0.5369732980689106
1351661,0.41757597389353457
1351662,0.3546919068789139
1351663,0.41757597389353457
1351665,0.3546919068789139
1351666,0.41757597389353457
1351667,0.41757597389353457
1351668,0.3546919068789139
1351669,0.3546919068789139
1351670,0.3546919068789139
1351671,0.41757597389353457
1351672,0.3546919068789139
1351674,0.41757597389353457
1351675,0.3546919068789139
1351678,0.5369732980689106
1351679,0.41757597389353457
1351680,0.3546919068789139
1351681,0.3546919068789139
1351683,0.3546919068789139
1351686,0.3546919068789139
1351688,0.3546919068789139
1351689,0.41757597389353457
1351690,0.3546919068789139
1351691,0.41757597389353457
1351693,0.5369732980689106
1351694,0.5369732980689106
1351695,0.3546919068789139
1351696,0.3546919068789139
1351697,0.41757597389353457
1351698,0.5369732980689106
1351699,0.41757597389353457
1351701,0.3546919068789139
1351703,0.3546919068789139
1351704,0.3546919068789139
1351706,0.3546919068789139
1351707,0.3546919068789139
1351709,0.3546919068789139
1351711,0.3546919068789139
1351712,0.41757597389353457
1351713,0.3546919068789139
1351714,0.3546919068789139
1351715,0.41757597389353457
1351718,0.3546919068789139
1351719,0.41757597389353457
1351720,0.5369732980689106
1351722,0.3546919068789139
1351723,0.3546919068789139
1351724,0.3546919068789139
1351725,0.41757597389353457
1351726,0.41757597389353457
1351728,0.41757597389353457
1351730,0.41757597389353457
1351731,0.3546919068789139
1351732,0.5369732980689106
1351734,0.3546919068789139
1351735,0.41757597389353457
1351736,0.5369732980689106
1351737,0.41757597389353457
1351738,0.3546919068789139
1351739,0.3546919068789139
1351740,0.3546919068789139
1351741,0.5369732980689106
1351742,0.41757597389353457
1351743,0.41757597389353457
1351744,0.3546919068789139
1351746,0.3546919068789139
1351748,0.41757597389353457
1351751,0.3546919068789139
1351752,0.41757597389353457
1351753,0.3546919068789139
1351754,0.3546919068789139
1351755,0.3546919068789139
1351756,0.3546919068789139
1351759,0.41757597389353457
1351760,0.41757597389353457
1351761,0.41757597389353457
1351762,0.41757597389353457
1351763,0.41757597389353457
1351764,0.3546919068789139
1351765,0.3546919068789139
1351768,0.3546919068789139
1351769,0.5369732980689106
1351770,0.5369732980689106
1351771,0.3546919068789139
1351778,0.3546919068789139
1351780,0.41757597389353457
1351781,0.3546919068789139
1351782,0.3546919068789139
1351784,0.3546919068789139
1351785,0.41757597389353457
1351786,0.3546919068789139
1351787,0.3546919068789139
1351788,0.3546919068789139
1351789,0.41757597389353457
1351791,0.5369732980689106
1351792,0.41757597389353457
1351793,0.41757597389353457
1351794,0.41757597389353457
1351795,0.3546919068789139
1351796,0.5369732980689106
1351797,0.3546919068789139
1351798,0.3546919068789139
1351799,0.41757597389353457
1351801,0.5369732980689106
1351802,0.5369732980689106
1351803,0.5369732980689106
1351804,0.3546919068789139
1351806,0.3546919068789139
1351808,0.41757597389353457
1351809,0.41757597389353457
1351810,0.3546919068789139
1351811,0.3546919068789139
1351812,0.3546919068789139
1351814,0.3546919068789139
1351815,0.5369732980689106
1351817,0.3546919068789139
1351818,0.3546919068789139
1351821,0.3546919068789139
1351822,0.5369732980689106
1351823,0.3546919068789139
1351824,0.5369732980689106
1351826,0.3546919068789139
1351827,0.41757597389353457
1351828,0.41757597389353457
1351829,0.41757597389353457
1351831,0.3546919068789139
1351832,0.3546919068789139
1351835,0.41757597389353457
1351837,0.5369732980689106
1351838,0.41757597389353457
1351839,0.3546919068789139
1351840,0.5369732980689106
1351841,0.41757597389353457
1351842,0.3546919068789139
1351844,0.41757597389353457
1351845,0.3546919068789139
1351846,0.3546919068789139
1351847,0.41757597389353457
1351849,0.3546919068789139
1351850,0.5369732980689106
1351851,0.3546919068789139
1351852,0.3546919068789139
1351853,0.3546919068789139
1351854,0.3546919068789139
1351855,0.41757597389353457
1351856,0.3546919068789139
1351857,0.41757597389353457
1351858,0.3546919068789139
1351860,0.3546919068789139
1351861,0.3546919068789139
1351862,0.5369732980689106
1351863,0.41757597389353457
1352274,0.3546919068789139
1352275,0.3546919068789139
1352276,0.3546919068789139
1352277,0.41757597389353457
1352280,0.41757597389353457
1352283,0.41757597389353457
1352284,0.5369732980689106
1352286,0.41757597389353457
1352288,0.5369732980689106
1352289,0.3546919068789139
1352290,0.41757597389353457
1352291,0.5369732980689106
1352292,0.3546919068789139
1352294,0.3546919068789139
1352295,0.41757597389353457
1352299,0.5369732980689106
1352300,0.3546919068789139
1352303,0.41757597389353457
1352304,0.41757597389353457
1352305,0.3546919068789139
1352306,0.3546919068789139
1352307,0.3546919068789139
1352308,0.3546919068789139
1352309,0.3546919068789139
1352311,0.5369732980689106
1352312,0.3546919068789139
1352314,0.3546919068789139
1352315,0.3546919068789139
1352316,0.5369732980689106
1352317,0.41757597389353457
1352318,0.3546919068789139
1352319,0.41757597389353457
1352320,0.3546919068789139
1352321,0.41757597389353457
1352323,0.41757597389353457
1352324,0.3546919068789139
1352325,0.5369732980689106
1352326,0.3546919068789139
1352327,0.41757597389353457
1352328,0.41757597389353457
1352330,0.3546919068789139
1352331,0.3546919068789139
1352332,0.41757597389353457
1352333,0.5369732980689106
1352334,0.3546919068789139
1352336,0.41757597389353457
1352337,0.41757597389353457
1352339,0.3546919068789139
1352340,0.41757597389353457
1352341,0.5369732980689106
1352342,0.41757597389353457
1352343,0.3546919068789139
1352344,0.5369732980689106
1352345,0.3546919068789139
1352346,0.3546919068789139
1352347,0.5369732980689106
1352352,0.3546919068789139
1352353,0.41757597389353457
1352354,0.3546919068789139
1352355,0.41757597389353457
1352356,0.3546919068789139
1352357,0.41757597389353457
1352358,0.3546919068789139
1352359,0.3546919068789139
1352360,0.3546919068789139
1352362,0.41757597389353457
1352363,0.3546919068789139
1352364,0.3546919068789139
1352368,0.3546919068789139
1352369,0.3546919068789139
1352373,0.3546919068789139
1352374,0.41757597389353457
1352375,0.3546919068789139
1352376,0.3546919068789139
1352377,0.3546919068789139
1352378,0.3546919068789139
1352379,0.41757597389353457
1352381,0.3546919068789139
1352382,0.41757597389353457
1352384,0.3546919068789139
1352386,0.41757597389353457
1352387,0.5369732980689106
1352388,0.41757597389353457
1352389,0.5369732980689106
1352393,0.3546919068789139
1352394,0.5369732980689106
1352395,0.5369732980689106
1352397,0.41757597389353457
1352398,0.3546919068789139
1352399,0.3546919068789139
1352400,0.3546919068789139
1352402,0.41757597389353457
1352404,0.3546919068789139
1352405,0.41757597389353457
1352407,0.3546919068789139
1352410,0.3546919068789139
1352411,0.3546919068789139
1352412,0.41757597389353457
1352416,0.3546919068789139
1352418,0.41757597389353457
1352419,0.5369732980689106
1352420,0.5369732980689106
1352423,0.3546919068789139
1352424,0.5369732980689106
1352425,0.41757597389353457
1352426,0.3546919068789139
1352427,0.5369732980689106
1352428,0.3546919068789139
1352429,0.3546919068789139
1352430,0.3546919068789139
1352431,0.41757597389353457
1352434,0.5369732980689106
1352435,0.41757597389353457
1352436,0.3546919068789139
1352437,0.41757597389353457
1352441,0.3546919068789139
1352442,0.3546919068789139
1352443,0.3546919068789139
1352445,0.41757597389353457
1352446,0.5369732980689106
1352447,0.3546919068789139
1352448,0.41757597389353457
1352449,0.41757597389353457
1352450,0.41757597389353457
1352452,0.5369732980689106
1352454,0.3546919068789139
1352455,0.5369732980689106
1352456,0.3546919068789139
1352457,0.3546919068789139
1352459,0.41757597389353457
1352460,0.3546919068789139
1352461,0.3546919068789139
1352462,0.41757597389353457
1352464,0.41757597389353457
1352465,0.3546919068789139
1352466,0.3546919068789139
1352470,0.3546919068789139
1352471,0.3546919068789139
1352473,0.3546919068789139
1352474,0.41757597389353457
1352475,0.3546919068789139
1352476,0.3546919068789139
1352478,0.3546919068789139
1352479,0.3546919068789139
1352480,0.41757597389353457
1352481,0.41757597389353457
1352484,0.41757597389353457
1352485,0.41757597389353457
1352487,0.3546919068789139
1352488,0.41757597389353457
1352489,0.3546919068789139
1352492,0.41757597389353457
1352493,0.41757597389353457
1352495,0.3546919068789139
1352497,0.3546919068789139
1352499,0.3546919068789139
1352500,0.3546919068789139
1352501,0.3546919068789139
1352504,0.3546919068789139
1352506,0.3546919068789139
1352510,0.3546919068789139
1352513,0.3546919068789139
1352514,0.41757597389353457
1352515,0.5369732980689106
1352516,0.41757597389353457
1352518,0.41757597389353457
1352519,0.3546919068789139
1352520,0.3546919068789139
1352523,0.3546919068789139
1352525,0.3546919068789139
1352526,0.3546919068789139
1352527,0.41757597389353457
1352529,0.3546919068789139
1352532,0.41757597389353457
1352534,0.41757597389353457
1352536,0.3546919068789139
1352537,0.3546919068789139
1352538,0.41757597389353457
1352540,0.3546919068789139
1352543,0.3546919068789139
1352545,0.41757597389353457
1352546,0.41757597389353457
1352547,0.41757597389353457
1352548,0.41757597389353457
1352549,0.3546919068789139
1352550,0.5369732980689106
1352551,0.3546919068789139
1352553,0.5369732980689106
1352554,0.3546919068789139
1352555,0.41757597389353457
1352556,0.41757597389353457
1352557,0.3546919068789139
1352558,0.3546919068789139
1352559,0.41757597389353457
1352560,0.3546919068789139
1352561,0.3546919068789139
1352562,0.3546919068789139
1352563,0.41757597389353457
1352567,0.41757597389353457
1352569,0.41757597389353457
1352570,0.41757597389353457
1352572,0.3546919068789139
1352573,0.41757597389353457
1352575,0.3546919068789139
1352576,0.41757597389353457
1352577,0.5369732980689106
1352578,0.3546919068789139
1352579,0.3546919068789139
1352583,0.41757597389353457
1352584,0.3546919068789139
1352585,0.3546919068789139
1352586,0.3546919068789139
1352589,0.41757597389353457
1352591,0.5369732980689106
1352592,0.41757597389353457
1352593,0.3546919068789139
1352594,0.3546919068789139
1352596,0.3546919068789139
1352597,0.3546919068789139
1352598,0.41757597389353457
1352599,0.41757597389353457
1352600,0.3546919068789139
1352601,0.41757597389353457
1352602,0.5369732980689106
1352603,0.41757597389353457
1352604,0.41757597389353457
1352605,0.41757597389353457
1352608,0.41757597389353457
1352609,0.5369732980689106
1352610,0.41757597389353457
1352615,0.3546919068789139
1352616,0.41757597389353457
1352620,0.3546919068789139
1352621,0.41757597389353457
1352622,0.41757597389353457
1352623,0.3546919068789139
1352624,0.41757597389353457
1352625,0.3546919068789139
1352626,0.3546919068789139
1352627,0.41757597389353457
1352628,0.41757597389353457
1352630,0.41757597389353457
1352631,0.41757597389353457
1352633,0.41757597389353457
1352634,0.41757597389353457
1352635,0.3546919068789139
1352636,0.3546919068789139
1352637,0.5369732980689106
1352640,0.41757597389353457
1352641,0.3546919068789139
1352642,0.3546919068789139
1352646,0.3546919068789139
1352648,0.41757597389353457
1352649,0.5369732980689106
1352653,0.3546919068789139
1352654,0.41757597389353457
1352655,0.41757597389353457
1352656,0.41757597389353457
1352657,0.3546919068789139
1352658,0.41757597389353457
1352660,0.3546919068789139
1352661,0.3546919068789139
1352662,0.5369732980689106
1352663,0.3546919068789139
1352665,0.3546919068789139
1352667,0.41757597389353457
1352669,0.3546919068789139
1352671,0.41757597389353457
1352672,0.3546919068789139
1352673,0.3546919068789139
1352674,0.5369732980689106
1352675,0.41757597389353457
1352677,0.3546919068789139
1352678,0.5369732980689106
1352679,0.3546919068789139
1352681,0.41757597389353457
1352684,0.41757597389353457
1352685,0.3546919068789139
1352687,0.3546919068789139
1352688,0.5369732980689106
1352689,0.41757597389353457
1352690,0.41757597389353457
1352691,0.3546919068789139
1352692,0.5369732980689106
1352693,0.3546919068789139
1352695,0.3546919068789139
1352697,0.3546919068789139
1352698,0.3546919068789139
1352699,0.3546919068789139
1352700,0.3546919068789139
1352701,0.3546919068789139
1352702,0.41757597389353457
1352703,0.41757597389353457
1352704,0.41757597389353457
1352705,0.3546919068789139
1352706,0.5369732980689106
1352707,0.41757597389353457
1352708,0.5369732980689106
1352712,0.41757597389353457
1352713,0.3546919068789139
1352714,0.3546919068789139
1352715,0.3546919068789139
1352716,0.3546919068789139
1352720,0.3546919068789139
1352721,0.41757597389353457
1352722,0.41757597389353457
1352723,0.5369732980689106
1352727,0.3546919068789139
1352728,0.41757597389353457
1352729,0.3546919068789139
1352730,0.5369732980689106
1352731,0.3546919068789139
1352732,0.3546919068789139
1352733,0.3546919068789139
1352734,0.3546919068789139
1352735,0.41757597389353457
1352736,0.3546919068789139
1352737,0.41757597389353457
1352738,0.41757597389353457
1352739,0.5369732980689106
1352740,0.41757597389353457
1352741,0.41757597389353457
1352742,0.41757597389353457
1352743,0.3546919068789139
1352744,0.3546919068789139
1352745,0.5369732980689106
1352747,0.5369732980689106
1352748,0.41757597389353457
1352750,0.5369732980689106
1352751,0.5369732980689106
1352752,0.5369732980689106
1352753,0.41757597389353457
1352755,0.3546919068789139
1352756,0.3546919068789139
1352757,0.3546919068789139
1352758,0.3546919068789139
1352759,0.41757597389353457
1352760,0.41757597389353457
1352761,0.3546919068789139
1352762,0.5369732980689106
1352763,0.41757597389353457
1352766,0.5369732980689106
1352767,0.41757597389353457
1352771,0.3546919068789139
1352772,0.3546919068789139
1352773,0.5369732980689106
1352774,0.3546919068789139
1352775,0.3546919068789139
1352776,0.41757597389353457
1352777,0.5369732980689106
1352778,0.3546919068789139
1352779,0.41757597389353457
1352781,0.3546919068789139
1352782,0.41757597389353457
1352783,0.41757597389353457
1352785,0.3546919068789139
1352786,0.3546919068789139
1352787,0.41757597389353457
1352788,0.3546919068789139
1352789,0.3546919068789139
1352790,0.5369732980689106
1352791,0.41757597389353457
1352794,0.5369732980689106
1352797,0.41757597389353457
1352798,0.5369732980689106
1352799,0.3546919068789139
1352800,0.5369732980689106
1352802,0.3546919068789139
1352803,0.41757597389353457
1352804,0.3546919068789139
1352807,0.3546919068789139
1352808,0.5369732980689106
1352809,0.5369732980689106
1352810,0.3546919068789139
1352811,0.5369732980689106
1352812,0.3546919068789139
1352813,0.41757597389353457
1352815,0.41757597389353457
1352816,0.41757597389353457
1352817,0.3546919068789139
1352818,0.41757597389353457
1352820,0.5369732980689106
1352821,0.5369732980689106
1352822,0.5369732980689106
1352824,0.41757597389353457
1352825,0.41757597389353457
1352826,0.3546919068789139
1352829,0.3546919068789139
1352830,0.3546919068789139
1352832,0.3546919068789139
1352833,0.3546919068789139
1352834,0.3546919068789139
1352835,0.41757597389353457
1352836,0.5369732980689106
1352837,0.5369732980689106
1352839,0.41757597389353457
1352841,0.3546919068789139
1352842,0.3546919068789139
1352843,0.41757597389353457
1352845,0.3546919068789139
1352847,0.41757597389353457
1352848,0.5369732980689106
1352849,0.3546919068789139
1352851,0.3546919068789139
1352853,0.5369732980689106
1352855,0.3546919068789139
1352856,0.3546919068789139
1352857,0.5369732980689106
1352858,0.41757597389353457
1352859,0.41757597389353457
1352860,0.3546919068789139
1352862,0.41757597389353457
1352863,0.41757597389353457
1352865,0.3546919068789139
1352867,0.3546919068789139
1352868,0.3546919068789139
1352869,0.41757597389353457
1352871,0.41757597389353457
1352872,0.41757597389353457
1352874,0.41757597389353457
1352875,0.5369732980689106
1352876,0.3546919068789139
1352877,0.41757597389353457
1352879,0.3546919068789139
1352880,0.41757597389353457
1352881,0.41757597389353457
1352882,0.3546919068789139
1352884,0.41757597389353457
1352885,0.3546919068789139
1352887,0.3546919068789139
1352888,0.5369732980689106
1352889,0.41757597389353457
1352890,0.5369732980689106
1352893,0.5369732980689106
1352895,0.3546919068789139
1352896,0.5369732980689106
1352897,0.41757597389353457
1352898,0.41757597389353457
1352899,0.5369732980689106
1352901,0.5369732980689106
1352903,0.3546919068789139
1352905,0.41757597389353457
1352906,0.3546919068789139
1352907,0.41757597389353457
1352908,0.5369732980689106
1352909,0.41757597389353457
1352910,0.41757597389353457
1352911,0.41757597389353457
1352914,0.41757597389353457
1352915,0.41757597389353457
1352916,0.41757597389353457
1352917,0.3546919068789139
1352918,0.3546919068789139
1352919,0.3546919068789139
1352920,0.3546919068789139
1352923,0.3546919068789139
1352926,0.41757597389353457
1352927,0.3546919068789139
1352928,0.5369732980689106
1352929,0.3546919068789139
1352931,0.5369732980689106
1352933,0.3546919068789139
1352937,0.3546919068789139
1352939,0.41757597389353457
1352942,0.5369732980689106
1352943,0.3546919068789139
1352944,0.3546919068789139
1352945,0.41757597389353457
1352946,0.41757597389353457
1352947,0.41757597389353457
1352948,0.3546919068789139
1352949,0.3546919068789139
1352951,0.41757597389353457
1352952,0.3546919068789139
1352953,0.3546919068789139
1352954,0.3546919068789139
1352956,0.3546919068789139
1352957,0.5369732980689106
1352959,0.5369732980689106
1352960,0.3546919068789139
1352961,0.41757597389353457
1352964,0.3546919068789139
1352968,0.3546919068789139
1352970,0.3546919068789139
1352972,0.5369732980689106
1352974,0.3546919068789139
1352975,0.3546919068789139
1352980,0.3546919068789139
1352982,0.3546919068789139
1352984,0.3546919068789139
1352985,0.41757597389353457
1352989,0.5369732980689106
1352990,0.3546919068789139
1352991,0.3546919068789139
1352992,0.41757597389353457
1352993,0.41757597389353457
1352995,0.41757597389353457
1352996,0.3546919068789139
1352998,0.5369732980689106
1353000,0.3546919068789139
1353002,0.3546919068789139
1353003,0.41757597389353457
1353004,0.5369732980689106
1353006,0.3546919068789139
1353007,0.5369732980689106
1353009,0.3546919068789139
1353010,0.41757597389353457
1353012,0.3546919068789139
1353014,0.3546919068789139
1353015,0.41757597389353457
1353018,0.3546919068789139
1353019,0.3546919068789139
1353020,0.3546919068789139
1353021,0.3546919068789139
1353024,0.3546919068789139
1353026,0.3546919068789139
1353028,0.3546919068789139
1353031,0.5369732980689106
1353032,0.3546919068789139
1353035,0.5369732980689106
1353036,0.41757597389353457
1353038,0.3546919068789139
1353039,0.5369732980689106
1353040,0.41757597389353457
1353041,0.5369732980689106
1353042,0.3546919068789139
1353043,0.3546919068789139
1353046,0.3546919068789139
1353047,0.41757597389353457
1353049,0.3546919068789139
1353050,0.3546919068789139
1353051,0.41757597389353457
1353052,0.3546919068789139
1353053,0.5369732980689106
1353055,0.41757597389353457
1353057,0.5369732980689106
1353059,0.3546919068789139
1353060,0.3546919068789139
1353061,0.5369732980689106
1353063,0.41757597389353457
1353065,0.3546919068789139
1353067,0.5369732980689106
1353069,0.5369732980689106
1353070,0.41757597389353457
1353071,0.5369732980689106
1353072,0.3546919068789139
1353073,0.5369732980689106
1353075,0.3546919068789139
1353077,0.3546919068789139
1353084,0.3546919068789139
1353085,0.3546919068789139
1353086,0.3546919068789139
1353087,0.3546919068789139
1353088,0.5369732980689106
1353090,0.41757597389353457
1353091,0.3546919068789139
1353092,0.5369732980689106
1353093,0.3546919068789139
1353094,0.5369732980689106
1353096,0.3546919068789139
1353098,0.5369732980689106
1353099,0.5369732980689106
1353100,0.3546919068789139
1353102,0.41757597389353457
1353103,0.41757597389353457
1353104,0.3546919068789139
1353105,0.3546919068789139
1353106,0.41757597389353457
1353109,0.3546919068789139
1353110,0.3546919068789139
1353114,0.3546919068789139
1353116,0.3546919068789139
1353117,0.5369732980689106
1353118,0.41757597389353457
1353119,0.3546919068789139
1353121,0.41757597389353457
1353122,0.3546919068789139
1353123,0.41757597389353457
1353124,0.3546919068789139
1353127,0.3546919068789139
1353128,0.41757597389353457
1353129,0.3546919068789139
1353130,0.3546919068789139
1353131,0.3546919068789139
1353132,0.3546919068789139
1353133,0.41757597389353457
1353134,0.5369732980689106
1353135,0.41757597389353457
1353136,0.41757597389353457
1353137,0.3546919068789139
1353138,0.3546919068789139
1353139,0.3546919068789139
1353141,0.41757597389353457
1353142,0.3546919068789139
1353144,0.3546919068789139
1353146,0.3546919068789139
1353147,0.5369732980689106
1353149,0.5369732980689106
1353150,0.41757597389353457
1353152,0.3546919068789139
1353153,0.3546919068789139
1353154,0.41757597389353457
1353156,0.3546919068789139
1353158,0.41757597389353457
1353159,0.41757597389353457
1353161,0.3546919068789139
1353162,0.3546919068789139
1353164,0.5369732980689106
1353165,0.41757597389353457
1353166,0.3546919068789139
1353167,0.41757597389353457
1353168,0.3546919068789139
1353169,0.41757597389353457
1353170,0.3546919068789139
1353171,0.3546919068789139
1353172,0.3546919068789139
1353173,0.3546919068789139
1353176,0.3546919068789139
1353177,0.41757597389353457
1353178,0.41757597389353457
1353179,0.41757597389353457
1353180,0.41757597389353457
1353183,0.41757597389353457
1353185,0.3546919068789139
1353186,0.41757597389353457
1353187,0.3546919068789139
1353190,0.5369732980689106
1353191,0.3546919068789139
1353192,0.41757597389353457
1353193,0.41757597389353457
1353195,0.3546919068789139
1353196,0.41757597389353457
1353198,0.3546919068789139
1353200,0.3546919068789139
1353201,0.41757597389353457
1353202,0.5369732980689106
1353203,0.3546919068789139
1353205,0.3546919068789139
1353206,0.41757597389353457
1353207,0.3546919068789139
1353208,0.5369732980689106
1353209,0.3546919068789139
1353212,0.41757597389353457
1353213,0.3546919068789139
1353215,0.5369732980689106
1353216,0.3546919068789139
1353219,0.5369732980689106
1353221,0.5369732980689106
1353222,0.3546919068789139
1353226,0.5369732980689106
1353228,0.41757597389353457
1353229,0.5369732980689106
1353231,0.3546919068789139
1353232,0.3546919068789139
1353233,0.41757597389353457
1353236,0.41757597389353457
1353237,0.3546919068789139
1353238,0.3546919068789139
1353239,0.3546919068789139
1353241,0.5369732980689106
1353242,0.41757597389353457
1353243,0.3546919068789139
1353244,0.3546919068789139
1353245,0.41757597389353457
1353247,0.3546919068789139
1353248,0.41757597389353457
1353249,0.3546919068789139
1353250,0.3546919068789139
1353254,0.3546919068789139
1353256,0.3546919068789139
1353257,0.3546919068789139
1353259,0.3546919068789139
1353260,0.3546919068789139
1353261,0.41757597389353457
1353262,0.41757597389353457
1353263,0.3546919068789139
1353264,0.41757597389353457
1353265,0.3546919068789139
1353266,0.5369732980689106
1353268,0.41757597389353457
1353271,0.41757597389353457
1353272,0.41757597389353457
1353274,0.41757597389353457
1353276,0.41757597389353457
1353277,0.3546919068789139
1353278,0.3546919068789139
1353279,0.3546919068789139
1353280,0.3546919068789139
1353281,0.41757597389353457
1353283,0.41757597389353457
1353284,0.41757597389353457
1353285,0.41757597389353457
1353286,0.3546919068789139
1353290,0.3546919068789139
1353291,0.3546919068789139
1353292,0.41757597389353457
1353293,0.3546919068789139
1353294,0.5369732980689106
1353295,0.3546919068789139
1353298,0.3546919068789139
1353299,0.5369732980689106
1353301,0.3546919068789139
1353302,0.41757597389353457
1353304,0.41757597389353457
1353305,0.3546919068789139
1353306,0.5369732980689106
1353307,0.3546919068789139
1353308,0.41757597389353457
1353310,0.3546919068789139
1353311,0.3546919068789139
1353312,0.41757597389353457
1353313,0.3546919068789139
1353314,0.3546919068789139
1353317,0.3546919068789139
1353319,0.3546919068789139
1353320,0.3546919068789139
1353322,0.5369732980689106
1353324,0.41757597389353457
1353325,0.3546919068789139
1353326,0.3546919068789139
1353327,0.3546919068789139
1353328,0.41757597389353457
1353330,0.3546919068789139
1353333,0.3546919068789139
1353335,0.41757597389353457
1353338,0.3546919068789139
1353339,0.41757597389353457
1353340,0.3546919068789139
1353341,0.3546919068789139
1353342,0.3546919068789139
1353343,0.3546919068789139
1353344,0.3546919068789139
1353345,0.3546919068789139
1353346,0.3546919068789139
1353347,0.3546919068789139
1353351,0.5369732980689106
1353354,0.41757597389353457
1353355,0.41757597389353457
1353356,0.41757597389353457
1353358,0.41757597389353457
1353361,0.3546919068789139
1353362,0.3546919068789139
1353364,0.3546919068789139
1353365,0.3546919068789139
1353367,0.3546919068789139
1353368,0.41757597389353457
1353369,0.41757597389353457
1353373,0.5369732980689106
1353380,0.3546919068789139
1353384,0.3546919068789139
1353386,0.41757597389353457
1353390,0.41757597389353457
1353392,0.41757597389353457
1353394,0.41757597389353457
1353396,0.41757597389353457
1353398,0.41757597389353457
1353401,0.41757597389353457
1353403,0.3546919068789139
1353404,0.3546919068789139
1353405,0.3546919068789139
1353408,0.3546919068789139
1353409,0.41757597389353457
1353410,0.3546919068789139
1353411,0.41757597389353457
1353414,0.41757597389353457
1353415,0.3546919068789139
1353416,0.5369732980689106
1353420,0.41757597389353457
1353421,0.3546919068789139
1353423,0.41757597389353457
1353427,0.3546919068789139
1353428,0.3546919068789139
1353431,0.3546919068789139
1353432,0.3546919068789139
1353434,0.3546919068789139
1353435,0.3546919068789139
1353436,0.41757597389353457
1353439,0.41757597389353457
1353440,0.3546919068789139
1353441,0.41757597389353457
1353443,0.41757597389353457
1353444,0.3546919068789139
1353445,0.41757597389353457
1353446,0.41757597389353457
1353447,0.3546919068789139
1353449,0.41757597389353457
1353450,0.3546919068789139
1353451,0.3546919068789139
1353455,0.3546919068789139
1353456,0.41757597389353457
1353458,0.41757597389353457
1353461,0.3546919068789139
1353463,0.3546919068789139
1353464,0.3546919068789139
1353465,0.41757597389353457
1353467,0.3546919068789139
1353468,0.3546919068789139
1353469,0.3546919068789139
1353470,0.3546919068789139
1353471,0.3546919068789139
1353472,0.3546919068789139
1353473,0.3546919068789139
1353474,0.3546919068789139
1353475,0.41757597389353457
1353476,0.41757597389353457
1353477,0.5369732980689106
1353478,0.3546919068789139
1353479,0.41757597389353457
1353481,0.3546919068789139
1353482,0.41757597389353457
1353483,0.3546919068789139
1353486,0.3546919068789139
1353487,0.3546919068789139
1353488,0.5369732980689106
1353489,0.3546919068789139
1353490,0.3546919068789139
1353493,0.5369732980689106
1353495,0.3546919068789139
1353496,0.41757597389353457
1353497,0.3546919068789139
1353498,0.3546919068789139
1353502,0.5369732980689106
1353503,0.3546919068789139
1353504,0.41757597389353457
1353505,0.3546919068789139
1353506,0.5369732980689106
1353508,0.41757597389353457
1353509,0.41757597389353457
1353511,0.5369732980689106
1353514,0.3546919068789139
1353515,0.41757597389353457
1353516,0.5369732980689106
1353517,0.5369732980689106
1353519,0.3546919068789139
1353520,0.3546919068789139
1353521,0.3546919068789139
1353523,0.3546919068789139
1353524,0.5369732980689106
1353526,0.3546919068789139
1353529,0.3546919068789139
1353531,0.3546919068789139
1353532,0.41757597389353457
1353533,0.3546919068789139
1353534,0.3546919068789139
1353535,0.3546919068789139
1353536,0.3546919068789139
1353537,0.3546919068789139
1353538,0.41757597389353457
1353539,0.3546919068789139
1353540,0.41757597389353457
1353541,0.41757597389353457
1353542,0.41757597389353457
1353544,0.41757597389353457
1353545,0.3546919068789139
1353546,0.41757597389353457
1353547,0.3546919068789139
1353550,0.41757597389353457
1353551,0.41757597389353457
1353553,0.3546919068789139
1353556,0.3546919068789139
1353557,0.41757597389353457
1353558,0.5369732980689106
1353559,0.41757597389353457
1353560,0.3546919068789139
1353562,0.41757597389353457
1353563,0.3546919068789139
1353564,0.3546919068789139
1353573,0.3546919068789139
1353575,0.41757597389353457
1353576,0.3546919068789139
1353578,0.3546919068789139
1353580,0.5369732980689106
1353581,0.41757597389353457
1353582,0.41757597389353457
1353583,0.3546919068789139
1353584,0.41757597389353457
1353585,0.3546919068789139
1353587,0.3546919068789139
1353588,0.5369732980689106
1353590,0.41757597389353457
1353594,0.3546919068789139
1353596,0.3546919068789139
1353598,0.41757597389353457
1353599,0.5369732980689106
1353600,0.41757597389353457
1353601,0.3546919068789139
1353602,0.3546919068789139
1353603,0.5369732980689106
1353605,0.41757597389353457
1353606,0.3546919068789139
1353607,0.41757597389353457
1353610,0.41757597389353457
1353613,0.3546919068789139
1353614,0.41757597389353457
1353616,0.5369732980689106
1353617,0.41757597389353457
1353618,0.5369732980689106
1353621,0.41757597389353457
1353624,0.41757597389353457
1353627,0.41757597389353457
1353629,0.41757597389353457
1353630,0.3546919068789139
1353631,0.5369732980689106
1353633,0.41757597389353457
1353634,0.41757597389353457
1353636,0.3546919068789139
1353637,0.41757597389353457
1353640,0.3546919068789139
1353641,0.41757597389353457
1353643,0.3546919068789139
1353645,0.3546919068789139
1353646,0.41757597389353457
1353648,0.3546919068789139
1353649,0.3546919068789139
1353650,0.41757597389353457
1353651,0.3546919068789139
1353652,0.3546919068789139
1353653,0.3546919068789139
1353654,0.41757597389353457
1353655,0.3546919068789139
1353656,0.5369732980689106
1353657,0.3546919068789139
1353658,0.3546919068789139
1353659,0.3546919068789139
1353660,0.3546919068789139
1353661,0.3546919068789139
1353662,0.3546919068789139
1353664,0.3546919068789139
1353667,0.5369732980689106
1353669,0.3546919068789139
1353670,0.5369732980689106
1353671,0.3546919068789139
1353674,0.41757597389353457
1353675,0.41757597389353457
1353676,0.41757597389353457
1353677,0.3546919068789139
1353679,0.3546919068789139
1353682,0.3546919068789139
1353683,0.3546919068789139
1353684,0.3546919068789139
1353686,0.5369732980689106
1353688,0.3546919068789139
1353689,0.3546919068789139
1353690,0.3546919068789139
1353691,0.41757597389353457
1353692,0.3546919068789139
1353693,0.5369732980689106
1353694,0.3546919068789139
1353696,0.3546919068789139
1353697,0.3546919068789139
1353698,0.3546919068789139
1353699,0.41757597389353457
1353700,0.41757597389353457
1353701,0.5369732980689106
1353702,0.41757597389353457
1353703,0.41757597389353457
1353704,0.41757597389353457
1353705,0.3546919068789139
1353706,0.41757597389353457
1353707,0.3546919068789139
1353708,0.3546919068789139
1353709,0.3546919068789139
1353710,0.3546919068789139
1353712,0.41757597389353457
1353713,0.5369732980689106
1353714,0.41757597389353457
1353715,0.41757597389353457
1353716,0.5369732980689106
1353717,0.5369732980689106
1353718,0.3546919068789139
1353719,0.3546919068789139
1353721,0.41757597389353457
1353722,0.41757597389353457
1353723,0.3546919068789139
1353724,0.3546919068789139
1353728,0.3546919068789139
1353729,0.5369732980689106
1353730,0.3546919068789139
1353731,0.5369732980689106
1353732,0.3546919068789139
1353733,0.41757597389353457
1353736,0.3546919068789139
1353737,0.3546919068789139
1353738,0.5369732980689106
1353739,0.41757597389353457
1353740,0.41757597389353457
1353742,0.41757597389353457
1353745,0.41757597389353457
1353747,0.3546919068789139
1353751,0.41757597389353457
1353752,0.3546919068789139
1353754,0.41757597389353457
1353756,0.41757597389353457
1353758,0.3546919068789139
1353759,0.41757597389353457
1353760,0.5369732980689106
1353762,0.41757597389353457
1353764,0.41757597389353457
1353765,0.3546919068789139
1353766,0.3546919068789139
1353768,0.41757597389353457
1353769,0.5369732980689106
1353770,0.3546919068789139
1353771,0.41757597389353457
1353773,0.41757597389353457
1353774,0.3546919068789139
1353777,0.41757597389353457
1353778,0.3546919068789139
1353781,0.3546919068789139
1353782,0.3546919068789139
1353785,0.3546919068789139
1353787,0.3546919068789139
1353788,0.3546919068789139
1353789,0.3546919068789139
1353791,0.3546919068789139
1353794,0.41757597389353457
1353795,0.41757597389353457
1353796,0.41757597389353457
1353797,0.41757597389353457
1353798,0.3546919068789139
1353801,0.5369732980689106
1353802,0.3546919068789139
1353803,0.41757597389353457
1353804,0.3546919068789139
1353805,0.3546919068789139
1353807,0.41757597389353457
1353808,0.41757597389353457
1353809,0.3546919068789139
1353811,0.41757597389353457
1353813,0.3546919068789139
1353815,0.41757597389353457
1353817,0.3546919068789139
1353819,0.41757597389353457
1353820,0.5369732980689106
1353822,0.3546919068789139
1353823,0.3546919068789139
1353825,0.5369732980689106
1353826,0.3546919068789139
1353828,0.3546919068789139
1353831,0.3546919068789139
1353832,0.41757597389353457
1353833,0.3546919068789139
1353837,0.41757597389353457
1353840,0.3546919068789139
1353841,0.3546919068789139
1353842,0.41757597389353457
1353843,0.3546919068789139
1353844,0.3546919068789139
1353845,0.3546919068789139
1353846,0.3546919068789139
1353847,0.5369732980689106
1353849,0.41757597389353457
1353850,0.3546919068789139
1353851,0.41757597389353457
1353852,0.5369732980689106
1353853,0.41757597389353457
1353854,0.3546919068789139
1353855,0.3546919068789139
1353856,0.41757597389353457
1353857,0.3546919068789139
1353859,0.3546919068789139
1353861,0.3546919068789139
1353862,0.41757597389353457
1353863,0.41757597389353457
1353864,0.3546919068789139
1353865,0.3546919068789139
1353866,0.3546919068789139
1353867,0.3546919068789139
1353868,0.41757597389353457
1353869,0.3546919068789139
1353870,0.41757597389353457
1353871,0.5369732980689106
1353872,0.5369732980689106
1353873,0.3546919068789139
1353874,0.3546919068789139
1353876,0.3546919068789139
1353877,0.5369732980689106
1353878,0.3546919068789139
1353879,0.3546919068789139
1353880,0.3546919068789139
1353881,0.41757597389353457
1353882,0.3546919068789139
1353884,0.5369732980689106
1353885,0.41757597389353457
1353886,0.41757597389353457
1353887,0.41757597389353457
1353888,0.3546919068789139
1353889,0.41757597389353457
1353891,0.3546919068789139
1353892,0.41757597389353457
1353893,0.41757597389353457
1353895,0.3546919068789139
1353897,0.5369732980689106
1353898,0.41757597389353457
1353900,0.3546919068789139
1353901,0.3546919068789139
1353904,0.5369732980689106
1353905,0.41757597389353457
1353906,0.41757597389353457
1353908,0.3546919068789139
1353909,0.3546919068789139
1353912,0.3546919068789139
1353913,0.3546919068789139
1353915,0.41757597389353457
1353917,0.41757597389353457
1353918,0.3546919068789139
1353920,0.3546919068789139
1353921,0.3546919068789139
1353922,0.5369732980689106
1353923,0.41757597389353457
1353924,0.41757597389353457
1353925,0.41757597389353457
1353926,0.3546919068789139
1353927,0.41757597389353457
1353930,0.3546919068789139
1353931,0.3546919068789139
1353932,0.41757597389353457
1353934,0.3546919068789139
1353935,0.3546919068789139
1353936,0.41757597389353457
1353937,0.3546919068789139
1353939,0.5369732980689106
1353941,0.3546919068789139
1353942,0.3546919068789139
1353943,0.3546919068789139
1353944,0.41757597389353457
1353945,0.41757597389353457
1353948,0.41757597389353457
1353949,0.5369732980689106
1353950,0.3546919068789139
1353951,0.3546919068789139
1353952,0.3546919068789139
1353954,0.5369732980689106
1353955,0.5369732980689106
1353956,0.3546919068789139
1353957,0.3546919068789139
1353958,0.3546919068789139
1353959,0.5369732980689106
1353961,0.41757597389353457
1353962,0.41757597389353457
1353964,0.3546919068789139
1353966,0.3546919068789139
1353967,0.3546919068789139
1353968,0.3546919068789139
1353969,0.5369732980689106
1353970,0.3546919068789139
1353971,0.3546919068789139
1353972,0.5369732980689106
1353974,0.3546919068789139
1353975,0.3546919068789139
1353976,0.3546919068789139
1353977,0.3546919068789139
1353980,0.3546919068789139
1353981,0.3546919068789139
1353982,0.3546919068789139
1353983,0.3546919068789139
1353984,0.3546919068789139
1353985,0.3546919068789139
1353986,0.41757597389353457
1353987,0.3546919068789139
1353988,0.3546919068789139
1353990,0.41757597389353457
1353991,0.3546919068789139
1353992,0.41757597389353457
1353993,0.41757597389353457
1353994,0.41757597389353457
1353995,0.3546919068789139
1353996,0.3546919068789139
1354001,0.41757597389353457
1354002,0.5369732980689106
1354003,0.3546919068789139
1354004,0.41757597389353457
1354005,0.5369732980689106
1354007,0.5369732980689106
1354008,0.41757597389353457
1354009,0.3546919068789139
1354010,0.3546919068789139
1354013,0.3546919068789139
1354014,0.3546919068789139
1354016,0.3546919068789139
1354018,0.41757597389353457
1354020,0.3546919068789139
1354021,0.41757597389353457
1354022,0.3546919068789139
1354024,0.3546919068789139
1354025,0.5369732980689106
1354026,0.41757597389353457
1354027,0.41757597389353457
1354028,0.41757597389353457
1354030,0.41757597389353457
1354031,0.5369732980689106
1354032,0.3546919068789139
1354034,0.3546919068789139
1354035,0.3546919068789139
1354036,0.3546919068789139
1354037,0.3546919068789139
1354038,0.3546919068789139
1354039,0.41757597389353457
1354040,0.5369732980689106
1354041,0.3546919068789139
1354042,0.3546919068789139
1354043,0.41757597389353457
1354046,0.5369732980689106
1354047,0.41757597389353457
1354048,0.3546919068789139
1354049,0.3546919068789139
1354051,0.5369732980689106
1354052,0.41757597389353457
1354053,0.5369732980689106
1354054,0.41757597389353457
1354055,0.41757597389353457
1354056,0.3546919068789139
1354057,0.41757597389353457
1354059,0.3546919068789139
1354060,0.3546919068789139
1354061,0.41757597389353457
1354062,0.41757597389353457
1354064,0.3546919068789139
1354065,0.5369732980689106
1354066,0.3546919068789139
1354067,0.41757597389353457
1354069,0.41757597389353457
1354383,0.3546919068789139
1354384,0.3546919068789139
1354385,0.3546919068789139
1354386,0.41757597389353457
1354387,0.41757597389353457
1354389,0.3546919068789139
1354390,0.3546919068789139
1354391,0.41757597389353457
1354392,0.41757597389353457
1354395,0.41757597389353457
1354396,0.3546919068789139
1354397,0.41757597389353457
1354398,0.3546919068789139
1354399,0.41757597389353457
1354400,0.41757597389353457
1354401,0.3546919068789139
1354402,0.3546919068789139
1354403,0.41757597389353457
1354404,0.41757597389353457
1354405,0.3546919068789139
1354406,0.3546919068789139
1354407,0.3546919068789139
1354408,0.3546919068789139
1354410,0.3546919068789139
1354411,0.41757597389353457
1354414,0.41757597389353457
1354415,0.3546919068789139
1354416,0.3546919068789139
1354419,0.41757597389353457
1354420,0.5369732980689106
1354421,0.3546919068789139
1354422,0.3546919068789139
1354423,0.3546919068789139
1354424,0.3546919068789139
1354425,0.41757597389353457
1354426,0.41757597389353457
1354427,0.41757597389353457
1354429,0.5369732980689106
1354430,0.41757597389353457
1354431,0.3546919068789139
1354433,0.3546919068789139
1354435,0.3546919068789139
1354440,0.3546919068789139
1354442,0.3546919068789139
1354443,0.3546919068789139
1354444,0.3546919068789139
1354445,0.41757597389353457
1354446,0.41757597389353457
1354448,0.5369732980689106
1354451,0.3546919068789139
1354452,0.5369732980689106
1354455,0.41757597389353457
1354456,0.5369732980689106
1354458,0.3546919068789139
1354459,0.41757597389353457
1354460,0.3546919068789139
1354461,0.41757597389353457
1354462,0.3546919068789139
1354464,0.41757597389353457
1354465,0.41757597389353457
1354466,0.3546919068789139
1354468,0.3546919068789139
1354469,0.3546919068789139
1354470,0.41757597389353457
1354472,0.5369732980689106
1354473,0.3546919068789139
1354475,0.3546919068789139
1354477,0.3546919068789139
1354478,0.3546919068789139
1354480,0.5369732980689106
1354481,0.3546919068789139
1354482,0.3546919068789139
1354485,0.41757597389353457
1354487,0.41757597389353457
1354488,0.3546919068789139
1354489,0.41757597389353457
1354490,0.5369732980689106
1354491,0.41757597389353457
1354493,0.3546919068789139
1354494,0.41757597389353457
1354495,0.3546919068789139
1354496,0.3546919068789139
1354497,0.3546919068789139
1354498,0.3546919068789139
1354501,0.41757597389353457
1354502,0.41757597389353457
1354503,0.3546919068789139
1354504,0.41757597389353457
1354506,0.41757597389353457
1354507,0.3546919068789139
1354508,0.3546919068789139
1354509,0.41757597389353457
1354511,0.3546919068789139
1354514,0.3546919068789139
1354518,0.3546919068789139
1354519,0.3546919068789139
1354526,0.3546919068789139
1354527,0.3546919068789139
1354528,0.3546919068789139
1354531,0.3546919068789139
1354532,0.41757597389353457
1354533,0.41757597389353457
1354534,0.41757597389353457
1354535,0.3546919068789139
1354536,0.3546919068789139
1354537,0.41757597389353457
1354540,0.3546919068789139
1354543,0.41757597389353457
1354544,0.3546919068789139
1354547,0.41757597389353457
1354548,0.3546919068789139
1354549,0.41757597389353457
1354552,0.41757597389353457
1354554,0.3546919068789139
1354555,0.3546919068789139
1354557,0.5369732980689106
1354559,0.41757597389353457
1354563,0.3546919068789139
1354564,0.3546919068789139
1354565,0.41757597389353457
1354566,0.41757597389353457
1354567,0.3546919068789139
1354569,0.3546919068789139
1354571,0.41757597389353457
1354573,0.41757597389353457
1354575,0.3546919068789139
1354576,0.3546919068789139
1354578,0.5369732980689106
1354580,0.5369732980689106
1354581,0.3546919068789139
1354582,0.41757597389353457
1354583,0.3546919068789139
1354585,0.3546919068789139
1354586,0.3546919068789139
1354587,0.41757597389353457
1354588,0.41757597389353457
1354589,0.41757597389353457
1354590,0.3546919068789139
1354591,0.41757597389353457
1354592,0.3546919068789139
1354593,0.41757597389353457
1354594,0.41757597389353457
1354595,0.3546919068789139
1354596,0.41757597389353457
1354598,0.41757597389353457
1354599,0.3546919068789139
1354601,0.3546919068789139
1354602,0.3546919068789139
1354605,0.5369732980689106
1354606,0.3546919068789139
1354607,0.3546919068789139
1354608,0.41757597389353457
1354609,0.3546919068789139
1354610,0.3546919068789139
1354611,0.3546919068789139
1354613,0.3546919068789139
1354614,0.5369732980689106
1354615,0.3546919068789139
1354617,0.41757597389353457
1354618,0.41757597389353457
1354623,0.5369732980689106
1354625,0.41757597389353457
1354627,0.41757597389353457
1354629,0.41757597389353457
1354630,0.3546919068789139
1354632,0.3546919068789139
1354633,0.3546919068789139
1354635,0.41757597389353457
1354636,0.41757597389353457
1354637,0.41757597389353457
1354638,0.3546919068789139
1354639,0.41757597389353457
1354641,0.41757597389353457
1354642,0.41757597389353457
1354644,0.41757597389353457
1354645,0.41757597389353457
1354646,0.5369732980689106
1354647,0.3546919068789139
1354648,0.3546919068789139
1354649,0.41757597389353457
1354650,0.41757597389353457
1354651,0.41757597389353457
1354653,0.5369732980689106
1354654,0.41757597389353457
1354658,0.41757597389353457
1354659,0.3546919068789139
1354661,0.41757597389353457
1354662,0.41757597389353457
1354663,0.41757597389353457
1354664,0.41757597389353457
1354666,0.3546919068789139
1354669,0.41757597389353457
1354670,0.41757597389353457
1354671,0.3546919068789139
1354672,0.41757597389353457
1354673,0.3546919068789139
1354674,0.3546919068789139
1354675,0.3546919068789139
1354676,0.3546919068789139
1354678,0.3546919068789139
1354679,0.41757597389353457
1354682,0.3546919068789139
1354683,0.41757597389353457
1354685,0.41757597389353457
1354687,0.3546919068789139
1354688,0.3546919068789139
1354690,0.3546919068789139
1354691,0.3546919068789139
1354692,0.3546919068789139
1354695,0.3546919068789139
1354697,0.3546919068789139
1354700,0.41757597389353457
1354701,0.3546919068789139
1354702,0.41757597389353457
1354703,0.3546919068789139
1354704,0.3546919068789139
1354706,0.3546919068789139
1354707,0.41757597389353457
1354708,0.41757597389353457
1354711,0.41757597389353457
1354712,0.41757597389353457
1354715,0.3546919068789139
1354716,0.3546919068789139
1354717,0.41757597389353457
1354718,0.41757597389353457
1354720,0.41757597389353457
1354721,0.5369732980689106
1354722,0.3546919068789139
1354723,0.3546919068789139
1354724,0.3546919068789139
1354725,0.3546919068789139
1354727,0.3546919068789139
1354728,0.3546919068789139
1354729,0.3546919068789139
1354731,0.3546919068789139
1354732,0.41757597389353457
1354733,0.3546919068789139
1354734,0.41757597389353457
1354735,0.41757597389353457
1354736,0.3546919068789139
1354737,0.41757597389353457
1354738,0.5369732980689106
1354739,0.41757597389353457
1354741,0.41757597389353457
1354742,0.3546919068789139
1354743,0.41757597389353457
1354745,0.3546919068789139
1354748,0.41757597389353457
1354749,0.3546919068789139
1354750,0.3546919068789139
1354751,0.3546919068789139
1354752,0.5369732980689106
1354753,0.41757597389353457
1354754,0.5369732980689106
1354755,0.5369732980689106
1354756,0.5369732980689106
1354760,0.41757597389353457
1354761,0.5369732980689106
1354764,0.41757597389353457
1354766,0.3546919068789139
1354767,0.3546919068789139
1354768,0.3546919068789139
1354769,0.5369732980689106
1354770,0.5369732980689106
1354771,0.3546919068789139
1354773,0.41757597389353457
1354775,0.3546919068789139
1354776,0.41757597389353457
1354777,0.3546919068789139
1354779,0.3546919068789139
1354780,0.41757597389353457
1354782,0.3546919068789139
1354783,0.3546919068789139
1354785,0.41757597389353457
1354786,0.5369732980689106
1354787,0.5369732980689106
1354788,0.3546919068789139
1354789,0.3546919068789139
1354790,0.41757597389353457
1354792,0.41757597389353457
1354794,0.41757597389353457
1354797,0.41757597389353457
1354798,0.5369732980689106
1354799,0.3546919068789139
1354800,0.3546919068789139
1354801,0.3546919068789139
1354802,0.5369732980689106
1354803,0.41757597389353457
1354805,0.3546919068789139
1354806,0.5369732980689106
1354807,0.3546919068789139
1354809,0.3546919068789139
1354810,0.41757597389353457
1354811,0.41757597389353457
1354814,0.5369732980689106
1354815,0.3546919068789139
1354816,0.5369732980689106
1354817,0.41757597389353457
1354819,0.41757597389353457
1354821,0.41757597389353457
1354822,0.3546919068789139
1354823,0.41757597389353457
1354824,0.3546919068789139
1354825,0.3546919068789139
1354827,0.5369732980689106
1354828,0.41757597389353457
1354829,0.3546919068789139
1354830,0.3546919068789139
1354831,0.3546919068789139
1354832,0.41757597389353457
1354834,0.41757597389353457
1354835,0.3546919068789139
1354836,0.3546919068789139
1354837,0.3546919068789139
1354838,0.3546919068789139
1354839,0.3546919068789139
1354840,0.41757597389353457
1354841,0.41757597389353457
1354843,0.5369732980689106
1354844,0.3546919068789139
1354845,0.3546919068789139
1354846,0.3546919068789139
1354847,0.3546919068789139
1354848,0.41757597389353457
1354849,0.3546919068789139
1354850,0.5369732980689106
1354852,0.41757597389353457
1354853,0.3546919068789139
1354855,0.3546919068789139
1354857,0.3546919068789139
1354860,0.5369732980689106
1354862,0.3546919068789139
1354863,0.5369732980689106
1354864,0.41757597389353457
1354865,0.3546919068789139
1354866,0.3546919068789139
1354867,0.3546919068789139
1354868,0.41757597389353457
1354869,0.3546919068789139
1354870,0.5369732980689106
1354871,0.5369732980689106
1354872,0.3546919068789139
1354875,0.41757597389353457
1354877,0.41757597389353457
1354878,0.3546919068789139
1354879,0.41757597389353457
1354880,0.3546919068789139
1354881,0.3546919068789139
1354882,0.41757597389353457
1354884,0.41757597389353457
1354885,0.3546919068789139
1354886,0.41757597389353457
1354887,0.3546919068789139
1354888,0.41757597389353457
1354890,0.3546919068789139
1354892,0.3546919068789139
1354893,0.41757597389353457
1354894,0.5369732980689106
1354895,0.3546919068789139
1354896,0.3546919068789139
1354897,0.3546919068789139
1354898,0.41757597389353457
1354899,0.5369732980689106
1354900,0.3546919068789139
1354901,0.3546919068789139
1354902,0.3546919068789139
1354903,0.3546919068789139
1354905,0.3546919068789139
1354906,0.5369732980689106
1354908,0.41757597389353457
1354911,0.5369732980689106
1354912,0.3546919068789139
1354914,0.41757597389353457
1354915,0.41757597389353457
1354916,0.3546919068789139
1354917,0.3546919068789139
1354918,0.41757597389353457
1354920,0.41757597389353457
1354921,0.41757597389353457
1354922,0.3546919068789139
1354923,0.41757597389353457
1354926,0.3546919068789139
1354927,0.3546919068789139
1354928,0.41757597389353457
1354929,0.41757597389353457
1354930,0.41757597389353457
1354931,0.3546919068789139
1354933,0.41757597389353457
1354937,0.3546919068789139
1354938,0.3546919068789139
1354940,0.3546919068789139
1354941,0.3546919068789139
1354942,0.5369732980689106
1354943,0.3546919068789139
1354944,0.41757597389353457
1354945,0.3546919068789139
1354946,0.5369732980689106
1354947,0.41757597389353457
1354948,0.41757597389353457
1354949,0.41757597389353457
1354951,0.41757597389353457
1354952,0.3546919068789139
1354953,0.3546919068789139
1354954,0.3546919068789139
1354956,0.41757597389353457
1354957,0.41757597389353457
1354958,0.3546919068789139
1354959,0.41757597389353457
1354960,0.5369732980689106
1354961,0.41757597389353457
1354962,0.5369732980689106
1354964,0.41757597389353457
1354965,0.41757597389353457
1354966,0.3546919068789139
1354967,0.41757597389353457
1354968,0.41757597389353457
1354969,0.41757597389353457
1354970,0.41757597389353457
1354971,0.3546919068789139
1354972,0.41757597389353457
1354973,0.41757597389353457
1354974,0.3546919068789139
1354975,0.5369732980689106
1354976,0.41757597389353457
1354978,0.5369732980689106
1354979,0.41757597389353457
1354980,0.5369732980689106
1354981,0.3546919068789139
1354982,0.3546919068789139
1354983,0.41757597389353457
1354984,0.41757597389353457
1354985,0.3546919068789139
1354986,0.3546919068789139
1354987,0.41757597389353457
1354989,0.41757597389353457
1354990,0.3546919068789139
1354991,0.41757597389353457
1354993,0.3546919068789139
1354994,0.3546919068789139
1354995,0.41757597389353457
1354997,0.41757597389353457
1354998,0.41757597389353457
1354999,0.41757597389353457
1355000,0.3546919068789139
1355001,0.3546919068789139
1355002,0.3546919068789139
1355003,0.5369732980689106
1355006,0.3546919068789139
1355007,0.5369732980689106
1355008,0.41757597389353457
1355009,0.5369732980689106
1355010,0.5369732980689106
1355011,0.3546919068789139
1355013,0.5369732980689106
1355014,0.3546919068789139
1355018,0.5369732980689106
1355019,0.3546919068789139
1355020,0.41757597389353457
1355022,0.3546919068789139
1355023,0.5369732980689106
1355024,0.41757597389353457
1355025,0.41757597389353457
1355029,0.3546919068789139
1355030,0.3546919068789139
1355031,0.3546919068789139
1355032,0.3546919068789139
1355033,0.5369732980689106
1355034,0.3546919068789139
1355037,0.3546919068789139
1355038,0.3546919068789139
1355040,0.41757597389353457
1355041,0.41757597389353457
1355043,0.3546919068789139
1355044,0.3546919068789139
1355045,0.41757597389353457
1355047,0.3546919068789139
1355049,0.3546919068789139
1355051,0.5369732980689106
1355052,0.3546919068789139
1355053,0.41757597389353457
1355054,0.3546919068789139
1355055,0.5369732980689106
1355056,0.3546919068789139
1355057,0.5369732980689106
1355058,0.41757597389353457
1355059,0.3546919068789139
1355060,0.41757597389353457
1355061,0.3546919068789139
1355062,0.3546919068789139
1355064,0.3546919068789139
1355066,0.3546919068789139
1355067,0.41757597389353457
1355069,0.41757597389353457
1355070,0.3546919068789139
1355071,0.3546919068789139
1355073,0.3546919068789139
1355075,0.3546919068789139
1355076,0.3546919068789139
1355077,0.3546919068789139
1355078,0.5369732980689106
1355079,0.41757597389353457
1355081,0.41757597389353457
1355082,0.3546919068789139
1355083,0.3546919068789139
1355084,0.3546919068789139
1355086,0.41757597389353457
1355087,0.3546919068789139
1355088,0.3546919068789139
1355090,0.3546919068789139
1355091,0.3546919068789139
1355092,0.3546919068789139
1355093,0.3546919068789139
1355094,0.5369732980689106
1355095,0.3546919068789139
1355096,0.41757597389353457
1355098,0.41757597389353457
1355099,0.41757597389353457
1355101,0.3546919068789139
1355102,0.41757597389353457
1355103,0.5369732980689106
1355104,0.41757597389353457
1355105,0.41757597389353457
1355107,0.3546919068789139
1355109,0.3546919068789139
1355110,0.41757597389353457
1355111,0.5369732980689106
1355112,0.41757597389353457
1355113,0.3546919068789139
1355114,0.3546919068789139
1355115,0.3546919068789139
1355116,0.41757597389353457
1355118,0.3546919068789139
1355120,0.41757597389353457
1355122,0.3546919068789139
1355123,0.3546919068789139
1355126,0.3546919068789139
1355127,0.3546919068789139
1355128,0.41757597389353457
1355132,0.41757597389353457
1355133,0.41757597389353457
1355134,0.3546919068789139
1355135,0.3546919068789139
1355136,0.3546919068789139
1355137,0.3546919068789139
1355138,0.3546919068789139
1355139,0.3546919068789139
1355140,0.3546919068789139
1355141,0.41757597389353457
1355142,0.3546919068789139
1355143,0.41757597389353457
1355144,0.41757597389353457
1355145,0.41757597389353457
1355146,0.3546919068789139
1355148,0.41757597389353457
1355150,0.3546919068789139
1355151,0.41757597389353457
1355154,0.41757597389353457
1355155,0.3546919068789139
1355156,0.5369732980689106
1355159,0.3546919068789139
1355160,0.5369732980689106
1355161,0.5369732980689106
1355162,0.3546919068789139
1355163,0.3546919068789139
1355166,0.3546919068789139
1355168,0.3546919068789139
1355169,0.41757597389353457
1355172,0.3546919068789139
1355174,0.3546919068789139
1355178,0.41757597389353457
1355179,0.3546919068789139
1355180,0.3546919068789139
1355181,0.3546919068789139
1355183,0.41757597389353457
1355184,0.41757597389353457
1355186,0.41757597389353457
1355187,0.3546919068789139
1355188,0.3546919068789139
1355189,0.41757597389353457
1355190,0.41757597389353457
1355191,0.41757597389353457
1355192,0.41757597389353457
1355194,0.3546919068789139
1355195,0.5369732980689106
1355198,0.5369732980689106
1355199,0.3546919068789139
1355200,0.3546919068789139
1355202,0.41757597389353457
1355203,0.3546919068789139
1355205,0.41757597389353457
1355206,0.3546919068789139
1355207,0.3546919068789139
1355208,0.3546919068789139
1355209,0.41757597389353457
1355211,0.3546919068789139
1355212,0.3546919068789139
1355213,0.41757597389353457
1355214,0.41757597389353457
1355215,0.5369732980689106
1355217,0.5369732980689106
1355218,0.3546919068789139
1355220,0.41757597389353457
1355221,0.41757597389353457
1355223,0.41757597389353457
1355225,0.5369732980689106
1355226,0.3546919068789139
1355227,0.41757597389353457
1355228,0.3546919068789139
1355230,0.41757597389353457
1355231,0.41757597389353457
1355233,0.3546919068789139
1355234,0.41757597389353457
1355235,0.3546919068789139
1355237,0.41757597389353457
1355238,0.41757597389353457
1355239,0.41757597389353457
1355240,0.41757597389353457
1355241,0.3546919068789139
1355243,0.3546919068789139
1355245,0.41757597389353457
1355246,0.41757597389353457
1355247,0.3546919068789139
1355248,0.3546919068789139
1355249,0.3546919068789139
1355250,0.3546919068789139
1355251,0.3546919068789139
1355252,0.3546919068789139
1355253,0.3546919068789139
1355254,0.3546919068789139
1355256,0.41757597389353457
1355257,0.41757597389353457
1355258,0.3546919068789139
1355259,0.5369732980689106
1355261,0.3546919068789139
1355262,0.41757597389353457
1355263,0.41757597389353457
1355264,0.3546919068789139
1355265,0.3546919068789139
1355266,0.5369732980689106
1355268,0.3546919068789139
1355270,0.3546919068789139
1355271,0.3546919068789139
1355273,0.41757597389353457
1355274,0.3546919068789139
1355275,0.3546919068789139
1355276,0.5369732980689106
1355277,0.3546919068789139
1355278,0.3546919068789139
1355279,0.41757597389353457
1355280,0.3546919068789139
1355281,0.41757597389353457
1355282,0.3546919068789139
1355284,0.3546919068789139
1355285,0.41757597389353457
1355288,0.3546919068789139
1355289,0.3546919068789139
1355290,0.3546919068789139
1355291,0.41757597389353457
1355292,0.41757597389353457
1355293,0.41757597389353457
1355294,0.41757597389353457
1355295,0.5369732980689106
1355296,0.41757597389353457
1355297,0.3546919068789139
1355298,0.5369732980689106
1355299,0.5369732980689106
1355300,0.5369732980689106
1355301,0.41757597389353457
1355302,0.3546919068789139
1355303,0.3546919068789139
1355304,0.41757597389353457
1355307,0.41757597389353457
1355308,0.3546919068789139
1355309,0.3546919068789139
1355310,0.3546919068789139
1355311,0.3546919068789139
1355312,0.3546919068789139
1355313,0.3546919068789139
1355314,0.41757597389353457
1355316,0.3546919068789139
1355317,0.41757597389353457
1355318,0.3546919068789139
1355320,0.41757597389353457
1355321,0.3546919068789139
1355322,0.3546919068789139
1355323,0.41757597389353457
1355325,0.41757597389353457
1355326,0.41757597389353457
1355327,0.3546919068789139
1355328,0.3546919068789139
1355329,0.3546919068789139
1355330,0.3546919068789139
1355331,0.3546919068789139
1355332,0.3546919068789139
1355333,0.3546919068789139
1355334,0.41757597389353457
1355335,0.41757597389353457
1355336,0.3546919068789139
1355337,0.3546919068789139
1355339,0.3546919068789139
1355340,0.5369732980689106
1355341,0.41757597389353457
1355342,0.3546919068789139
1355343,0.3546919068789139
1355344,0.3546919068789139
1355345,0.3546919068789139
1355346,0.5369732980689106
1355347,0.3546919068789139
1355348,0.41757597389353457
1355349,0.41757597389353457
1355350,0.41757597389353457
1355351,0.41757597389353457
1355352,0.5369732980689106
1355353,0.3546919068789139
1355355,0.41757597389353457
1355356,0.3546919068789139
1355357,0.3546919068789139
1355358,0.41757597389353457
1355361,0.41757597389353457
1355362,0.41757597389353457
1355363,0.3546919068789139
1355364,0.41757597389353457
1355365,0.41757597389353457
1355366,0.41757597389353457
1355368,0.5369732980689106
1355369,0.3546919068789139
1355370,0.41757597389353457
1355371,0.3546919068789139
1355372,0.3546919068789139
1355373,0.41757597389353457
1355374,0.41757597389353457
1355376,0.3546919068789139
1355377,0.3546919068789139
1355378,0.5369732980689106
1355379,0.3546919068789139
1355380,0.41757597389353457
1355381,0.41757597389353457
1355382,0.3546919068789139
1355383,0.3546919068789139
1355384,0.3546919068789139
1355385,0.3546919068789139
1355386,0.3546919068789139
1355387,0.3546919068789139
1355389,0.3546919068789139
1355391,0.3546919068789139
1355392,0.3546919068789139
1355393,0.3546919068789139
1355394,0.3546919068789139
1355395,0.41757597389353457
1355396,0.41757597389353457
1355397,0.41757597389353457
1355398,0.3546919068789139
1355399,0.41757597389353457
1355401,0.3546919068789139
1355404,0.3546919068789139
1355406,0.3546919068789139
1355407,0.5369732980689106
1355408,0.3546919068789139
1355409,0.3546919068789139
1355676,0.3546919068789139
1355677,0.3546919068789139
1355678,0.41757597389353457
1355680,0.41757597389353457
1355681,0.41757597389353457
1355682,0.3546919068789139
1355683,0.3546919068789139
1355684,0.5369732980689106
1355685,0.3546919068789139
1355687,0.3546919068789139
1355688,0.41757597389353457
1355689,0.3546919068789139
1355690,0.41757597389353457
1355692,0.3546919068789139
1355693,0.3546919068789139
1355694,0.41757597389353457
1355695,0.41757597389353457
1355696,0.41757597389353457
1355697,0.3546919068789139
1355698,0.3546919068789139
1355699,0.41757597389353457
1355700,0.3546919068789139
1355701,0.3546919068789139
1355702,0.3546919068789139
1355703,0.3546919068789139
1355704,0.5369732980689106
1355706,0.5369732980689106
1355707,0.41757597389353457
1355708,0.3546919068789139
1355712,0.3546919068789139
1355713,0.5369732980689106
1355715,0.41757597389353457
1355717,0.41757597389353457
1355718,0.41757597389353457
1355719,0.3546919068789139
1355720,0.3546919068789139
1355721,0.5369732980689106
1355725,0.5369732980689106
1355726,0.3546919068789139
1355728,0.41757597389353457
1355732,0.3546919068789139
1355735,0.3546919068789139
1355736,0.3546919068789139
1355737,0.41757597389353457
1355739,0.41757597389353457
1355742,0.3546919068789139
1355743,0.3546919068789139
1355746,0.3546919068789139
1355749,0.41757597389353457
1355750,0.3546919068789139
1355752,0.41757597389353457
1355755,0.3546919068789139
1355756,0.3546919068789139
1355757,0.3546919068789139
1355758,0.41757597389353457
1355760,0.41757597389353457
1355763,0.3546919068789139
1355766,0.5369732980689106
1355768,0.41757597389353457
1355771,0.41757597389353457
1355773,0.3546919068789139
1355774,0.41757597389353457
1355776,0.3546919068789139
1355778,0.41757597389353457
1355783,0.3546919068789139
1355784,0.41757597389353457
1355785,0.41757597389353457
1355786,0.5369732980689106
1355788,0.41757597389353457
1355790,0.3546919068789139
1355791,0.3546919068789139
1355792,0.3546919068789139
1355793,0.3546919068789139
1355798,0.41757597389353457
1355799,0.5369732980689106
1355800,0.41757597389353457
1355804,0.3546919068789139
1355805,0.3546919068789139
1355806,0.41757597389353457
1355807,0.41757597389353457
1355808,0.3546919068789139
1355809,0.3546919068789139
1355812,0.41757597389353457
1355814,0.41757597389353457
1355815,0.3546919068789139
1355818,0.3546919068789139
1355821,0.3546919068789139
1355822,0.41757597389353457
1355825,0.41757597389353457
1355827,0.5369732980689106
1355828,0.3546919068789139
1355830,0.3546919068789139
1355831,0.41757597389353457
1355832,0.3546919068789139
1355834,0.41757597389353457
1355835,0.41757597389353457
1355836,0.41757597389353457
1355838,0.3546919068789139
1355840,0.3546919068789139
1355841,0.5369732980689106
1355845,0.41757597389353457
1355846,0.3546919068789139
1355847,0.5369732980689106
1355848,0.3546919068789139
1355849,0.3546919068789139
1355850,0.3546919068789139
1355853,0.3546919068789139
1355855,0.3546919068789139
1355858,0.41757597389353457
1355860,0.41757597389353457
1355861,0.41757597389353457
1355862,0.41757597389353457
1355863,0.3546919068789139
1355864,0.41757597389353457
1355865,0.3546919068789139
1355866,0.3546919068789139
1355868,0.5369732980689106
1355870,0.5369732980689106
1355873,0.41757597389353457
1355876,0.5369732980689106
1355877,0.41757597389353457
1355879,0.41757597389353457
1355880,0.3546919068789139
1355881,0.3546919068789139
1355884,0.41757597389353457
1355885,0.5369732980689106
1355886,0.3546919068789139
1355887,0.41757597389353457
1355888,0.3546919068789139
1355889,0.5369732980689106
1355890,0.41757597389353457
1355891,0.5369732980689106
1355892,0.5369732980689106
1355893,0.3546919068789139
1355894,0.3546919068789139
1355895,0.3546919068789139
1355896,0.5369732980689106
1355897,0.3546919068789139
1355898,0.3546919068789139
1355899,0.3546919068789139
1355901,0.3546919068789139
1355902,0.3546919068789139
1355903,0.5369732980689106
1355904,0.3546919068789139
1355905,0.41757597389353457
1355908,0.3546919068789139
1355911,0.41757597389353457
1355912,0.41757597389353457
1355913,0.3546919068789139
1355914,0.3546919068789139
1355919,0.41757597389353457
1355921,0.3546919068789139
1355922,0.3546919068789139
1355923,0.3546919068789139
1355925,0.5369732980689106
1355927,0.41757597389353457
1355930,0.41757597389353457
1355932,0.5369732980689106
1355934,0.41757597389353457
1355935,0.41757597389353457
1355938,0.41757597389353457
1355939,0.41757597389353457
1355941,0.3546919068789139
1355943,0.3546919068789139
1355945,0.3546919068789139
1355946,0.3546919068789139
1355948,0.5369732980689106
1355949,0.41757597389353457
1355951,0.41757597389353457
1355952,0.3546919068789139
1355953,0.3546919068789139
1355954,0.41757597389353457
1355955,0.3546919068789139
1355956,0.41757597389353457
1355960,0.3546919068789139
1355961,0.41757597389353457
1355962,0.5369732980689106
1355963,0.3546919068789139
1355965,0.3546919068789139
1355966,0.41757597389353457
1355967,0.41757597389353457
1355968,0.41757597389353457
1355969,0.3546919068789139
1355972,0.3546919068789139
1355975,0.5369732980689106
1355976,0.41757597389353457
1355977,0.41757597389353457
1355978,0.5369732980689106
1355979,0.3546919068789139
1355980,0.3546919068789139
1355981,0.3546919068789139
1355983,0.3546919068789139
1355984,0.3546919068789139
1355985,0.41757597389353457
1355986,0.3546919068789139
1355990,0.3546919068789139
1355992,0.3546919068789139
1355994,0.3546919068789139
1355996,0.41757597389353457
1355997,0.3546919068789139
1355998,0.3546919068789139
1355999,0.3546919068789139
1356000,0.5369732980689106
1356001,0.3546919068789139
1356002,0.5369732980689106
1356006,0.5369732980689106
1356008,0.41757597389353457
1356010,0.41757597389353457
1356012,0.41757597389353457
1356014,0.41757597389353457
1356018,0.3546919068789139
1356019,0.3546919068789139
1356020,0.5369732980689106
1356021,0.3546919068789139
1356022,0.3546919068789139
1356023,0.41757597389353457
1356024,0.3546919068789139
1356025,0.3546919068789139
1356026,0.3546919068789139
1356027,0.41757597389353457
1356030,0.5369732980689106
1356031,0.5369732980689106
1356034,0.41757597389353457
1356035,0.3546919068789139
1356036,0.41757597389353457
1356037,0.3546919068789139
1356038,0.3546919068789139
1356039,0.41757597389353457
1356040,0.3546919068789139
1356041,0.41757597389353457
1356042,0.5369732980689106
1356043,0.41757597389353457
1356044,0.3546919068789139
1356045,0.41757597389353457
1356046,0.41757597389353457
1356048,0.3546919068789139
1356049,0.41757597389353457
1356051,0.41757597389353457
1356052,0.3546919068789139
1356053,0.3546919068789139
1356054,0.3546919068789139
1356055,0.3546919068789139
1356056,0.3546919068789139
1356057,0.3546919068789139
1356058,0.3546919068789139
1356061,0.3546919068789139
1356063,0.3546919068789139
1356067,0.3546919068789139
1356070,0.5369732980689106
1356071,0.3546919068789139
1356072,0.5369732980689106
1356076,0.3546919068789139
1356077,0.41757597389353457
1356079,0.3546919068789139
1356080,0.3546919068789139
1356081,0.41757597389353457
1356082,0.3546919068789139
1356083,0.41757597389353457
1356084,0.3546919068789139
1356085,0.3546919068789139
1356087,0.3546919068789139
1356089,0.5369732980689106
1356092,0.41757597389353457
1356093,0.41757597389353457
1356094,0.41757597389353457
1356095,0.3546919068789139
1356096,0.5369732980689106
1356097,0.41757597389353457
1356098,0.3546919068789139
1356099,0.5369732980689106
1356100,0.3546919068789139
1356101,0.3546919068789139
1356102,0.3546919068789139
1356105,0.5369732980689106
1356106,0.5369732980689106
1356107,0.3546919068789139
1356109,0.41757597389353457
1356110,0.3546919068789139
1356111,0.41757597389353457
1356112,0.3546919068789139
1356114,0.41757597389353457
1356115,0.41757597389353457
1356116,0.3546919068789139
1356117,0.3546919068789139
1356118,0.3546919068789139
1356119,0.3546919068789139
1356121,0.5369732980689106
1356123,0.3546919068789139
1356124,0.3546919068789139
1356125,0.3546919068789139
1356126,0.41757597389353457
1356128,0.3546919068789139
1356130,0.3546919068789139
1356131,0.3546919068789139
1356132,0.5369732980689106
1356133,0.41757597389353457
1356134,0.41757597389353457
1356135,0.5369732980689106
1356136,0.41757597389353457
1356138,0.3546919068789139
1356139,0.41757597389353457
1356140,0.3546919068789139
1356141,0.3546919068789139
1356142,0.41757597389353457
1356143,0.3546919068789139
1356146,0.41757597389353457
1356148,0.41757597389353457
1356149,0.41757597389353457
1356150,0.41757597389353457
1356151,0.41757597389353457
1356152,0.5369732980689106
1356154,0.3546919068789139
1356155,0.41757597389353457
1356156,0.41757597389353457
1356157,0.41757597389353457
1356158,0.41757597389353457
1356159,0.3546919068789139
1356160,0.3546919068789139
1356161,0.41757597389353457
1356162,0.3546919068789139
1356163,0.41757597389353457
1356166,0.3546919068789139
1356167,0.5369732980689106
1356169,0.3546919068789139
1356170,0.3546919068789139
1356171,0.41757597389353457
1356175,0.3546919068789139
1356176,0.3546919068789139
1356177,0.3546919068789139
1356179,0.41757597389353457
1356181,0.3546919068789139
1356182,0.3546919068789139
1356183,0.41757597389353457
1356184,0.3546919068789139
1356185,0.3546919068789139
1356186,0.3546919068789139
1356187,0.3546919068789139
1356188,0.3546919068789139
1356189,0.3546919068789139
1356190,0.41757597389353457
1356191,0.3546919068789139
1356192,0.3546919068789139
1356194,0.41757597389353457
1356195,0.41757597389353457
1356196,0.41757597389353457
1356198,0.41757597389353457
1356199,0.3546919068789139
1356200,0.5369732980689106
1356201,0.3546919068789139
1356202,0.3546919068789139
1356203,0.41757597389353457
1356207,0.3546919068789139
1356208,0.41757597389353457
1356209,0.3546919068789139
1356211,0.41757597389353457
1356214,0.3546919068789139
1356215,0.5369732980689106
1356216,0.3546919068789139
1356218,0.5369732980689106
1356219,0.41757597389353457
1356221,0.3546919068789139
1356222,0.41757597389353457
1356224,0.3546919068789139
1356226,0.41757597389353457
1356227,0.3546919068789139
1356229,0.41757597389353457
1356233,0.41757597389353457
1356234,0.3546919068789139
1356235,0.5369732980689106
1356236,0.41757597389353457
1356238,0.3546919068789139
1356239,0.5369732980689106
1356240,0.41757597389353457
1356242,0.41757597389353457
1356243,0.41757597389353457
1356244,0.41757597389353457
1356245,0.3546919068789139
1356246,0.3546919068789139
1356247,0.41757597389353457
1356248,0.3546919068789139
1356251,0.41757597389353457
1356252,0.41757597389353457
1356254,0.41757597389353457
1356256,0.3546919068789139
1356258,0.41757597389353457
1356259,0.41757597389353457
1356261,0.3546919068789139
1356262,0.41757597389353457
1356263,0.3546919068789139
1356264,0.41757597389353457
1356266,0.3546919068789139
1356267,0.3546919068789139
1356269,0.41757597389353457
1356270,0.3546919068789139
1356272,0.3546919068789139
1356273,0.3546919068789139
1356274,0.41757597389353457
1356276,0.3546919068789139
1356277,0.41757597389353457
1356278,0.3546919068789139
1356279,0.3546919068789139
1356280,0.5369732980689106
1356281,0.3546919068789139
1356283,0.3546919068789139
1356284,0.5369732980689106
1356285,0.5369732980689106
1356287,0.41757597389353457
1356289,0.3546919068789139
1356293,0.41757597389353457
1356295,0.41757597389353457
1356296,0.5369732980689106
1356297,0.5369732980689106
1356298,0.3546919068789139
1356299,0.3546919068789139
1356300,0.41757597389353457
1356301,0.3546919068789139
1356305,0.3546919068789139
1356306,0.3546919068789139
1356307,0.3546919068789139
1356308,0.3546919068789139
1356309,0.3546919068789139
1356311,0.3546919068789139
1356312,0.41757597389353457
1356313,0.41757597389353457
1356314,0.3546919068789139
1356315,0.3546919068789139
1356316,0.41757597389353457
1356318,0.3546919068789139
1356320,0.3546919068789139
1356321,0.3546919068789139
1356323,0.3546919068789139
1356324,0.5369732980689106
1356325,0.3546919068789139
1356326,0.41757597389353457
1356329,0.3546919068789139
1356330,0.41757597389353457
1356331,0.3546919068789139
1356333,0.5369732980689106
1356335,0.3546919068789139
1356336,0.3546919068789139
1356337,0.5369732980689106
1356340,0.5369732980689106
1356341,0.3546919068789139
1356342,0.5369732980689106
1356343,0.41757597389353457
1356345,0.3546919068789139
1356347,0.3546919068789139
1356348,0.5369732980689106
1356349,0.41757597389353457
1356352,0.41757597389353457
1356353,0.5369732980689106
1356354,0.41757597389353457
1356356,0.41757597389353457
1356357,0.41757597389353457
1356358,0.41757597389353457
1356361,0.41757597389353457
1356362,0.5369732980689106
1356363,0.5369732980689106
1356365,0.5369732980689106
1356368,0.5369732980689106
1356369,0.5369732980689106
1356370,0.3546919068789139
1356371,0.3546919068789139
1356372,0.3546919068789139
1356373,0.41757597389353457
1356374,0.41757597389353457
1356375,0.41757597389353457
1356376,0.3546919068789139
1356378,0.41757597389353457
1356380,0.3546919068789139
1356382,0.41757597389353457
1356383,0.3546919068789139
1356384,0.5369732980689106
1356385,0.3546919068789139
1356386,0.3546919068789139
1356388,0.3546919068789139
1356389,0.3546919068789139
1356391,0.3546919068789139
1356392,0.3546919068789139
1356393,0.41757597389353457
1356394,0.5369732980689106
1356395,0.5369732980689106
1356396,0.3546919068789139
1356397,0.41757597389353457
1356398,0.41757597389353457
1356399,0.3546919068789139
1356400,0.41757597389353457
1356401,0.5369732980689106
1356403,0.3546919068789139
1356404,0.41757597389353457
1356405,0.3546919068789139
1356406,0.41757597389353457
1356407,0.3546919068789139
1356408,0.3546919068789139
1356409,0.3546919068789139
1356410,0.3546919068789139
1356411,0.3546919068789139
1356415,0.3546919068789139
1356416,0.3546919068789139
1356417,0.41757597389353457
1356420,0.3546919068789139
1356421,0.3546919068789139
1356423,0.3546919068789139
1356424,0.5369732980689106
1356425,0.3546919068789139
1356426,0.41757597389353457
1356427,0.3546919068789139
1356429,0.41757597389353457
1356431,0.3546919068789139
1356433,0.41757597389353457
1356434,0.3546919068789139
1356435,0.41757597389353457
1356436,0.3546919068789139
1356437,0.41757597389353457
1356438,0.41757597389353457
1356439,0.41757597389353457
1356440,0.41757597389353457
1356442,0.3546919068789139
1356443,0.3546919068789139
1356444,0.41757597389353457
1356451,0.3546919068789139
1356452,0.41757597389353457
1356454,0.3546919068789139
1356456,0.41757597389353457
1356458,0.5369732980689106
1356461,0.3546919068789139
1356463,0.41757597389353457
1356465,0.41757597389353457
1356468,0.5369732980689106
1356469,0.3546919068789139
1356470,0.41757597389353457
1356471,0.3546919068789139
1356472,0.41757597389353457
1356473,0.41757597389353457
1356475,0.41757597389353457
1356476,0.41757597389353457
1356477,0.41757597389353457
1356478,0.41757597389353457
1356479,0.3546919068789139
1356481,0.41757597389353457
1356482,0.3546919068789139
1356483,0.41757597389353457
1356484,0.41757597389353457
1356485,0.41757597389353457
1356486,0.3546919068789139
1356487,0.5369732980689106
1356488,0.5369732980689106
1356489,0.5369732980689106
1356491,0.3546919068789139
1356492,0.5369732980689106
1356493,0.3546919068789139
1356494,0.3546919068789139
1356495,0.5369732980689106
1356496,0.3546919068789139
1356497,0.5369732980689106
1356498,0.3546919068789139
1356499,0.3546919068789139
1356500,0.41757597389353457
1356502,0.41757597389353457
1356503,0.3546919068789139
1356504,0.41757597389353457
1356505,0.3546919068789139
1356506,0.5369732980689106
1356507,0.3546919068789139
1356508,0.41757597389353457
1356509,0.41757597389353457
1356510,0.5369732980689106
1356511,0.3546919068789139
1356512,0.41757597389353457
1356513,0.3546919068789139
1356514,0.3546919068789139
1356515,0.41757597389353457
1356516,0.3546919068789139
1356517,0.5369732980689106
1356520,0.3546919068789139
1356521,0.3546919068789139
1356522,0.3546919068789139
1356523,0.3546919068789139
1356524,0.3546919068789139
1356525,0.3546919068789139
1356526,0.41757597389353457
1356527,0.41757597389353457
1356528,0.3546919068789139
1356529,0.5369732980689106
1356531,0.41757597389353457
1356532,0.3546919068789139
1356533,0.3546919068789139
1356534,0.3546919068789139
1356535,0.41757597389353457
1356536,0.41757597389353457
1356537,0.41757597389353457
1356538,0.3546919068789139
1356540,0.41757597389353457
1356541,0.41757597389353457
1356542,0.3546919068789139
1356543,0.3546919068789139
1356544,0.41757597389353457
1356545,0.3546919068789139
1356546,0.3546919068789139
1356547,0.5369732980689106
1356549,0.3546919068789139
1356550,0.3546919068789139
1356551,0.3546919068789139
1356552,0.3546919068789139
1356553,0.3546919068789139
1356554,0.3546919068789139
1356555,0.41757597389353457
1356556,0.41757597389353457
1356557,0.41757597389353457
1356558,0.3546919068789139
1356559,0.3546919068789139
1356560,0.41757597389353457
1356561,0.41757597389353457
1356562,0.41757597389353457
1356563,0.41757597389353457
1356564,0.5369732980689106
1356565,0.41757597389353457
1356566,0.41757597389353457
1356567,0.41757597389353457
1356568,0.3546919068789139
1356569,0.41757597389353457
1356570,0.41757597389353457
1356571,0.5369732980689106
1356573,0.41757597389353457
1356574,0.5369732980689106
1356575,0.3546919068789139
1356576,0.41757597389353457
1356577,0.3546919068789139
1356578,0.3546919068789139
1356579,0.3546919068789139
1356581,0.3546919068789139
1356582,0.3546919068789139
1356583,0.41757597389353457
1356585,0.3546919068789139
1356586,0.41757597389353457
1356587,0.3546919068789139
1356590,0.3546919068789139
1356591,0.5369732980689106
1356592,0.5369732980689106
1356593,0.5369732980689106
1356594,0.5369732980689106
1356595,0.41757597389353457
1356596,0.5369732980689106
1356597,0.3546919068789139
1356598,0.5369732980689106
1356599,0.5369732980689106
1356602,0.3546919068789139
1356603,0.3546919068789139
1356604,0.3546919068789139
1356605,0.3546919068789139
1356606,0.3546919068789139
1356607,0.3546919068789139
1356608,0.3546919068789139
1356610,0.3546919068789139
1356611,0.3546919068789139
1356612,0.3546919068789139
1356613,0.3546919068789139
1356614,0.41757597389353457
1356615,0.3546919068789139
1356616,0.3546919068789139
1356618,0.41757597389353457
1356619,0.5369732980689106
1356620,0.41757597389353457
1356621,0.3546919068789139
1356623,0.41757597389353457
1356625,0.5369732980689106
1356626,0.3546919068789139
1356627,0.3546919068789139
1356628,0.3546919068789139
1356629,0.41757597389353457
1356949,0.3546919068789139
1356952,0.3546919068789139
1356957,0.3546919068789139
1356958,0.5369732980689106
1356959,0.41757597389353457
1356960,0.41757597389353457
1356962,0.5369732980689106
1356966,0.41757597389353457
1356967,0.41757597389353457
1356968,0.5369732980689106
1356971,0.3546919068789139
1356973,0.3546919068789139
1356975,0.5369732980689106
1356976,0.3546919068789139
1356978,0.3546919068789139
1356979,0.41757597389353457
1356981,0.41757597389353457
1356984,0.5369732980689106
1356985,0.41757597389353457
1356986,0.41757597389353457
1356987,0.5369732980689106
1356994,0.41757597389353457
1356997,0.3546919068789139
1356999,0.3546919068789139
1357000,0.3546919068789139
1357004,0.3546919068789139
1357007,0.41757597389353457
1357008,0.41757597389353457
1357012,0.41757597389353457
1357018,0.41757597389353457
1357021,0.41757597389353457
1357022,0.3546919068789139
1357023,0.5369732980689106
1357024,0.41757597389353457
1357025,0.41757597389353457
1357026,0.41757597389353457
1357027,0.3546919068789139
1357028,0.41757597389353457
1357029,0.41757597389353457
1357032,0.41757597389353457
1357033,0.5369732980689106
1357035,0.3546919068789139
1357036,0.3546919068789139
1357037,0.5369732980689106
1357040,0.3546919068789139
1357043,0.41757597389353457
1357044,0.3546919068789139
1357045,0.3546919068789139
1357046,0.3546919068789139
1357047,0.3546919068789139
1357048,0.3546919068789139
1357049,0.3546919068789139
1357052,0.5369732980689106
1357053,0.5369732980689106
1357054,0.3546919068789139
1357056,0.41757597389353457
1357057,0.41757597389353457
1357059,0.41757597389353457
1357060,0.3546919068789139
1357061,0.41757597389353457
1357062,0.3546919068789139
1357064,0.41757597389353457
1357067,0.5369732980689106
1357069,0.3546919068789139
1357070,0.5369732980689106
1357071,0.41757597389353457
1357072,0.3546919068789139
1357073,0.3546919068789139
1357074,0.41757597389353457
1357075,0.41757597389353457
1357078,0.5369732980689106
1357079,0.3546919068789139
1357081,0.41757597389353457
1357083,0.3546919068789139
1357086,0.3546919068789139
1357087,0.41757597389353457
1357089,0.3546919068789139
1357090,0.3546919068789139
1357093,0.5369732980689106
1357094,0.3546919068789139
1357096,0.41757597389353457
1357101,0.41757597389353457
1357102,0.3546919068789139
1357103,0.41757597389353457
1357104,0.5369732980689106
1357105,0.41757597389353457
1357107,0.41757597389353457
1357109,0.3546919068789139
1357112,0.41757597389353457
1357117,0.3546919068789139
1357118,0.41757597389353457
1357119,0.5369732980689106
1357120,0.3546919068789139
1357121,0.41757597389353457
1357124,0.3546919068789139
1357126,0.41757597389353457
1357129,0.41757597389353457
1357131,0.3546919068789139
1357133,0.3546919068789139
1357134,0.3546919068789139
1357135,0.41757597389353457
1357138,0.3546919068789139
1357139,0.5369732980689106
1357141,0.3546919068789139
1357143,0.3546919068789139
1357144,0.3546919068789139
1357145,0.3546919068789139
1357146,0.3546919068789139
1357147,0.3546919068789139
1357152,0.41757597389353457
1357153,0.41757597389353457
1357155,0.5369732980689106
1357156,0.41757597389353457
1357158,0.3546919068789139
1357160,0.3546919068789139
1357163,0.5369732980689106
1357164,0.3546919068789139
1357166,0.3546919068789139
1357168,0.3546919068789139
1357169,0.41757597389353457
1357170,0.3546919068789139
1357171,0.41757597389353457
1357172,0.3546919068789139
1357173,0.3546919068789139
1357174,0.3546919068789139
1357176,0.3546919068789139
1357179,0.3546919068789139
1357180,0.41757597389353457
1357181,0.41757597389353457
1357182,0.41757597389353457
1357184,0.41757597389353457
1357185,0.5369732980689106
1357186,0.5369732980689106
1357187,0.5369732980689106
1357191,0.3546919068789139
1357193,0.5369732980689106
1357195,0.5369732980689106
1357197,0.3546919068789139
1357198,0.3546919068789139
1357199,0.41757597389353457
1357200,0.41757597389353457
1357201,0.3546919068789139
1357202,0.3546919068789139
1357204,0.3546919068789139
1357205,0.3546919068789139
1357206,0.3546919068789139
1357207,0.41757597389353457
1357209,0.41757597389353457
1357213,0.41757597389353457
1357215,0.3546919068789139
1357216,0.41757597389353457
1357217,0.41757597389353457
1357222,0.41757597389353457
1357223,0.5369732980689106
1357224,0.5369732980689106
1357226,0.41757597389353457
1357227,0.41757597389353457
1357229,0.3546919068789139
1357231,0.3546919068789139
1357232,0.3546919068789139
1357233,0.5369732980689106
1357234,0.41757597389353457
1357235,0.41757597389353457
1357236,0.5369732980689106
1357239,0.41757597389353457
1357240,0.41757597389353457
1357241,0.3546919068789139
1357242,0.5369732980689106
1357243,0.41757597389353457
1357244,0.5369732980689106
1357247,0.41757597389353457
1357248,0.3546919068789139
1357249,0.41757597389353457
1357250,0.41757597389353457
1357251,0.3546919068789139
1357252,0.5369732980689106
1357253,0.41757597389353457
1357254,0.3546919068789139
1357256,0.41757597389353457
1357258,0.41757597389353457
1357259,0.5369732980689106
1357260,0.3546919068789139
1357261,0.3546919068789139
1357264,0.3546919068789139
1357265,0.3546919068789139
1357267,0.5369732980689106
1357268,0.41757597389353457
1357269,0.5369732980689106
1357270,0.3546919068789139
1357273,0.3546919068789139
1357274,0.41757597389353457
1357275,0.3546919068789139
1357276,0.41757597389353457
1357277,0.41757597389353457
1357278,0.3546919068789139
1357280,0.41757597389353457
1357281,0.41757597389353457
1357287,0.3546919068789139
1357288,0.41757597389353457
1357290,0.3546919068789139
1357292,0.5369732980689106
1357293,0.41757597389353457
1357295,0.3546919068789139
1357296,0.41757597389353457
1357297,0.3546919068789139
1357299,0.41757597389353457
1357300,0.41757597389353457
1357305,0.41757597389353457
1357308,0.41757597389353457
1357309,0.41757597389353457
1357310,0.41757597389353457
1357311,0.5369732980689106
1357313,0.3546919068789139
1357314,0.41757597389353457
1357315,0.41757597389353457
1357316,0.41757597389353457
1357317,0.3546919068789139
1357318,0.41757597389353457
1357319,0.5369732980689106
1357320,0.41757597389353457
1357321,0.5369732980689106
1357325,0.41757597389353457
1357326,0.3546919068789139
1357327,0.5369732980689106
1357328,0.3546919068789139
1357330,0.3546919068789139
1357331,0.3546919068789139
1357332,0.3546919068789139
1357333,0.41757597389353457
1357334,0.5369732980689106
1357336,0.3546919068789139
1357337,0.3546919068789139
1357339,0.3546919068789139
1357340,0.5369732980689106
1357341,0.5369732980689106
1357342,0.5369732980689106
1357344,0.3546919068789139
1357345,0.41757597389353457
1357347,0.41757597389353457
1357349,0.41757597389353457
1357350,0.41757597389353457
1357351,0.41757597389353457
1357352,0.41757597389353457
1357353,0.3546919068789139
1357355,0.41757597389353457
1357358,0.41757597389353457
1357360,0.41757597389353457
1357361,0.5369732980689106
1357362,0.3546919068789139
1357364,0.41757597389353457
1357365,0.41757597389353457
1357366,0.3546919068789139
1357367,0.5369732980689106
1357369,0.41757597389353457
1357370,0.3546919068789139
1357371,0.3546919068789139
1357372,0.3546919068789139
1357373,0.41757597389353457
1357377,0.41757597389353457
1357378,0.41757597389353457
1357379,0.5369732980689106
1357380,0.3546919068789139
1357382,0.3546919068789139
1357383,0.3546919068789139
1357384,0.5369732980689106
1357387,0.3546919068789139
1357388,0.41757597389353457
1357389,0.3546919068789139
1357390,0.3546919068789139
1357391,0.41757597389353457
1357392,0.41757597389353457
1357393,0.3546919068789139
1357394,0.3546919068789139
1357396,0.41757597389353457
1357397,0.5369732980689106
1357398,0.3546919068789139
1357399,0.41757597389353457
1357400,0.3546919068789139
1357401,0.3546919068789139
1357402,0.3546919068789139
1357403,0.3546919068789139
1357404,0.3546919068789139
1357405,0.3546919068789139
1357406,0.3546919068789139
1357407,0.3546919068789139
1357408,0.41757597389353457
1357410,0.3546919068789139
1357413,0.3546919068789139
1357415,0.41757597389353457
1357416,0.5369732980689106
1357420,0.5369732980689106
1357421,0.3546919068789139
1357422,0.5369732980689106
1357423,0.5369732980689106
1357425,0.3546919068789139
1357427,0.5369732980689106
1357429,0.3546919068789139
1357430,0.41757597389353457
1357431,0.41757597389353457
1357432,0.3546919068789139
1357433,0.3546919068789139
1357434,0.41757597389353457
1357436,0.3546919068789139
1357437,0.3546919068789139
1357439,0.41757597389353457
1357440,0.3546919068789139
1357442,0.5369732980689106
1357444,0.3546919068789139
1357445,0.3546919068789139
1357446,0.5369732980689106
1357447,0.41757597389353457
1357448,0.5369732980689106
1357449,0.41757597389353457
1357450,0.3546919068789139
1357451,0.3546919068789139
1357454,0.3546919068789139
1357456,0.41757597389353457
1357460,0.3546919068789139
1357464,0.3546919068789139
1357465,0.3546919068789139
1357466,0.3546919068789139
1357467,0.5369732980689106
1357468,0.3546919068789139
1357469,0.41757597389353457
1357470,0.41757597389353457
1357472,0.41757597389353457
1357473,0.3546919068789139
1357474,0.3546919068789139
1357478,0.3546919068789139
1357479,0.5369732980689106
1357480,0.41757597389353457
1357481,0.5369732980689106
1357484,0.41757597389353457
1357486,0.5369732980689106
1357487,0.41757597389353457
1357488,0.41757597389353457
1357490,0.41757597389353457
1357491,0.41757597389353457
1357492,0.41757597389353457
1357495,0.3546919068789139
1357496,0.3546919068789139
1357497,0.3546919068789139
1357498,0.3546919068789139
1357499,0.3546919068789139
1357501,0.3546919068789139
1357503,0.41757597389353457
1357505,0.41757597389353457
1357507,0.41757597389353457
1357511,0.41757597389353457
1357512,0.41757597389353457
1357513,0.41757597389353457
1357514,0.41757597389353457
1357515,0.3546919068789139
1357516,0.3546919068789139
1357518,0.3546919068789139
1357520,0.3546919068789139
1357523,0.3546919068789139
1357524,0.3546919068789139
1357529,0.41757597389353457
1357530,0.3546919068789139
1357531,0.3546919068789139
1357535,0.3546919068789139
1357536,0.3546919068789139
1357540,0.3546919068789139
1357541,0.3546919068789139
1357542,0.3546919068789139
1357547,0.41757597389353457
1357548,0.3546919068789139
1357550,0.3546919068789139
1357551,0.5369732980689106
1357552,0.3546919068789139
1357554,0.3546919068789139
1357556,0.3546919068789139
1357557,0.41757597389353457
1357559,0.5369732980689106
1357560,0.5369732980689106
1357561,0.3546919068789139
1357562,0.41757597389353457
1357564,0.3546919068789139
1357566,0.41757597389353457
1357567,0.3546919068789139
1357570,0.3546919068789139
1357571,0.3546919068789139
1357572,0.5369732980689106
1357575,0.3546919068789139
1357576,0.3546919068789139
1357577,0.3546919068789139
1357579,0.3546919068789139
1357580,0.41757597389353457
1357583,0.3546919068789139
1357584,0.41757597389353457
1357586,0.3546919068789139
1357587,0.3546919068789139
1357588,0.3546919068789139
1357591,0.41757597389353457
1357595,0.5369732980689106
1357597,0.3546919068789139
1357598,0.41757597389353457
1357600,0.3546919068789139
1357601,0.41757597389353457
1357604,0.41757597389353457
1357606,0.41757597389353457
1357608,0.3546919068789139
1357610,0.41757597389353457
1357611,0.3546919068789139
1357612,0.41757597389353457
1357613,0.41757597389353457
1357617,0.5369732980689106
1357618,0.5369732980689106
1357619,0.41757597389353457
1357620,0.41757597389353457
1357621,0.41757597389353457
1357623,0.3546919068789139
1357624,0.3546919068789139
1357625,0.5369732980689106
1357626,0.3546919068789139
1357627,0.3546919068789139
1357628,0.41757597389353457
1357629,0.3546919068789139
1357631,0.3546919068789139
1357632,0.3546919068789139
1357633,0.5369732980689106
1357637,0.5369732980689106
1357638,0.3546919068789139
1357640,0.3546919068789139
1357643,0.41757597389353457
1357644,0.5369732980689106
1357645,0.3546919068789139
1357646,0.3546919068789139
1357647,0.5369732980689106
1357648,0.5369732980689106
1357650,0.41757597389353457
1357651,0.5369732980689106
1357652,0.3546919068789139
1357653,0.3546919068789139
1357655,0.41757597389353457
1357656,0.5369732980689106
1357658,0.3546919068789139
1357659,0.5369732980689106
1357660,0.5369732980689106
1357662,0.3546919068789139
1357663,0.41757597389353457
1357664,0.3546919068789139
1357665,0.3546919068789139
1357666,0.41757597389353457
1357667,0.41757597389353457
1357668,0.5369732980689106
1357670,0.41757597389353457
1357672,0.5369732980689106
1357673,0.41757597389353457
1357674,0.5369732980689106
1357675,0.5369732980689106
1357678,0.3546919068789139
1357680,0.3546919068789139
1357681,0.3546919068789139
1357682,0.3546919068789139
1357684,0.41757597389353457
1357685,0.3546919068789139
1357686,0.3546919068789139
1357687,0.41757597389353457
1357688,0.3546919068789139
1357689,0.5369732980689106
1357690,0.3546919068789139
1357691,0.41757597389353457
1357692,0.41757597389353457
1357693,0.3546919068789139
1357695,0.3546919068789139
1357696,0.41757597389353457
1357697,0.3546919068789139
1357698,0.5369732980689106
1357700,0.41757597389353457
1357701,0.3546919068789139
1357703,0.41757597389353457
1357704,0.3546919068789139
1357707,0.3546919068789139
1357708,0.5369732980689106
1357709,0.41757597389353457
1357710,0.3546919068789139
1357711,0.3546919068789139
1357715,0.3546919068789139
1357716,0.3546919068789139
1357717,0.3546919068789139
1357721,0.41757597389353457
1357722,0.41757597389353457
1357725,0.3546919068789139
1357726,0.3546919068789139
1357727,0.41757597389353457
1357728,0.3546919068789139
1357732,0.3546919068789139
1357734,0.5369732980689106
1357735,0.3546919068789139
1357738,0.3546919068789139
1357739,0.3546919068789139
1357740,0.3546919068789139
1357741,0.41757597389353457
1357742,0.3546919068789139
1357743,0.3546919068789139
1357744,0.3546919068789139
1357745,0.5369732980689106
1357746,0.3546919068789139
1357747,0.3546919068789139
1357750,0.3546919068789139
1357752,0.41757597389353457
1357753,0.3546919068789139
1357754,0.41757597389353457
1357756,0.5369732980689106
1357759,0.41757597389353457
1357761,0.3546919068789139
1357765,0.41757597389353457
1357766,0.3546919068789139
1357768,0.5369732980689106
1357770,0.5369732980689106
1357771,0.5369732980689106
1357773,0.5369732980689106
1357775,0.3546919068789139
1357776,0.3546919068789139
1357779,0.41757597389353457
1357782,0.3546919068789139
1357784,0.3546919068789139
1357786,0.3546919068789139
1357787,0.41757597389353457
1357788,0.41757597389353457
1357789,0.3546919068789139
1357792,0.5369732980689106
1357793,0.41757597389353457
1357796,0.41757597389353457
1357797,0.41757597389353457
1357799,0.5369732980689106
1357802,0.41757597389353457
1357803,0.41757597389353457
1357804,0.41757597389353457
1357807,0.41757597389353457
1357809,0.41757597389353457
1357810,0.3546919068789139
1357811,0.3546919068789139
1357816,0.3546919068789139
1357818,0.41757597389353457
1357819,0.3546919068789139
1357820,0.3546919068789139
1357821,0.3546919068789139
1357822,0.3546919068789139
1357823,0.41757597389353457
1357824,0.41757597389353457
1357825,0.3546919068789139
1357826,0.3546919068789139
1357831,0.5369732980689106
1357832,0.41757597389353457
1357833,0.5369732980689106
1357841,0.41757597389353457
1357842,0.3546919068789139
1357843,0.3546919068789139
1357844,0.41757597389353457
1357845,0.3546919068789139
1357847,0.3546919068789139
1357848,0.5369732980689106
1357851,0.3546919068789139
1357853,0.3546919068789139
1357856,0.3546919068789139
1357858,0.3546919068789139
1357860,0.3546919068789139
1357861,0.3546919068789139
1357862,0.41757597389353457
1357863,0.3546919068789139
1357865,0.41757597389353457
1357866,0.41757597389353457
1357867,0.41757597389353457
1357868,0.3546919068789139
1357871,0.3546919068789139
1357872,0.3546919068789139
1357874,0.3546919068789139
1357876,0.41757597389353457
1357878,0.5369732980689106
1357879,0.3546919068789139
1357880,0.3546919068789139
1357881,0.5369732980689106
1357882,0.3546919068789139
1357883,0.3546919068789139
1357884,0.3546919068789139
1357885,0.41757597389353457
1357887,0.5369732980689106
1357889,0.3546919068789139
1357890,0.41757597389353457
1357891,0.3546919068789139
1357892,0.3546919068789139
1357893,0.3546919068789139
1357895,0.41757597389353457
1357896,0.3546919068789139
1357898,0.3546919068789139
1357899,0.41757597389353457
1357900,0.5369732980689106
1357902,0.41757597389353457
1357903,0.5369732980689106
1357904,0.3546919068789139
1357905,0.3546919068789139
1357906,0.41757597389353457
1357908,0.5369732980689106
1357909,0.3546919068789139
1357911,0.3546919068789139
1357913,0.5369732980689106
1357916,0.3546919068789139
1357917,0.3546919068789139
1357918,0.41757597389353457
1357919,0.3546919068789139
1357921,0.3546919068789139
1357922,0.3546919068789139
1357926,0.3546919068789139
1357927,0.41757597389353457
1357928,0.3546919068789139
1357930,0.5369732980689106
1357931,0.5369732980689106
1357932,0.5369732980689106
1357933,0.3546919068789139
1357935,0.3546919068789139
1357936,0.5369732980689106
1357937,0.41757597389353457
1357939,0.3546919068789139
1357940,0.41757597389353457
1357941,0.41757597389353457
1357942,0.3546919068789139
1357943,0.3546919068789139
1357944,0.41757597389353457
1357945,0.5369732980689106
1357946,0.41757597389353457
1357948,0.3546919068789139
1357949,0.3546919068789139
1357950,0.3546919068789139
1357952,0.41757597389353457
1357954,0.5369732980689106
1357956,0.41757597389353457
1357957,0.41757597389353457
1357958,0.3546919068789139
1357959,0.3546919068789139
1357961,0.5369732980689106
1357963,0.3546919068789139
1357965,0.3546919068789139
1357966,0.41757597389353457
1357968,0.5369732980689106
1357969,0.41757597389353457
1357971,0.41757597389353457
1357976,0.41757597389353457
1357977,0.3546919068789139
1357979,0.41757597389353457
1357980,0.41757597389353457
1357981,0.3546919068789139
1357982,0.5369732980689106
1357984,0.3546919068789139
1357986,0.3546919068789139
1357990,0.3546919068789139
1357991,0.41757597389353457
1357992,0.41757597389353457
1357993,0.3546919068789139
1357995,0.41757597389353457
1357996,0.3546919068789139
1357998,0.3546919068789139
1357999,0.41757597389353457
1358002,0.41757597389353457
1358004,0.41757597389353457
1358006,0.5369732980689106
1358007,0.5369732980689106
1358008,0.41757597389353457
1358011,0.3546919068789139
1358014,0.41757597389353457
1358015,0.41757597389353457
1358017,0.41757597389353457
1358018,0.3546919068789139
1358019,0.3546919068789139
1358020,0.3546919068789139
1358021,0.3546919068789139
1358022,0.41757597389353457
1358024,0.3546919068789139
1358026,0.3546919068789139
1358029,0.3546919068789139
1358030,0.3546919068789139
1358033,0.3546919068789139
1358035,0.3546919068789139
1358036,0.5369732980689106
1358039,0.41757597389353457
1358040,0.41757597389353457
1358041,0.3546919068789139
1358042,0.41757597389353457
1358045,0.3546919068789139
1358047,0.41757597389353457
1358049,0.3546919068789139
1358051,0.3546919068789139
1358053,0.5369732980689106
1358054,0.5369732980689106
1358055,0.5369732980689106
1358056,0.5369732980689106
1358058,0.3546919068789139
1358059,0.41757597389353457
1358061,0.3546919068789139
1358062,0.3546919068789139
1358063,0.41757597389353457
1358064,0.3546919068789139
1358065,0.3546919068789139
1358066,0.41757597389353457
1358070,0.41757597389353457
1358071,0.41757597389353457
1358073,0.5369732980689106
1358075,0.3546919068789139
1358076,0.3546919068789139
1358077,0.3546919068789139
1358079,0.3546919068789139
1358080,0.41757597389353457
1358081,0.3546919068789139
1358082,0.3546919068789139
1358083,0.41757597389353457
1358085,0.3546919068789139
1358086,0.41757597389353457
1358087,0.3546919068789139
1358090,0.3546919068789139
1358091,0.41757597389353457
1358092,0.3546919068789139
1358094,0.41757597389353457
1358095,0.5369732980689106
1358096,0.3546919068789139
1358098,0.41757597389353457
1358101,0.5369732980689106
1358104,0.3546919068789139
1358105,0.3546919068789139
1358106,0.5369732980689106
1358107,0.5369732980689106
1358110,0.5369732980689106
1358111,0.3546919068789139
1358112,0.3546919068789139
1358113,0.41757597389353457
1358114,0.3546919068789139
1358116,0.3546919068789139
1358120,0.5369732980689106
1358122,0.3546919068789139
1358124,0.41757597389353457
1358127,0.3546919068789139
1358130,0.3546919068789139
1358131,0.41757597389353457
1358133,0.3546919068789139
1358134,0.5369732980689106
1358136,0.3546919068789139
1358137,0.5369732980689106
1358139,0.41757597389353457
1358141,0.3546919068789139
1358142,0.3546919068789139
1358143,0.3546919068789139
1358144,0.41757597389353457
1358145,0.3546919068789139
1358146,0.3546919068789139
1358147,0.3546919068789139
1358150,0.3546919068789139
1358152,0.41757597389353457
1358153,0.3546919068789139
1358154,0.3546919068789139
1358155,0.5369732980689106
1358157,0.3546919068789139
1358158,0.5369732980689106
1358159,0.3546919068789139
1358164,0.3546919068789139
1358166,0.41757597389353457
1358170,0.3546919068789139
1358172,0.5369732980689106
1358173,0.3546919068789139
1358174,0.41757597389353457
1358175,0.5369732980689106
1358177,0.41757597389353457
1358179,0.3546919068789139
1358182,0.5369732980689106
1358183,0.41757597389353457
1358184,0.3546919068789139
1358185,0.5369732980689106
1358186,0.41757597389353457
1358187,0.41757597389353457
1358188,0.41757597389353457
1358190,0.3546919068789139
1358192,0.3546919068789139
1358195,0.3546919068789139
1358199,0.3546919068789139
1358200,0.3546919068789139
1358202,0.3546919068789139
1358203,0.3546919068789139
1358205,0.3546919068789139
1358208,0.41757597389353457
1358209,0.41757597389353457
1358211,0.41757597389353457
1358212,0.5369732980689106
1358213,0.3546919068789139
1358214,0.41757597389353457
1358215,0.41757597389353457
1358216,0.41757597389353457
1358217,0.3546919068789139
1358218,0.3546919068789139
1358220,0.5369732980689106
1358222,0.3546919068789139
1358223,0.3546919068789139
1358224,0.3546919068789139
1358227,0.41757597389353457
1358228,0.3546919068789139
1358229,0.41757597389353457
1358232,0.41757597389353457
1358233,0.5369732980689106
1358234,0.3546919068789139
1358235,0.3546919068789139
1358236,0.5369732980689106
1358238,0.3546919068789139
1358239,0.3546919068789139
1358240,0.3546919068789139
1358242,0.5369732980689106
1358248,0.41757597389353457
1358249,0.3546919068789139
1358250,0.3546919068789139
1358252,0.41757597389353457
1358253,0.3546919068789139
1358254,0.41757597389353457
1358260,0.41757597389353457
1358261,0.3546919068789139
1358264,0.3546919068789139
1358266,0.3546919068789139
1358267,0.41757597389353457
1358268,0.5369732980689106
1358269,0.3546919068789139
1358270,0.3546919068789139
1358271,0.41757597389353457
1358273,0.5369732980689106
1358275,0.3546919068789139
1358276,0.3546919068789139
1358278,0.5369732980689106
1358279,0.5369732980689106
1358280,0.41757597389353457
1358282,0.3546919068789139
1358285,0.3546919068789139
1358286,0.5369732980689106
1358289,0.3546919068789139
1358290,0.3546919068789139
1358291,0.41757597389353457
1358292,0.3546919068789139
1358293,0.3546919068789139
1358296,0.3546919068789139
1358297,0.3546919068789139
1358299,0.3546919068789139
1358300,0.41757597389353457
1358301,0.3546919068789139
1358303,0.3546919068789139
1358304,0.3546919068789139
1358305,0.3546919068789139
1358306,0.3546919068789139
1358308,0.3546919068789139
1358309,0.5369732980689106
1358311,0.41757597389353457
1358312,0.5369732980689106
1358313,0.3546919068789139
1358314,0.3546919068789139
1358315,0.3546919068789139
1358318,0.41757597389353457
1358319,0.3546919068789139
1358320,0.3546919068789139
1358321,0.3546919068789139
1358322,0.3546919068789139
1358324,0.3546919068789139
1358325,0.5369732980689106
1358326,0.41757597389353457
1358327,0.3546919068789139
1358328,0.3546919068789139
1358330,0.3546919068789139
1358332,0.3546919068789139
1358333,0.3546919068789139
1358337,0.3546919068789139
1358345,0.3546919068789139
1358348,0.3546919068789139
1358349,0.3546919068789139
1358350,0.41757597389353457
1358353,0.41757597389353457
1358355,0.5369732980689106
1358358,0.41757597389353457
1358359,0.3546919068789139
1358361,0.41757597389353457
1358363,0.3546919068789139
1358365,0.5369732980689106
1358366,0.3546919068789139
1358367,0.3546919068789139
1358369,0.41757597389353457
1358370,0.41757597389353457
1358372,0.41757597389353457
1358373,0.5369732980689106
1358375,0.41757597389353457
1358376,0.3546919068789139
1358377,0.3546919068789139
1358378,0.3546919068789139
1358379,0.5369732980689106
1358380,0.5369732980689106
1358386,0.3546919068789139
1358387,0.3546919068789139
1358389,0.3546919068789139
1358390,0.3546919068789139
1358393,0.41757597389353457
1358394,0.3546919068789139
1358395,0.3546919068789139
1358396,0.41757597389353457
1358397,0.5369732980689106
1358399,0.3546919068789139
1358400,0.3546919068789139
1358402,0.41757597389353457
1358404,0.3546919068789139
1358405,0.3546919068789139
1358406,0.41757597389353457
1358407,0.3546919068789139
1358408,0.5369732980689106
1358409,0.41757597389353457
1358410,0.3546919068789139
1358411,0.3546919068789139
1358414,0.3546919068789139
1358415,0.41757597389353457
1358416,0.41757597389353457
1358418,0.41757597389353457
1358419,0.41757597389353457
1358420,0.41757597389353457
1358421,0.41757597389353457
1358422,0.5369732980689106
1358423,0.3546919068789139
1358424,0.3546919068789139
1358425,0.3546919068789139
1358426,0.41757597389353457
1358427,0.3546919068789139
1358432,0.3546919068789139
1358433,0.3546919068789139
1358434,0.5369732980689106
1358436,0.3546919068789139
1358437,0.3546919068789139
1358438,0.5369732980689106
1358441,0.41757597389353457
1358442,0.41757597389353457
1358443,0.5369732980689106
1358444,0.3546919068789139
1358448,0.3546919068789139
1358449,0.3546919068789139
1358454,0.3546919068789139
1358455,0.41757597389353457
1358456,0.3546919068789139
1358463,0.41757597389353457
1358464,0.5369732980689106
1358466,0.41757597389353457
1358467,0.3546919068789139
1358468,0.3546919068789139
1358469,0.3546919068789139
1358470,0.3546919068789139
1358472,0.41757597389353457
1358473,0.5369732980689106
1358475,0.3546919068789139
1358476,0.5369732980689106
1358478,0.5369732980689106
1358482,0.5369732980689106
1358485,0.3546919068789139
1358486,0.5369732980689106
1358488,0.41757597389353457
1358491,0.3546919068789139
1358493,0.5369732980689106
1358494,0.3546919068789139
1358496,0.3546919068789139
1358497,0.3546919068789139
1358498,0.5369732980689106
1358499,0.41757597389353457
1358500,0.5369732980689106
1358504,0.3546919068789139
1358505,0.41757597389353457
1358506,0.3546919068789139
1358507,0.5369732980689106
1358510,0.41757597389353457
1358511,0.5369732980689106
1358512,0.3546919068789139
1358514,0.3546919068789139
1358515,0.5369732980689106
1358517,0.3546919068789139
1358518,0.3546919068789139
1358520,0.5369732980689106
1358521,0.3546919068789139
1358522,0.41757597389353457
1358523,0.3546919068789139
1358524,0.41757597389353457
1358525,0.41757597389353457
1358527,0.3546919068789139
1358528,0.3546919068789139
1358529,0.5369732980689106
1358530,0.3546919068789139
1358532,0.41757597389353457
1358534,0.3546919068789139
1358535,0.41757597389353457
1358536,0.5369732980689106
1358537,0.41757597389353457
1358538,0.5369732980689106
1358539,0.3546919068789139
1358542,0.41757597389353457
1358543,0.3546919068789139
1358545,0.3546919068789139
1358547,0.3546919068789139
1358548,0.3546919068789139
1358549,0.3546919068789139
1358550,0.41757597389353457
1358553,0.41757597389353457
1358554,0.5369732980689106
1358557,0.41757597389353457
1358558,0.3546919068789139
1358561,0.3546919068789139
1358563,0.3546919068789139
1358567,0.3546919068789139
1358569,0.3546919068789139
1358572,0.3546919068789139
1358576,0.3546919068789139
1358577,0.3546919068789139
1358579,0.41757597389353457
1358582,0.3546919068789139
1358583,0.3546919068789139
1358584,0.41757597389353457
1358586,0.3546919068789139
1358587,0.5369732980689106
1358588,0.3546919068789139
1358589,0.41757597389353457
1358590,0.5369732980689106
1358591,0.3546919068789139
1358592,0.3546919068789139
1358593,0.3546919068789139
1358594,0.3546919068789139
1358595,0.41757597389353457
1358596,0.5369732980689106
1358597,0.41757597389353457
1358598,0.3546919068789139
1358599,0.3546919068789139
1358600,0.5369732980689106
1358602,0.3546919068789139
1358604,0.5369732980689106
1358605,0.3546919068789139
1358606,0.3546919068789139
1358607,0.5369732980689106
1358608,0.5369732980689106
1358609,0.3546919068789139
1358610,0.3546919068789139
1358612,0.41757597389353457
1358614,0.3546919068789139
1358615,0.5369732980689106
1358616,0.41757597389353457
1358617,0.41757597389353457
1358618,0.5369732980689106
1358619,0.3546919068789139
1358620,0.3546919068789139
1358621,0.5369732980689106
1358623,0.5369732980689106
1358624,0.3546919068789139
1358626,0.41757597389353457
1358627,0.3546919068789139
1358628,0.41757597389353457
1358629,0.3546919068789139
1358632,0.41757597389353457
1358634,0.3546919068789139
1358635,0.3546919068789139
1358636,0.3546919068789139
1358637,0.3546919068789139
1358638,0.3546919068789139
1358640,0.3546919068789139
1358641,0.3546919068789139
1358644,0.3546919068789139
1358645,0.3546919068789139
1358647,0.41757597389353457
1358648,0.41757597389353457
1358649,0.3546919068789139
1358651,0.3546919068789139
1358652,0.3546919068789139
1358653,0.3546919068789139
1358654,0.3546919068789139
1358655,0.5369732980689106
1358656,0.41757597389353457
1358657,0.41757597389353457
1358661,0.41757597389353457
1358662,0.5369732980689106
1358663,0.41757597389353457
1358664,0.41757597389353457
1358665,0.41757597389353457
1358668,0.41757597389353457
1358669,0.3546919068789139
1358670,0.3546919068789139
1358671,0.3546919068789139
1358673,0.3546919068789139
1358674,0.5369732980689106
1358675,0.41757597389353457
1358676,0.41757597389353457
1358677,0.3546919068789139
1358678,0.41757597389353457
1358680,0.41757597389353457
1358681,0.3546919068789139
1358682,0.3546919068789139
1358683,0.3546919068789139
1358685,0.41757597389353457
1358688,0.5369732980689106
1358689,0.3546919068789139
1358690,0.41757597389353457
1358691,0.41757597389353457
1358692,0.5369732980689106
1358693,0.5369732980689106
1358694,0.41757597389353457
1358696,0.41757597389353457
1358698,0.41757597389353457
1358699,0.41757597389353457
1358701,0.5369732980689106
1358704,0.3546919068789139
1358705,0.5369732980689106
1358706,0.41757597389353457
1358708,0.3546919068789139
1358709,0.3546919068789139
1358710,0.3546919068789139
1358711,0.41757597389353457
1358712,0.41757597389353457
1358715,0.41757597389353457
1358716,0.3546919068789139
1358718,0.3546919068789139
1358719,0.41757597389353457
1358720,0.41757597389353457
1358722,0.3546919068789139
1358723,0.3546919068789139
1358724,0.3546919068789139
1358725,0.41757597389353457
1358726,0.3546919068789139
1358727,0.3546919068789139
1358728,0.3546919068789139
1358729,0.41757597389353457
1358730,0.41757597389353457
1358731,0.5369732980689106
1358734,0.41757597389353457
1358735,0.41757597389353457
1358736,0.3546919068789139
1358737,0.3546919068789139
1358739,0.41757597389353457
1358741,0.41757597389353457
1358742,0.41757597389353457
1358744,0.41757597389353457
1358746,0.3546919068789139
1358748,0.3546919068789139
1358749,0.41757597389353457
1358757,0.41757597389353457
1358758,0.3546919068789139
1358760,0.3546919068789139
1358763,0.41757597389353457
1358765,0.3546919068789139
1358766,0.3546919068789139
1358769,0.3546919068789139
1358770,0.3546919068789139
1358772,0.3546919068789139
1358773,0.3546919068789139
1358776,0.3546919068789139
1358777,0.41757597389353457
1358778,0.3546919068789139
1358779,0.3546919068789139
1358780,0.41757597389353457
1358781,0.41757597389353457
1358782,0.3546919068789139
1358783,0.3546919068789139
1358784,0.41757597389353457
1358785,0.41757597389353457
1358786,0.41757597389353457
1358789,0.41757597389353457
1358790,0.3546919068789139
1358791,0.41757597389353457
1358793,0.5369732980689106
1358794,0.3546919068789139
1358796,0.41757597389353457
1358797,0.3546919068789139
1358799,0.3546919068789139
1358801,0.41757597389353457
1358803,0.41757597389353457
1358804,0.3546919068789139
1358805,0.5369732980689106
1358806,0.3546919068789139
1358807,0.3546919068789139
1358808,0.3546919068789139
1358809,0.3546919068789139
1358810,0.5369732980689106
1358813,0.41757597389353457
1358815,0.3546919068789139
1358818,0.3546919068789139
1358819,0.3546919068789139
1358820,0.41757597389353457
1358821,0.3546919068789139
1358822,0.41757597389353457
1358823,0.3546919068789139
1358830,0.3546919068789139
1358831,0.5369732980689106
1358832,0.41757597389353457
1358833,0.41757597389353457
1358834,0.3546919068789139
1358835,0.5369732980689106
1358836,0.41757597389353457
1358837,0.3546919068789139
1358838,0.3546919068789139
1358840,0.41757597389353457
1358841,0.3546919068789139
1358842,0.3546919068789139
1358843,0.41757597389353457
1358844,0.5369732980689106
1358845,0.3546919068789139
1358846,0.3546919068789139
1358847,0.3546919068789139
1358848,0.3546919068789139
1358849,0.41757597389353457
1358851,0.5369732980689106
1358852,0.3546919068789139
1358856,0.41757597389353457
1358860,0.41757597389353457
1358861,0.5369732980689106
1358862,0.3546919068789139
1358864,0.41757597389353457
1358865,0.3546919068789139
1358867,0.3546919068789139
1358869,0.5369732980689106
1358870,0.41757597389353457
1358871,0.41757597389353457
1358872,0.3546919068789139
1358873,0.3546919068789139
1358874,0.41757597389353457
1358875,0.5369732980689106
1358876,0.41757597389353457
1358877,0.5369732980689106
1358878,0.41757597389353457
1358879,0.3546919068789139
1358880,0.41757597389353457
1358881,0.5369732980689106
1358882,0.3546919068789139
1358883,0.3546919068789139
1358884,0.5369732980689106
1358885,0.3546919068789139
1358886,0.41757597389353457
1358887,0.41757597389353457
1358888,0.3546919068789139
1358889,0.5369732980689106
1358890,0.3546919068789139
1358891,0.41757597389353457
1358893,0.3546919068789139
1358894,0.41757597389353457
1358896,0.41757597389353457
1358898,0.41757597389353457
1358899,0.3546919068789139
1358901,0.5369732980689106
1358902,0.41757597389353457
1358903,0.41757597389353457
1358904,0.41757597389353457
1358905,0.3546919068789139
1358907,0.41757597389353457
1358908,0.41757597389353457
1358909,0.3546919068789139
1358910,0.3546919068789139
1358911,0.41757597389353457
1358912,0.41757597389353457
1358913,0.3546919068789139
1358915,0.3546919068789139
1358916,0.41757597389353457
1358917,0.3546919068789139
1358918,0.3546919068789139
1358919,0.41757597389353457
1358921,0.3546919068789139
1358922,0.3546919068789139
1358924,0.41757597389353457
1358925,0.41757597389353457
1358927,0.41757597389353457
1358928,0.41757597389353457
1358929,0.3546919068789139
1358930,0.3546919068789139
1358934,0.3546919068789139
1358936,0.41757597389353457
1358937,0.3546919068789139
1358940,0.41757597389353457
1358941,0.3546919068789139
1358942,0.41757597389353457
1358943,0.3546919068789139
1358944,0.3546919068789139
1358945,0.41757597389353457
1358946,0.41757597389353457
1358948,0.5369732980689106
1358950,0.41757597389353457
1358951,0.3546919068789139
1358952,0.3546919068789139
1358953,0.41757597389353457
1358954,0.3546919068789139
1358955,0.41757597389353457
1358957,0.3546919068789139
1358958,0.5369732980689106
1358959,0.41757597389353457
1358960,0.41757597389353457
1358961,0.3546919068789139
1358962,0.3546919068789139
1358963,0.41757597389353457
1358964,0.3546919068789139
1358966,0.3546919068789139
1358967,0.41757597389353457
1358968,0.3546919068789139
1358969,0.41757597389353457
1358971,0.3546919068789139
1358972,0.41757597389353457
1358973,0.5369732980689106
1358974,0.3546919068789139
1358975,0.41757597389353457
1358976,0.41757597389353457
1358977,0.3546919068789139
1358981,0.3546919068789139
1358983,0.3546919068789139
1358984,0.3546919068789139
1358985,0.3546919068789139
1358986,0.3546919068789139
1358987,0.3546919068789139
1358988,0.41757597389353457
1358989,0.3546919068789139
1358990,0.3546919068789139
1358993,0.41757597389353457
1358994,0.41757597389353457
1358995,0.3546919068789139
1358996,0.41757597389353457
1358997,0.3546919068789139
1358999,0.5369732980689106
1359000,0.3546919068789139
1359002,0.41757597389353457
1359005,0.3546919068789139
1359006,0.41757597389353457
1359009,0.5369732980689106
1359010,0.41757597389353457
1359011,0.3546919068789139
1359012,0.3546919068789139
1359013,0.41757597389353457
1359015,0.41757597389353457
1359016,0.5369732980689106
1359018,0.41757597389353457
1359019,0.41757597389353457
1359020,0.41757597389353457
1359022,0.41757597389353457
1359023,0.3546919068789139
1359024,0.3546919068789139
1359027,0.3546919068789139
1359028,0.3546919068789139
1359029,0.3546919068789139
1359030,0.5369732980689106
1359031,0.3546919068789139
1359032,0.41757597389353457
1359033,0.41757597389353457
1359035,0.41757597389353457
1359037,0.3546919068789139
1359039,0.41757597389353457
1359040,0.3546919068789139
1359041,0.3546919068789139
1359042,0.41757597389353457
1359044,0.3546919068789139
1359045,0.3546919068789139
1359046,0.3546919068789139
1359048,0.3546919068789139
1359049,0.3546919068789139
1359050,0.3546919068789139
1359051,0.3546919068789139
1359052,0.3546919068789139
1359053,0.3546919068789139
1359054,0.41757597389353457
1359055,0.3546919068789139
1359057,0.3546919068789139
1359058,0.5369732980689106
1359059,0.41757597389353457
1359060,0.41757597389353457
1359061,0.5369732980689106
1359062,0.3546919068789139
1359063,0.3546919068789139
1359064,0.41757597389353457
1359066,0.3546919068789139
1359068,0.3546919068789139
1359069,0.3546919068789139
1359070,0.3546919068789139
1359072,0.5369732980689106
1359073,0.41757597389353457
1359074,0.41757597389353457
1359075,0.41757597389353457
1359077,0.41757597389353457
1359078,0.3546919068789139
1359079,0.3546919068789139
1359080,0.5369732980689106
1359081,0.41757597389353457
1359082,0.41757597389353457
1359085,0.41757597389353457
1359086,0.41757597389353457
1359087,0.3546919068789139
1359088,0.5369732980689106
1359089,0.41757597389353457
1359091,0.3546919068789139
1359092,0.3546919068789139
1359094,0.3546919068789139
1359095,0.41757597389353457
1359096,0.3546919068789139
1359099,0.3546919068789139
1359100,0.3546919068789139
1359102,0.3546919068789139
1359105,0.5369732980689106
1359107,0.3546919068789139
1359108,0.41757597389353457
1359109,0.3546919068789139
1359110,0.3546919068789139
1359111,0.3546919068789139
1359112,0.41757597389353457
1359113,0.3546919068789139
1359114,0.41757597389353457
1359116,0.3546919068789139
1359117,0.41757597389353457
1359118,0.3546919068789139
1359120,0.41757597389353457
1359122,0.41757597389353457
1359123,0.3546919068789139
1359535,0.5369732980689106
1359536,0.3546919068789139
1359538,0.41757597389353457
1359541,0.5369732980689106
1359543,0.41757597389353457
1359544,0.3546919068789139
1359546,0.5369732980689106
1359547,0.41757597389353457
1359548,0.41757597389353457
1359549,0.3546919068789139
1359550,0.41757597389353457
1359551,0.41757597389353457
1359552,0.3546919068789139
1359553,0.3546919068789139
1359554,0.3546919068789139
1359557,0.3546919068789139
1359558,0.41757597389353457
1359559,0.3546919068789139
1359560,0.3546919068789139
1359561,0.3546919068789139
1359562,0.41757597389353457
1359563,0.41757597389353457
1359565,0.41757597389353457
1359566,0.3546919068789139
1359569,0.41757597389353457
1359570,0.41757597389353457
1359572,0.41757597389353457
1359573,0.41757597389353457
1359574,0.5369732980689106
1359576,0.41757597389353457
1359577,0.5369732980689106
1359578,0.5369732980689106
1359582,0.3546919068789139
1359583,0.3546919068789139
1359584,0.41757597389353457
1359585,0.3546919068789139
1359586,0.3546919068789139
1359587,0.3546919068789139
1359588,0.3546919068789139
1359589,0.41757597389353457
1359590,0.41757597389353457
1359592,0.3546919068789139
1359594,0.3546919068789139
1359595,0.3546919068789139
1359597,0.3546919068789139
1359599,0.3546919068789139
1359601,0.41757597389353457
1359604,0.3546919068789139
1359605,0.41757597389353457
1359606,0.3546919068789139
1359609,0.41757597389353457
1359610,0.5369732980689106
1359611,0.5369732980689106
1359612,0.41757597389353457
1359614,0.41757597389353457
1359615,0.41757597389353457
1359616,0.3546919068789139
1359617,0.3546919068789139
1359618,0.3546919068789139
1359620,0.41757597389353457
1359622,0.41757597389353457
1359623,0.5369732980689106
1359625,0.3546919068789139
1359626,0.3546919068789139
1359628,0.41757597389353457
1359632,0.5369732980689106
1359635,0.3546919068789139
1359636,0.3546919068789139
1359637,0.3546919068789139
1359638,0.5369732980689106
1359639,0.3546919068789139
1359640,0.3546919068789139
1359641,0.3546919068789139
1359642,0.3546919068789139
1359643,0.3546919068789139
1359645,0.5369732980689106
1359646,0.5369732980689106
1359647,0.41757597389353457
1359648,0.5369732980689106
1359650,0.3546919068789139
1359654,0.3546919068789139
1359655,0.41757597389353457
1359656,0.5369732980689106
1359657,0.3546919068789139
1359658,0.3546919068789139
1359660,0.5369732980689106
1359664,0.3546919068789139
1359666,0.3546919068789139
1359668,0.3546919068789139
1359670,0.41757597389353457
1359671,0.3546919068789139
1359672,0.3546919068789139
1359673,0.41757597389353457
1359675,0.5369732980689106
1359676,0.5369732980689106
1359677,0.41757597389353457
1359679,0.41757597389353457
1359680,0.3546919068789139
1359681,0.41757597389353457
1359682,0.3546919068789139
1359685,0.41757597389353457
1359686,0.3546919068789139
1359687,0.41757597389353457
1359688,0.5369732980689106
1359689,0.3546919068789139
1359690,0.3546919068789139
1359695,0.5369732980689106
1359697,0.41757597389353457
1359700,0.3546919068789139
1359703,0.3546919068789139
1359704,0.41757597389353457
1359705,0.3546919068789139
1359706,0.5369732980689106
1359707,0.5369732980689106
1359708,0.5369732980689106
1359710,0.3546919068789139
1359714,0.3546919068789139
1359716,0.3546919068789139
1359718,0.5369732980689106
1359723,0.41757597389353457
1359724,0.41757597389353457
1359725,0.3546919068789139
1359727,0.3546919068789139
1359729,0.3546919068789139
1359731,0.3546919068789139
1359733,0.5369732980689106
1359734,0.3546919068789139
1359735,0.3546919068789139
1359736,0.41757597389353457
1359744,0.3546919068789139
1359746,0.5369732980689106
1359747,0.3546919068789139
1359748,0.41757597389353457
1359749,0.3546919068789139
1359751,0.41757597389353457
1359752,0.5369732980689106
1359755,0.3546919068789139
1359756,0.3546919068789139
1359757,0.41757597389353457
1359758,0.41757597389353457
1359759,0.41757597389353457
1359760,0.5369732980689106
1359762,0.41757597389353457
1359763,0.41757597389353457
1359764,0.3546919068789139
1359765,0.41757597389353457
1359767,0.41757597389353457
1359770,0.3546919068789139
1359772,0.5369732980689106
1359776,0.3546919068789139
1359778,0.41757597389353457
1359779,0.41757597389353457
1359781,0.41757597389353457
1359784,0.3546919068789139
1359785,0.3546919068789139
1359786,0.3546919068789139
1359787,0.3546919068789139
1359788,0.3546919068789139
1359790,0.3546919068789139
1359792,0.41757597389353457
1359793,0.3546919068789139
1359794,0.3546919068789139
1359795,0.41757597389353457
1359796,0.41757597389353457
1359798,0.3546919068789139
1359799,0.3546919068789139
1359805,0.41757597389353457
1359806,0.3546919068789139
1359809,0.3546919068789139
1359810,0.5369732980689106
1359811,0.3546919068789139
1359812,0.3546919068789139
1359813,0.41757597389353457
1359814,0.3546919068789139
1359815,0.41757597389353457
1359818,0.3546919068789139
1359819,0.3546919068789139
1359820,0.5369732980689106
1359821,0.3546919068789139
1359822,0.3546919068789139
1359823,0.3546919068789139
1359824,0.3546919068789139
1359825,0.3546919068789139
1359827,0.41757597389353457
1359829,0.3546919068789139
1359830,0.41757597389353457
1359833,0.3546919068789139
1359834,0.3546919068789139
1359836,0.3546919068789139
1359837,0.3546919068789139
1359838,0.3546919068789139
1359839,0.41757597389353457
1359840,0.41757597389353457
1359842,0.3546919068789139
1359843,0.5369732980689106
1359844,0.3546919068789139
1359845,0.3546919068789139
1359847,0.3546919068789139
1359849,0.3546919068789139
1359852,0.3546919068789139
1359853,0.3546919068789139
1359856,0.3546919068789139
1359860,0.41757597389353457
1359863,0.3546919068789139
1359864,0.3546919068789139
1359865,0.41757597389353457
1359866,0.3546919068789139
1359867,0.41757597389353457
1359868,0.3546919068789139
1359869,0.41757597389353457
1359873,0.3546919068789139
1359875,0.3546919068789139
1359876,0.3546919068789139
1359877,0.5369732980689106
1359878,0.3546919068789139
1359879,0.3546919068789139
1359880,0.41757597389353457
1359882,0.41757597389353457
1359884,0.5369732980689106
1359885,0.41757597389353457
1359888,0.3546919068789139
1359890,0.41757597389353457
1359892,0.41757597389353457
1359893,0.41757597389353457
1359896,0.3546919068789139
1359898,0.41757597389353457
1359899,0.3546919068789139
1359900,0.41757597389353457
1359901,0.41757597389353457
1359902,0.41757597389353457
1359903,0.3546919068789139
1359904,0.5369732980689106
1359905,0.3546919068789139
1359906,0.3546919068789139
1359908,0.3546919068789139
1359911,0.3546919068789139
1359913,0.3546919068789139
1359919,0.3546919068789139
1359921,0.3546919068789139
1359922,0.3546919068789139
1359923,0.3546919068789139
1359924,0.3546919068789139
1359925,0.3546919068789139
1359926,0.5369732980689106
1359927,0.41757597389353457
1359928,0.41757597389353457
1359929,0.3546919068789139
1359930,0.41757597389353457
1359931,0.5369732980689106
1359934,0.3546919068789139
1359935,0.41757597389353457
1359938,0.3546919068789139
1359939,0.3546919068789139
1359941,0.41757597389353457
1359942,0.5369732980689106
1359943,0.5369732980689106
1359945,0.5369732980689106
1359946,0.3546919068789139
1359947,0.41757597389353457
1359948,0.41757597389353457
1359949,0.3546919068789139
1359950,0.3546919068789139
1359951,0.41757597389353457
1359952,0.41757597389353457
1359953,0.5369732980689106
1359954,0.5369732980689106
1359955,0.41757597389353457
1359956,0.3546919068789139
1359959,0.3546919068789139
1359962,0.41757597389353457
1359964,0.41757597389353457
1359965,0.3546919068789139
1359968,0.3546919068789139
1359969,0.41757597389353457
1359972,0.3546919068789139
1359973,0.3546919068789139
1359974,0.41757597389353457
1359975,0.3546919068789139
1359976,0.41757597389353457
1359977,0.41757597389353457
1359978,0.5369732980689106
1359980,0.41757597389353457
1359982,0.3546919068789139
1359983,0.3546919068789139
1359984,0.41757597389353457
1359985,0.41757597389353457
1359986,0.3546919068789139
1359987,0.3546919068789139
1359989,0.3546919068789139
1359990,0.3546919068789139
1359991,0.5369732980689106
1359992,0.41757597389353457
1359993,0.5369732980689106
1359994,0.5369732980689106
1359995,0.3546919068789139
1359997,0.3546919068789139
1359998,0.41757597389353457
1359999,0.3546919068789139
1360000,0.3546919068789139
1360003,0.5369732980689106
1360006,0.3546919068789139
1360007,0.3546919068789139
1360012,0.3546919068789139
1360014,0.3546919068789139
1360015,0.3546919068789139
1360016,0.3546919068789139
1360017,0.3546919068789139
1360018,0.41757597389353457
1360019,0.41757597389353457
1360020,0.3546919068789139
1360022,0.3546919068789139
1360023,0.41757597389353457
1360024,0.3546919068789139
1360026,0.3546919068789139
1360027,0.3546919068789139
1360030,0.3546919068789139
1360031,0.3546919068789139
1360033,0.3546919068789139
1360034,0.3546919068789139
1360035,0.41757597389353457
1360037,0.3546919068789139
1360038,0.41757597389353457
1360040,0.3546919068789139
1360043,0.3546919068789139
1360045,0.5369732980689106
1360046,0.3546919068789139
1360047,0.41757597389353457
1360048,0.41757597389353457
1360049,0.5369732980689106
1360051,0.41757597389353457
1360052,0.3546919068789139
1360053,0.3546919068789139
1360054,0.5369732980689106
1360056,0.5369732980689106
1360058,0.3546919068789139
1360062,0.3546919068789139
1360063,0.41757597389353457
1360067,0.3546919068789139
1360068,0.3546919068789139
1360069,0.5369732980689106
1360073,0.41757597389353457
1360074,0.3546919068789139
1360075,0.3546919068789139
1360076,0.5369732980689106
1360077,0.3546919068789139
1360080,0.3546919068789139
1360081,0.3546919068789139
1360083,0.3546919068789139
1360084,0.3546919068789139
1360086,0.41757597389353457
1360087,0.41757597389353457
1360088,0.3546919068789139
1360089,0.41757597389353457
1360090,0.5369732980689106
1360091,0.3546919068789139
1360092,0.5369732980689106
1360093,0.3546919068789139
1360095,0.3546919068789139
1360097,0.3546919068789139
1360099,0.3546919068789139
1360100,0.41757597389353457
1360103,0.3546919068789139
1360104,0.41757597389353457
1360105,0.41757597389353457
1360107,0.3546919068789139
1360108,0.41757597389353457
1360109,0.41757597389353457
1360110,0.41757597389353457
1360114,0.3546919068789139
1360115,0.41757597389353457
1360116,0.3546919068789139
1360118,0.3546919068789139
1360119,0.3546919068789139
1360120,0.41757597389353457
1360121,0.3546919068789139
1360122,0.3546919068789139
1360123,0.3546919068789139
1360124,0.41757597389353457
1360126,0.3546919068789139
1360127,0.3546919068789139
1360128,0.5369732980689106
1360130,0.5369732980689106
1360131,0.5369732980689106
1360132,0.3546919068789139
1360134,0.3546919068789139
1360136,0.3546919068789139
1360138,0.41757597389353457
1360139,0.3546919068789139
1360140,0.5369732980689106
1360142,0.3546919068789139
1360143,0.3546919068789139
1360145,0.3546919068789139
1360148,0.3546919068789139
1360149,0.41757597389353457
1360150,0.3546919068789139
1360151,0.41757597389353457
1360152,0.3546919068789139
1360155,0.3546919068789139
1360158,0.41757597389353457
1360164,0.41757597389353457
1360165,0.3546919068789139
1360166,0.3546919068789139
1360167,0.3546919068789139
1360169,0.3546919068789139
1360172,0.3546919068789139
1360173,0.41757597389353457
1360174,0.5369732980689106
1360175,0.3546919068789139
1360179,0.41757597389353457
1360180,0.5369732980689106
1360181,0.41757597389353457
1360182,0.3546919068789139
1360183,0.3546919068789139
1360184,0.5369732980689106
1360185,0.41757597389353457
1360186,0.5369732980689106
1360187,0.5369732980689106
1360188,0.41757597389353457
1360189,0.3546919068789139
1360190,0.5369732980689106
1360191,0.41757597389353457
1360193,0.3546919068789139
1360194,0.3546919068789139
1360195,0.3546919068789139
1360197,0.41757597389353457
1360199,0.3546919068789139
1360200,0.3546919068789139
1360202,0.5369732980689106
1360204,0.41757597389353457
1360207,0.5369732980689106
1360209,0.41757597389353457
1360210,0.3546919068789139
1360213,0.5369732980689106
1360217,0.41757597389353457
1360218,0.5369732980689106
1360222,0.41757597389353457
1360223,0.41757597389353457
1360225,0.3546919068789139
1360228,0.5369732980689106
1360229,0.3546919068789139
1360231,0.41757597389353457
1360233,0.3546919068789139
1360235,0.41757597389353457
1360239,0.5369732980689106
1360240,0.41757597389353457
1360241,0.3546919068789139
1360242,0.3546919068789139
1360243,0.3546919068789139
1360244,0.3546919068789139
1360246,0.3546919068789139
1360248,0.3546919068789139
1360251,0.3546919068789139
1360254,0.3546919068789139
1360255,0.5369732980689106
1360257,0.5369732980689106
1360258,0.3546919068789139
1360263,0.5369732980689106
1360267,0.3546919068789139
1360269,0.41757597389353457
1360271,0.3546919068789139
1360272,0.41757597389353457
1360273,0.5369732980689106
1360274,0.3546919068789139
1360275,0.41757597389353457
1360276,0.3546919068789139
1360282,0.41757597389353457
1360284,0.3546919068789139
1360285,0.3546919068789139
1360286,0.41757597389353457
1360287,0.3546919068789139
1360288,0.3546919068789139
1360289,0.3546919068789139
1360290,0.3546919068789139
1360293,0.41757597389353457
1360297,0.3546919068789139
1360298,0.3546919068789139
1360301,0.3546919068789139
1360302,0.3546919068789139
1360304,0.41757597389353457
1360310,0.41757597389353457
1360313,0.3546919068789139
1360314,0.41757597389353457
1360315,0.3546919068789139
1360316,0.41757597389353457
1360317,0.3546919068789139
1360319,0.3546919068789139
1360322,0.41757597389353457
1360323,0.3546919068789139
1360324,0.41757597389353457
1360326,0.3546919068789139
1360327,0.3546919068789139
1360328,0.41757597389353457
1360330,0.5369732980689106
1360334,0.3546919068789139
1360335,0.3546919068789139
1360336,0.41757597389353457
1360337,0.3546919068789139
1360338,0.41757597389353457
1360339,0.3546919068789139
1360341,0.3546919068789139
1360342,0.41757597389353457
1360343,0.41757597389353457
1360344,0.3546919068789139
1360345,0.3546919068789139
1360346,0.3546919068789139
1360348,0.3546919068789139
1360349,0.3546919068789139
1360351,0.3546919068789139
1360352,0.3546919068789139
1360354,0.41757597389353457
1360355,0.3546919068789139
1360356,0.5369732980689106
1360357,0.3546919068789139
1360360,0.41757597389353457
1360361,0.41757597389353457
1360362,0.3546919068789139
1360364,0.3546919068789139
1360365,0.3546919068789139
1360366,0.3546919068789139
1360368,0.3546919068789139
1360369,0.41757597389353457
1360372,0.3546919068789139
1360374,0.3546919068789139
1360375,0.3546919068789139
1360377,0.3546919068789139
1360379,0.41757597389353457
1360380,0.3546919068789139
1360381,0.3546919068789139
1360383,0.5369732980689106
1360384,0.3546919068789139
1360385,0.3546919068789139
1360386,0.3546919068789139
1360387,0.41757597389353457
1360388,0.41757597389353457
1360391,0.41757597389353457
1360392,0.41757597389353457
1360394,0.41757597389353457
1360395,0.3546919068789139
1360396,0.3546919068789139
1360398,0.41757597389353457
1360399,0.41757597389353457
1360400,0.3546919068789139
1360401,0.41757597389353457
1360403,0.3546919068789139
1360404,0.5369732980689106
1360405,0.41757597389353457
1360406,0.41757597389353457
1360409,0.3546919068789139
1360411,0.41757597389353457
1360412,0.3546919068789139
1360414,0.3546919068789139
1360415,0.41757597389353457
1360416,0.3546919068789139
1360417,0.3546919068789139
1360418,0.41757597389353457
1360419,0.41757597389353457
1360420,0.3546919068789139
1360421,0.3546919068789139
1360422,0.5369732980689106
1360423,0.3546919068789139
1360424,0.3546919068789139
1360425,0.3546919068789139
1360426,0.3546919068789139
1360429,0.41757597389353457
1360431,0.41757597389353457
1360436,0.3546919068789139
1360438,0.3546919068789139
1360440,0.3546919068789139
1360441,0.3546919068789139
1360442,0.3546919068789139
1360443,0.3546919068789139
1360444,0.3546919068789139
1360445,0.3546919068789139
1360446,0.3546919068789139
1360448,0.3546919068789139
1360449,0.5369732980689106
1360450,0.3546919068789139
1360452,0.3546919068789139
1360456,0.5369732980689106
1360459,0.3546919068789139
1360460,0.41757597389353457
1360461,0.41757597389353457
1360464,0.3546919068789139
1360465,0.3546919068789139
1360466,0.41757597389353457
1360467,0.5369732980689106
1360468,0.3546919068789139
1360469,0.41757597389353457
1360470,0.3546919068789139
1360472,0.3546919068789139
1360477,0.3546919068789139
1360478,0.3546919068789139
1360480,0.41757597389353457
1360482,0.41757597389353457
1360483,0.3546919068789139
1360490,0.3546919068789139
1360491,0.3546919068789139
1360493,0.3546919068789139
1360496,0.5369732980689106
1360497,0.41757597389353457
1360498,0.3546919068789139
1360499,0.3546919068789139
1360500,0.5369732980689106
1360501,0.3546919068789139
1360504,0.3546919068789139
1360505,0.3546919068789139
1360506,0.41757597389353457
1360507,0.41757597389353457
1360509,0.3546919068789139
1360510,0.41757597389353457
1360511,0.3546919068789139
1360512,0.3546919068789139
1360513,0.41757597389353457
1360514,0.41757597389353457
1360516,0.41757597389353457
1360517,0.5369732980689106
1360519,0.5369732980689106
1360520,0.41757597389353457
1360521,0.3546919068789139
1360522,0.3546919068789139
1360525,0.41757597389353457
1360527,0.3546919068789139
1360529,0.3546919068789139
1360530,0.3546919068789139
1360532,0.41757597389353457
1360535,0.5369732980689106
1360536,0.3546919068789139
1360537,0.3546919068789139
1360538,0.3546919068789139
1360539,0.3546919068789139
1360540,0.41757597389353457
1360541,0.41757597389353457
1360542,0.41757597389353457
1360546,0.41757597389353457
1360547,0.3546919068789139
1360548,0.3546919068789139
1360549,0.3546919068789139
1360550,0.41757597389353457
1360553,0.41757597389353457
1360554,0.3546919068789139
1360555,0.3546919068789139
1360556,0.3546919068789139
1360557,0.3546919068789139
1360558,0.3546919068789139
1360559,0.41757597389353457
1360560,0.3546919068789139
1360561,0.3546919068789139
1360564,0.3546919068789139
1360567,0.3546919068789139
1360568,0.5369732980689106
1360570,0.3546919068789139
1360571,0.5369732980689106
1360574,0.41757597389353457
1360575,0.3546919068789139
1360576,0.3546919068789139
1360582,0.3546919068789139
1360583,0.3546919068789139
1360586,0.5369732980689106
1360587,0.41757597389353457
1360588,0.3546919068789139
1360589,0.3546919068789139
1360590,0.3546919068789139
1360591,0.3546919068789139
1360592,0.41757597389353457
1360593,0.3546919068789139
1360595,0.41757597389353457
1360597,0.3546919068789139
1360598,0.41757597389353457
1360599,0.5369732980689106
1360600,0.3546919068789139
1360601,0.3546919068789139
1360603,0.41757597389353457
1360604,0.5369732980689106
1360605,0.3546919068789139
1360607,0.3546919068789139
1360609,0.3546919068789139
1360611,0.41757597389353457
1360612,0.3546919068789139
1360613,0.41757597389353457
1360614,0.41757597389353457
1360616,0.5369732980689106
1360618,0.5369732980689106
1360619,0.3546919068789139
1360621,0.3546919068789139
1360624,0.41757597389353457
1360625,0.3546919068789139
1360626,0.3546919068789139
1360627,0.3546919068789139
1360629,0.3546919068789139
1360630,0.41757597389353457
1360631,0.3546919068789139
1360634,0.5369732980689106
1360635,0.3546919068789139
1360636,0.3546919068789139
1360637,0.41757597389353457
1360638,0.3546919068789139
1360639,0.3546919068789139
1360640,0.41757597389353457
1360642,0.3546919068789139
1360644,0.41757597389353457
1360645,0.41757597389353457
1360648,0.41757597389353457
1360649,0.41757597389353457
1360651,0.3546919068789139
1360653,0.41757597389353457
1360655,0.3546919068789139
1360657,0.41757597389353457
1360660,0.5369732980689106
1360661,0.3546919068789139
1360662,0.3546919068789139
1360664,0.3546919068789139
1360665,0.41757597389353457
1360667,0.41757597389353457
1360668,0.41757597389353457
1360672,0.41757597389353457
1360675,0.5369732980689106
1360676,0.5369732980689106
1360677,0.41757597389353457
1360678,0.41757597389353457
1360679,0.41757597389353457
1360680,0.41757597389353457
1360681,0.3546919068789139
1360683,0.5369732980689106
1360685,0.3546919068789139
1360687,0.3546919068789139
1360688,0.3546919068789139
1360690,0.3546919068789139
1360691,0.3546919068789139
1360692,0.3546919068789139
1360693,0.3546919068789139
1360695,0.41757597389353457
1360697,0.3546919068789139
1360698,0.5369732980689106
1360700,0.41757597389353457
1360701,0.41757597389353457
1360702,0.41757597389353457
1360704,0.41757597389353457
1360708,0.5369732980689106
1360710,0.41757597389353457
1360711,0.41757597389353457
1360713,0.3546919068789139
1360714,0.3546919068789139
1360716,0.41757597389353457
1360719,0.3546919068789139
1360722,0.41757597389353457
1360723,0.41757597389353457
1360724,0.5369732980689106
1360725,0.3546919068789139
1360726,0.41757597389353457
1360728,0.41757597389353457
1360729,0.3546919068789139
1360730,0.41757597389353457
1360731,0.41757597389353457
1360732,0.5369732980689106
1360733,0.41757597389353457
1360734,0.5369732980689106
1360735,0.3546919068789139
1360738,0.3546919068789139
1360739,0.41757597389353457
1360741,0.41757597389353457
1360743,0.41757597389353457
1360745,0.3546919068789139
1360747,0.3546919068789139
1360748,0.3546919068789139
1360749,0.3546919068789139
1360750,0.41757597389353457
1360751,0.41757597389353457
1360752,0.3546919068789139
1360754,0.41757597389353457
1360755,0.3546919068789139
1360756,0.41757597389353457
1360757,0.3546919068789139
1360758,0.3546919068789139
1360759,0.5369732980689106
1360761,0.3546919068789139
1360762,0.3546919068789139
1360763,0.3546919068789139
1360764,0.3546919068789139
1360765,0.41757597389353457
1360766,0.5369732980689106
1360767,0.3546919068789139
1360768,0.41757597389353457
1360769,0.41757597389353457
1360770,0.41757597389353457
1360771,0.3546919068789139
1360772,0.41757597389353457
1360774,0.41757597389353457
1360775,0.41757597389353457
1360777,0.3546919068789139
1360778,0.41757597389353457
1360779,0.41757597389353457
1360780,0.5369732980689106
1360781,0.3546919068789139
1360782,0.41757597389353457
1360783,0.5369732980689106
1360784,0.3546919068789139
1360786,0.3546919068789139
1360790,0.41757597389353457
1360794,0.3546919068789139
1360795,0.41757597389353457
1360797,0.41757597389353457
1360798,0.3546919068789139
1360805,0.3546919068789139
1360806,0.3546919068789139
1360807,0.3546919068789139
1360808,0.41757597389353457
1360809,0.3546919068789139
1360810,0.41757597389353457
1360813,0.41757597389353457
1360814,0.3546919068789139
1360815,0.41757597389353457
1360817,0.3546919068789139
1360818,0.3546919068789139
1360819,0.41757597389353457
1360820,0.41757597389353457
1360821,0.3546919068789139
1360822,0.5369732980689106
1360823,0.3546919068789139
1360824,0.3546919068789139
1360825,0.41757597389353457
1360826,0.5369732980689106
1360830,0.3546919068789139
1360831,0.41757597389353457
1360832,0.3546919068789139
1360833,0.5369732980689106
1360834,0.41757597389353457
1360836,0.5369732980689106
1360837,0.3546919068789139
1360838,0.3546919068789139
1360839,0.3546919068789139
1360840,0.3546919068789139
1360841,0.41757597389353457
1360842,0.3546919068789139
1360844,0.3546919068789139
1360845,0.3546919068789139
1360846,0.5369732980689106
1360847,0.41757597389353457
1360848,0.3546919068789139
1360849,0.3546919068789139
1360850,0.41757597389353457
1360851,0.41757597389353457
1360852,0.3546919068789139
1360853,0.41757597389353457
1360854,0.3546919068789139
1360857,0.5369732980689106
1360858,0.3546919068789139
1360860,0.3546919068789139
1360861,0.5369732980689106
1360863,0.3546919068789139
1360864,0.3546919068789139
1360865,0.3546919068789139
1360866,0.41757597389353457
1360867,0.41757597389353457
1360869,0.3546919068789139
1360870,0.5369732980689106
1360871,0.3546919068789139
1360872,0.41757597389353457
1360876,0.3546919068789139
1360877,0.41757597389353457
1360878,0.41757597389353457
1360879,0.3546919068789139
1360882,0.41757597389353457
1360883,0.3546919068789139
1360884,0.5369732980689106
1360885,0.5369732980689106
1360886,0.41757597389353457
1360889,0.3546919068789139
1360890,0.5369732980689106
1360892,0.41757597389353457
1360893,0.3546919068789139
1360894,0.3546919068789139
1360895,0.3546919068789139
1360898,0.41757597389353457
1360899,0.41757597389353457
1360902,0.3546919068789139
1360903,0.41757597389353457
1360904,0.41757597389353457
1360905,0.3546919068789139
1360906,0.3546919068789139
1360907,0.41757597389353457
1360908,0.3546919068789139
1360909,0.41757597389353457
1360912,0.41757597389353457
1360913,0.3546919068789139
1360916,0.41757597389353457
1360917,0.3546919068789139
1360919,0.41757597389353457
1360921,0.3546919068789139
1360922,0.41757597389353457
1360927,0.3546919068789139
1360928,0.41757597389353457
1360929,0.41757597389353457
1360930,0.41757597389353457
1360931,0.41757597389353457
1360932,0.5369732980689106
1360933,0.41757597389353457
1360935,0.41757597389353457
1360936,0.3546919068789139
1360937,0.41757597389353457
1360938,0.41757597389353457
1360940,0.3546919068789139
1360942,0.3546919068789139
1360943,0.3546919068789139
1360946,0.3546919068789139
1360947,0.3546919068789139
1360948,0.3546919068789139
1360951,0.5369732980689106
1360952,0.3546919068789139
1360953,0.41757597389353457
1360954,0.3546919068789139
1360956,0.3546919068789139
1360957,0.41757597389353457
1360958,0.3546919068789139
1360961,0.5369732980689106
1360962,0.41757597389353457
1360964,0.3546919068789139
1360965,0.41757597389353457
1360966,0.3546919068789139
1360968,0.5369732980689106
1360977,0.5369732980689106
1360978,0.41757597389353457
1360979,0.41757597389353457
1360980,0.3546919068789139
1360981,0.3546919068789139
1360984,0.3546919068789139
1360985,0.41757597389353457
1360988,0.41757597389353457
1360989,0.3546919068789139
1360990,0.41757597389353457
1360991,0.3546919068789139
1360993,0.3546919068789139
1360994,0.3546919068789139
1360995,0.41757597389353457
1360996,0.3546919068789139
1360997,0.3546919068789139
1360998,0.3546919068789139
1360999,0.3546919068789139
1361000,0.41757597389353457
1361001,0.3546919068789139
1361002,0.3546919068789139
1361003,0.3546919068789139
1361004,0.41757597389353457
1361005,0.3546919068789139
1361008,0.5369732980689106
1361010,0.5369732980689106
1361011,0.5369732980689106
1361013,0.41757597389353457
1361014,0.5369732980689106
1361016,0.41757597389353457
1361018,0.5369732980689106
1361019,0.3546919068789139
1361021,0.3546919068789139
1361022,0.3546919068789139
1361024,0.3546919068789139
1361025,0.3546919068789139
1361026,0.41757597389353457
1361027,0.3546919068789139
1361028,0.3546919068789139
1361029,0.3546919068789139
1361030,0.3546919068789139
1361032,0.41757597389353457
1361033,0.3546919068789139
1361035,0.3546919068789139
1361036,0.3546919068789139
1361037,0.3546919068789139
1361038,0.41757597389353457
1361041,0.3546919068789139
1361045,0.3546919068789139
1361046,0.41757597389353457
1361048,0.5369732980689106
1361049,0.3546919068789139
1361050,0.41757597389353457
1361051,0.3546919068789139
1361052,0.5369732980689106
1361053,0.41757597389353457
1361054,0.3546919068789139
1361055,0.41757597389353457
1361056,0.5369732980689106
1361058,0.3546919068789139
1361059,0.41757597389353457
1361061,0.3546919068789139
1361063,0.5369732980689106
1361064,0.5369732980689106
1361065,0.41757597389353457
1361067,0.41757597389353457
1361068,0.3546919068789139
1361069,0.41757597389353457
1361070,0.41757597389353457
1361071,0.5369732980689106
1361072,0.41757597389353457
1361073,0.3546919068789139
1361076,0.3546919068789139
1361077,0.5369732980689106
1361078,0.3546919068789139
1361079,0.3546919068789139
1361081,0.3546919068789139
1361082,0.3546919068789139
1361083,0.41757597389353457
1361084,0.3546919068789139
1361092,0.3546919068789139
1361093,0.3546919068789139
1361094,0.5369732980689106
1361095,0.5369732980689106
1361096,0.41757597389353457
1361099,0.41757597389353457
1361100,0.5369732980689106
1361101,0.5369732980689106
1361103,0.5369732980689106
1361105,0.41757597389353457
1361106,0.3546919068789139
1361115,0.3546919068789139
1361117,0.5369732980689106
1361120,0.5369732980689106
1361121,0.3546919068789139
1361124,0.41757597389353457
1361126,0.41757597389353457
1361129,0.3546919068789139
1361138,0.3546919068789139
1361141,0.41757597389353457
1361148,0.3546919068789139
1361155,0.5369732980689106
1361166,0.3546919068789139
1361167,0.41757597389353457
1361168,0.5369732980689106
1361184,0.3546919068789139
1361216,0.3546919068789139
1361235,0.5369732980689106
1361253,0.41757597389353457
1361301,0.5369732980689106
1361330,0.3546919068789139
1361339,0.3546919068789139
1361925,0.3546919068789139
1362862,0.41757597389353457
1362906,0.3546919068789139
1363111,0.41757597389353457
1363128,0.5369732980689106
1363132,0.5369732980689106
1363190,0.41757597389353457
1363192,0.41757597389353457
1363228,0.5369732980689106
1363249,0.5369732980689106
1363250,0.3546919068789139
1363251,0.41757597389353457
1363253,0.41757597389353457
1363255,0.41757597389353457
1363282,0.3546919068789139
1363283,0.5369732980689106
1363285,0.41757597389353457
1363289,0.3546919068789139
1363293,0.5369732980689106
1363294,0.41757597389353457
1363297,0.3546919068789139
1363298,0.41757597389353457
1363300,0.3546919068789139
1363302,0.5369732980689106
1363303,0.5369732980689106
1363304,0.41757597389353457
1363305,0.3546919068789139
1363307,0.3546919068789139
1363311,0.41757597389353457
1363314,0.5369732980689106
1363315,0.5369732980689106
1363317,0.5369732980689106
1363319,0.41757597389353457
1363320,0.5369732980689106
1363321,0.3546919068789139
1363327,0.41757597389353457
1363328,0.3546919068789139
1363329,0.41757597389353457
1363334,0.5369732980689106
1363336,0.5369732980689106
1363337,0.3546919068789139
1363338,0.3546919068789139
1363339,0.41757597389353457
1363342,0.41757597389353457
1363343,0.41757597389353457
1363345,0.41757597389353457
1363348,0.41757597389353457
1363351,0.5369732980689106
1363354,0.5369732980689106
1363356,0.5369732980689106
1363357,0.41757597389353457
1363358,0.5369732980689106
1363360,0.5369732980689106
1363363,0.3546919068789139
1363364,0.41757597389353457
1363365,0.41757597389353457
1363366,0.41757597389353457
1363368,0.3546919068789139
1363370,0.3546919068789139
1363375,0.3546919068789139
1363377,0.41757597389353457
1363378,0.5369732980689106
1363380,0.3546919068789139
1363381,0.3546919068789139
1363382,0.41757597389353457
1363391,0.5369732980689106
1363394,0.41757597389353457
1363395,0.5369732980689106
1363397,0.41757597389353457
1363399,0.3546919068789139
1363401,0.5369732980689106
1363402,0.41757597389353457
1363403,0.3546919068789139
1363406,0.5369732980689106
1363407,0.3546919068789139
1363408,0.41757597389353457
1363415,0.5369732980689106
1363416,0.41757597389353457
1363418,0.3546919068789139
1363419,0.3546919068789139
1363421,0.3546919068789139
1363422,0.5369732980689106
1363424,0.3546919068789139
1363426,0.5369732980689106
1363429,0.3546919068789139
1363431,0.3546919068789139
1363432,0.3546919068789139
1363434,0.41757597389353457
1363435,0.5369732980689106
1363438,0.3546919068789139
1363444,0.41757597389353457
1363446,0.3546919068789139
1363449,0.3546919068789139
1363450,0.5369732980689106
1363451,0.5369732980689106
1363452,0.5369732980689106
1363453,0.41757597389353457
1363458,0.3546919068789139
1363459,0.5369732980689106
1363460,0.41757597389353457
1363461,0.41757597389353457
1363462,0.3546919068789139
1363464,0.3546919068789139
1363465,0.3546919068789139
1363470,0.3546919068789139
1363471,0.3546919068789139
1363475,0.41757597389353457
1363476,0.3546919068789139
1363477,0.3546919068789139
1363480,0.3546919068789139
1363481,0.5369732980689106
1363483,0.41757597389353457
1363484,0.5369732980689106
1363486,0.41757597389353457
1363489,0.41757597389353457
1363491,0.3546919068789139
1363493,0.5369732980689106
1363494,0.3546919068789139
1363497,0.5369732980689106
1363500,0.41757597389353457
1363502,0.3546919068789139
1363504,0.5369732980689106
1363505,0.41757597389353457
1363506,0.5369732980689106
1363508,0.5369732980689106
1363511,0.41757597389353457
1363512,0.5369732980689106
1363515,0.5369732980689106
1363518,0.5369732980689106
1363519,0.3546919068789139
1363521,0.5369732980689106
1363522,0.41757597389353457
1363527,0.3546919068789139
1363528,0.5369732980689106
1363529,0.3546919068789139
1363530,0.5369732980689106
1363531,0.41757597389353457
1363534,0.41757597389353457
1363538,0.3546919068789139
1363542,0.41757597389353457
1363543,0.5369732980689106
1363544,0.3546919068789139
1363546,0.3546919068789139
1363547,0.5369732980689106
1363548,0.5369732980689106
1363549,0.41757597389353457
1363554,0.41757597389353457
1363555,0.41757597389353457
1363557,0.3546919068789139
1363558,0.3546919068789139
1363564,0.41757597389353457
1363568,0.3546919068789139
1363571,0.5369732980689106
1363574,0.41757597389353457
1363575,0.5369732980689106
1363577,0.5369732980689106
1363579,0.3546919068789139
1363580,0.41757597389353457
1363583,0.3546919068789139
1363588,0.3546919068789139
1363592,0.41757597389353457
1363596,0.3546919068789139
1363597,0.3546919068789139
1363598,0.3546919068789139
1363601,0.3546919068789139
1363603,0.41757597389353457
1363605,0.3546919068789139
1363608,0.5369732980689106
1363610,0.5369732980689106
1363612,0.3546919068789139
1363614,0.41757597389353457
1363615,0.3546919068789139
1363617,0.3546919068789139
1363621,0.5369732980689106
1363622,0.3546919068789139
1363623,0.41757597389353457
1363624,0.3546919068789139
1363625,0.3546919068789139
1363626,0.3546919068789139
1363631,0.3546919068789139
1363633,0.3546919068789139
1363634,0.41757597389353457
1363635,0.41757597389353457
1363637,0.41757597389353457
1363639,0.3546919068789139
1363640,0.5369732980689106
1363641,0.41757597389353457
1363642,0.5369732980689106
1363644,0.3546919068789139
1363645,0.41757597389353457
1363647,0.5369732980689106
1363649,0.41757597389353457
1363651,0.3546919068789139
1363653,0.3546919068789139
1363654,0.3546919068789139
1363656,0.3546919068789139
1363657,0.3546919068789139
1363658,0.3546919068789139
1363659,0.5369732980689106
1363660,0.3546919068789139
1363661,0.5369732980689106
1363662,0.5369732980689106
1363664,0.41757597389353457
1363665,0.3546919068789139
1363666,0.5369732980689106
1363667,0.41757597389353457
1363668,0.3546919068789139
1363671,0.41757597389353457
1363672,0.3546919068789139
1363674,0.41757597389353457
1363675,0.41757597389353457
1363677,0.5369732980689106
1363678,0.5369732980689106
1363680,0.41757597389353457
1363681,0.41757597389353457
1363687,0.3546919068789139
1363688,0.5369732980689106
1363689,0.41757597389353457
1363696,0.41757597389353457
1363699,0.3546919068789139
1363700,0.3546919068789139
1363702,0.41757597389353457
1363703,0.41757597389353457
1363706,0.3546919068789139
1363709,0.3546919068789139
1363710,0.5369732980689106
1363712,0.3546919068789139
1363714,0.3546919068789139
1363718,0.3546919068789139
1363721,0.5369732980689106
1363722,0.41757597389353457
1363724,0.3546919068789139
1363726,0.41757597389353457
1363728,0.41757597389353457
1363731,0.41757597389353457
1363733,0.41757597389353457
1363734,0.3546919068789139
1363736,0.41757597389353457
1363737,0.5369732980689106
1363740,0.3546919068789139
1363741,0.41757597389353457
1363743,0.41757597389353457
1363745,0.3546919068789139
1363746,0.5369732980689106
1363748,0.3546919068789139
1363749,0.3546919068789139
1363750,0.3546919068789139
1363755,0.5369732980689106
1363756,0.41757597389353457
1363758,0.5369732980689106
1363759,0.3546919068789139
1363762,0.3546919068789139
1363763,0.3546919068789139
1363767,0.41757597389353457
1363769,0.41757597389353457
1363771,0.3546919068789139
1363772,0.5369732980689106
1363773,0.41757597389353457
1363774,0.5369732980689106
1363775,0.41757597389353457
1363777,0.5369732980689106
1363778,0.5369732980689106
1363780,0.5369732980689106
1363782,0.3546919068789139
1363784,0.3546919068789139
1363785,0.41757597389353457
1363788,0.5369732980689106
1363789,0.3546919068789139
1363790,0.5369732980689106
1363791,0.5369732980689106
1363793,0.3546919068789139
1363794,0.3546919068789139
1363795,0.3546919068789139
1363797,0.3546919068789139
1363798,0.41757597389353457
1363800,0.41757597389353457
1363801,0.41757597389353457
1363803,0.41757597389353457
1363804,0.41757597389353457
1363806,0.41757597389353457
1363807,0.3546919068789139
1363808,0.5369732980689106
1363809,0.3546919068789139
1363810,0.5369732980689106
1363814,0.3546919068789139
1363816,0.41757597389353457
1363818,0.41757597389353457
1363823,0.5369732980689106
1363824,0.41757597389353457
1363826,0.5369732980689106
1363827,0.3546919068789139
1363832,0.5369732980689106
1363835,0.3546919068789139
1363837,0.3546919068789139
1363838,0.3546919068789139
1363839,0.3546919068789139
1363840,0.41757597389353457
1363841,0.41757597389353457
1363842,0.3546919068789139
1363844,0.3546919068789139
1364226,0.41757597389353457
1364229,0.41757597389353457
1364231,0.5369732980689106
1364234,0.3546919068789139
1364235,0.5369732980689106
1364238,0.41757597389353457
1364239,0.3546919068789139
1364240,0.3546919068789139
1364243,0.5369732980689106
1364246,0.41757597389353457
1364248,0.5369732980689106
1364249,0.3546919068789139
1364252,0.41757597389353457
1364255,0.3546919068789139
1364256,0.3546919068789139
1364262,0.41757597389353457
1364263,0.3546919068789139
1364268,0.5369732980689106
1364275,0.41757597389353457
1364276,0.41757597389353457
1364278,0.3546919068789139
1364280,0.3546919068789139
1364284,0.41757597389353457
1364287,0.5369732980689106
1364288,0.3546919068789139
1364293,0.3546919068789139
1364294,0.41757597389353457
1364297,0.5369732980689106
1364298,0.41757597389353457
1364300,0.41757597389353457
1364301,0.3546919068789139
1364304,0.3546919068789139
1364306,0.3546919068789139
1364307,0.41757597389353457
1364308,0.41757597389353457
1364313,0.5369732980689106
1364315,0.41757597389353457
1364316,0.5369732980689106
1364317,0.3546919068789139
1364319,0.5369732980689106
1364320,0.41757597389353457
1364323,0.5369732980689106
1364327,0.41757597389353457
1364329,0.3546919068789139
1364330,0.5369732980689106
1364331,0.41757597389353457
1364332,0.41757597389353457
1364333,0.41757597389353457
1364335,0.3546919068789139
1364336,0.3546919068789139
1364337,0.5369732980689106
1364339,0.5369732980689106
1364340,0.3546919068789139
1364342,0.5369732980689106
1364343,0.41757597389353457
1364346,0.3546919068789139
1364348,0.41757597389353457
1364350,0.5369732980689106
1364352,0.3546919068789139
1364353,0.3546919068789139
1364355,0.5369732980689106
1364357,0.5369732980689106
1364358,0.3546919068789139
1364359,0.41757597389353457
1364362,0.5369732980689106
1364363,0.3546919068789139
1364364,0.3546919068789139
1364369,0.3546919068789139
1364376,0.41757597389353457
1364377,0.41757597389353457
1364379,0.3546919068789139
1364380,0.5369732980689106
1364382,0.41757597389353457
1364383,0.41757597389353457
1364386,0.41757597389353457
1364387,0.3546919068789139
1364389,0.5369732980689106
1364390,0.41757597389353457
1364392,0.5369732980689106
1364395,0.41757597389353457
1364396,0.5369732980689106
1364399,0.41757597389353457
1364400,0.41757597389353457
1364401,0.5369732980689106
1364403,0.3546919068789139
1364404,0.3546919068789139
1364410,0.41757597389353457
1364411,0.5369732980689106
1364412,0.3546919068789139
1364414,0.41757597389353457
1364415,0.5369732980689106
1364416,0.3546919068789139
1364418,0.41757597389353457
1364419,0.3546919068789139
1364420,0.41757597389353457
1364421,0.41757597389353457
1364422,0.3546919068789139
1364423,0.3546919068789139
1364424,0.3546919068789139
1364425,0.3546919068789139
1364428,0.41757597389353457
1364429,0.41757597389353457
1364431,0.5369732980689106
1364432,0.41757597389353457
1364433,0.41757597389353457
1364436,0.5369732980689106
1364438,0.41757597389353457
1364450,0.5369732980689106
1364455,0.3546919068789139
1364457,0.5369732980689106
1364461,0.41757597389353457
1364462,0.5369732980689106
1364465,0.41757597389353457
1364468,0.3546919068789139
1364470,0.41757597389353457
1364471,0.41757597389353457
1364478,0.5369732980689106
1364482,0.41757597389353457
1364484,0.41757597389353457
1364488,0.5369732980689106
1364489,0.3546919068789139
1364491,0.41757597389353457
1364496,0.3546919068789139
1364501,0.5369732980689106
1364502,0.41757597389353457
1364504,0.41757597389353457
1364506,0.3546919068789139
1364509,0.5369732980689106
1364510,0.3546919068789139
1364511,0.41757597389353457
1364513,0.41757597389353457
1364514,0.41757597389353457
1364516,0.5369732980689106
1364519,0.5369732980689106
1364523,0.41757597389353457
1364524,0.41757597389353457
1364525,0.41757597389353457
1364527,0.41757597389353457
1364528,0.5369732980689106
1364529,0.41757597389353457
1364530,0.3546919068789139
1364533,0.5369732980689106
1364534,0.41757597389353457
1364536,0.3546919068789139
1364539,0.5369732980689106
1364542,0.5369732980689106
1364544,0.3546919068789139
1364546,0.5369732980689106
1364547,0.41757597389353457
1364548,0.3546919068789139
1364549,0.3546919068789139
1364550,0.3546919068789139
1364555,0.3546919068789139
1364556,0.5369732980689106
1364562,0.5369732980689106
1364563,0.3546919068789139
1364565,0.5369732980689106
1364566,0.3546919068789139
1364573,0.41757597389353457
1364575,0.41757597389353457
1364576,0.5369732980689106
1364578,0.41757597389353457
1364580,0.41757597389353457
1364581,0.5369732980689106
1364582,0.41757597389353457
1364586,0.5369732980689106
1364587,0.5369732980689106
1364588,0.5369732980689106
1364590,0.5369732980689106
1364596,0.5369732980689106
1364600,0.5369732980689106
1364601,0.41757597389353457
1364602,0.41757597389353457
1364606,0.41757597389353457
1364608,0.3546919068789139
1364609,0.3546919068789139
1364612,0.5369732980689106
1364615,0.3546919068789139
1364624,0.5369732980689106
1364629,0.3546919068789139
1364633,0.3546919068789139
1364634,0.41757597389353457
1364635,0.41757597389353457
1364637,0.3546919068789139
1364644,0.5369732980689106
1364649,0.5369732980689106
1364650,0.3546919068789139
1364651,0.3546919068789139
1364653,0.41757597389353457
1364657,0.3546919068789139
1364662,0.41757597389353457
1364665,0.5369732980689106
1364667,0.5369732980689106
1364668,0.41757597389353457
1364670,0.5369732980689106
1364676,0.5369732980689106
1364677,0.5369732980689106
1364680,0.41757597389353457
1364682,0.3546919068789139
1364684,0.3546919068789139
1364685,0.41757597389353457
1364688,0.3546919068789139
1364689,0.3546919068789139
1364696,0.5369732980689106
1364697,0.3546919068789139
1364699,0.5369732980689106
1364700,0.5369732980689106
1364701,0.3546919068789139
1364703,0.41757597389353457
1364705,0.3546919068789139
1364706,0.41757597389353457
1364707,0.3546919068789139
1364711,0.3546919068789139
1364713,0.41757597389353457
1364720,0.41757597389353457
1364726,0.41757597389353457
1364727,0.5369732980689106
1364728,0.41757597389353457
1364729,0.3546919068789139
1364731,0.41757597389353457
1364736,0.3546919068789139
1364738,0.3546919068789139
1364739,0.5369732980689106
1364741,0.3546919068789139
1364742,0.41757597389353457
1364745,0.41757597389353457
1364746,0.5369732980689106
1364748,0.5369732980689106
1364754,0.5369732980689106
1364755,0.5369732980689106
1364758,0.3546919068789139
1364759,0.41757597389353457
1364760,0.3546919068789139
1364763,0.5369732980689106
1364765,0.41757597389353457
1364766,0.3546919068789139
1364768,0.3546919068789139
1364772,0.5369732980689106
1364773,0.3546919068789139
1364775,0.41757597389353457
1364778,0.41757597389353457
1364780,0.3546919068789139
1364784,0.5369732980689106
1364786,0.3546919068789139
1364787,0.3546919068789139
1364788,0.3546919068789139
1364793,0.3546919068789139
1364794,0.3546919068789139
1364795,0.3546919068789139
1364796,0.3546919068789139
1364797,0.41757597389353457
1364798,0.5369732980689106
1364799,0.3546919068789139
1364802,0.5369732980689106
1364803,0.3546919068789139
1364805,0.3546919068789139
1364807,0.5369732980689106
1364811,0.41757597389353457
1364813,0.41757597389353457
1364815,0.5369732980689106
1364817,0.5369732980689106
1364818,0.3546919068789139
1364819,0.41757597389353457
1364821,0.3546919068789139
1364825,0.3546919068789139
1364833,0.5369732980689106
1364834,0.3546919068789139
1364837,0.3546919068789139
1364839,0.41757597389353457
1364840,0.3546919068789139
1364841,0.3546919068789139
1364843,0.41757597389353457
1364844,0.3546919068789139
1364848,0.3546919068789139
1364849,0.41757597389353457
1364852,0.41757597389353457
1364854,0.3546919068789139
1364860,0.41757597389353457
1364862,0.5369732980689106
1364863,0.41757597389353457
1364865,0.3546919068789139
1364866,0.41757597389353457
1364869,0.5369732980689106
1364872,0.41757597389353457
1364873,0.41757597389353457
1364874,0.3546919068789139
1364876,0.5369732980689106
1364877,0.3546919068789139
1364878,0.41757597389353457
1364879,0.41757597389353457
1364880,0.3546919068789139
1364881,0.5369732980689106
1364885,0.41757597389353457
1364886,0.41757597389353457
1364887,0.5369732980689106
1364892,0.3546919068789139
1364893,0.3546919068789139
1364894,0.41757597389353457
1364899,0.3546919068789139
1364900,0.5369732980689106
1364901,0.41757597389353457
1364903,0.41757597389353457
1364907,0.41757597389353457
1364909,0.41757597389353457
1364910,0.3546919068789139
1364911,0.41757597389353457
1364912,0.3546919068789139
1364914,0.41757597389353457
1364915,0.5369732980689106
1364916,0.5369732980689106
1364917,0.41757597389353457
1364923,0.3546919068789139
1364924,0.41757597389353457
1364926,0.3546919068789139
1364929,0.41757597389353457
1364939,0.3546919068789139
1364941,0.3546919068789139
1364942,0.5369732980689106
1364945,0.3546919068789139
1364949,0.3546919068789139
1364951,0.41757597389353457
1364952,0.5369732980689106
1364953,0.41757597389353457
1364957,0.5369732980689106
1364962,0.3546919068789139
1364963,0.3546919068789139
1364965,0.41757597389353457
1364968,0.41757597389353457
1364969,0.3546919068789139
1364973,0.3546919068789139
1364976,0.5369732980689106
1364977,0.41757597389353457
1364980,0.5369732980689106
1364981,0.41757597389353457
1364983,0.5369732980689106
1364984,0.5369732980689106
1364987,0.3546919068789139
1364989,0.41757597389353457
1364992,0.5369732980689106
1364995,0.5369732980689106
1364999,0.5369732980689106
1365008,0.3546919068789139
1365009,0.3546919068789139
1365011,0.5369732980689106
1365012,0.41757597389353457
1365015,0.41757597389353457
1365017,0.5369732980689106
1365018,0.5369732980689106
1365019,0.41757597389353457
1365021,0.41757597389353457
1365022,0.3546919068789139
1365023,0.41757597389353457
1365024,0.41757597389353457
1365025,0.5369732980689106
1365026,0.3546919068789139
1365027,0.41757597389353457
1365028,0.3546919068789139
1365031,0.5369732980689106
1365032,0.3546919068789139
1365033,0.5369732980689106
1365035,0.5369732980689106
1365036,0.5369732980689106
1365038,0.41757597389353457
1365039,0.5369732980689106
1365041,0.41757597389353457
1365042,0.5369732980689106
1365046,0.41757597389353457
1365047,0.3546919068789139
1365048,0.3546919068789139
1365051,0.5369732980689106
1365052,0.3546919068789139
1365053,0.3546919068789139
1365054,0.3546919068789139
1365060,0.41757597389353457
1365065,0.41757597389353457
1365067,0.41757597389353457
1365068,0.5369732980689106
1365069,0.3546919068789139
1365070,0.3546919068789139
1365071,0.3546919068789139
1365072,0.5369732980689106
1365073,0.5369732980689106
1365074,0.41757597389353457
1365075,0.41757597389353457
1365076,0.41757597389353457
1365077,0.3546919068789139
1365078,0.41757597389353457
1365079,0.41757597389353457
1365080,0.3546919068789139
1365084,0.3546919068789139
1365086,0.41757597389353457
1365087,0.41757597389353457
1365088,0.5369732980689106
1365092,0.5369732980689106
1365094,0.5369732980689106
1365097,0.3546919068789139
1365105,0.3546919068789139
1365109,0.5369732980689106
1365111,0.5369732980689106
1365112,0.41757597389353457
1365116,0.3546919068789139
1365117,0.5369732980689106
1365121,0.3546919068789139
1365122,0.3546919068789139
1365123,0.5369732980689106
1365124,0.5369732980689106
1365125,0.41757597389353457
1365128,0.41757597389353457
1365131,0.3546919068789139
1365133,0.41757597389353457
1365134,0.41757597389353457
1365135,0.3546919068789139
1365137,0.5369732980689106
1365139,0.3546919068789139
1365140,0.41757597389353457
1365141,0.5369732980689106
1365143,0.3546919068789139
1365146,0.41757597389353457
1365147,0.5369732980689106
1365148,0.5369732980689106
1365150,0.3546919068789139
1365151,0.3546919068789139
1365152,0.3546919068789139
1365159,0.3546919068789139
1365160,0.5369732980689106
1365161,0.3546919068789139
1365164,0.3546919068789139
1365166,0.3546919068789139
1365170,0.41757597389353457
1365174,0.3546919068789139
1365177,0.41757597389353457
1365179,0.41757597389353457
1365180,0.41757597389353457
1365182,0.3546919068789139
1365183,0.3546919068789139
1365187,0.5369732980689106
1365189,0.3546919068789139
1365191,0.5369732980689106
1365194,0.3546919068789139
1365195,0.5369732980689106
1365196,0.5369732980689106
1365199,0.3546919068789139
1365205,0.41757597389353457
1365206,0.5369732980689106
1365207,0.5369732980689106
1365209,0.41757597389353457
1365210,0.41757597389353457
1365212,0.3546919068789139
1365213,0.3546919068789139
1365215,0.3546919068789139
1365216,0.41757597389353457
1365217,0.3546919068789139
1365219,0.3546919068789139
1365220,0.41757597389353457
1365222,0.5369732980689106
1365223,0.41757597389353457
1365225,0.41757597389353457
1365227,0.3546919068789139
1365228,0.41757597389353457
1365229,0.3546919068789139
1365232,0.3546919068789139
1365234,0.41757597389353457
1365235,0.41757597389353457
1365237,0.3546919068789139
1365241,0.3546919068789139
1365243,0.5369732980689106
1365244,0.3546919068789139
1365248,0.3546919068789139
1365249,0.41757597389353457
1365251,0.41757597389353457
1365252,0.3546919068789139
1365253,0.3546919068789139
1365254,0.5369732980689106
1365255,0.3546919068789139
1365256,0.41757597389353457
1365258,0.41757597389353457
1365259,0.3546919068789139
1365260,0.3546919068789139
1365262,0.3546919068789139
1365264,0.3546919068789139
1365265,0.5369732980689106
1365269,0.3546919068789139
1365270,0.41757597389353457
1365272,0.3546919068789139
1365277,0.5369732980689106
1365279,0.3546919068789139
1365283,0.41757597389353457
1365284,0.3546919068789139
1365290,0.3546919068789139
1365291,0.5369732980689106
1365292,0.5369732980689106
1365295,0.41757597389353457
1365296,0.41757597389353457
1365298,0.41757597389353457
1365299,0.41757597389353457
1365300,0.3546919068789139
1365301,0.3546919068789139
1365302,0.41757597389353457
1365303,0.5369732980689106
1365304,0.5369732980689106
1365307,0.3546919068789139
1365308,0.3546919068789139
1365310,0.41757597389353457
1365311,0.41757597389353457
1365312,0.41757597389353457
1365313,0.3546919068789139
1365317,0.3546919068789139
1365319,0.5369732980689106
1365320,0.3546919068789139
1365321,0.3546919068789139
1365325,0.5369732980689106
1365328,0.3546919068789139
1365331,0.5369732980689106
1365335,0.41757597389353457
1365336,0.5369732980689106
1365340,0.3546919068789139
1365341,0.3546919068789139
1365342,0.3546919068789139
1365343,0.3546919068789139
1365346,0.41757597389353457
1365348,0.3546919068789139
1365349,0.3546919068789139
1365350,0.3546919068789139
1365351,0.5369732980689106
1365358,0.3546919068789139
1365361,0.41757597389353457
1365364,0.5369732980689106
1365365,0.3546919068789139
1365367,0.5369732980689106
1365368,0.5369732980689106
1365373,0.41757597389353457
1365376,0.5369732980689106
1365377,0.41757597389353457
1365381,0.3546919068789139
1365383,0.3546919068789139
1365384,0.41757597389353457
1365385,0.5369732980689106
1365386,0.5369732980689106
1365387,0.41757597389353457
1365389,0.5369732980689106
1365392,0.41757597389353457
1365393,0.3546919068789139
1365396,0.3546919068789139
1365397,0.3546919068789139
1365398,0.41757597389353457
1365399,0.3546919068789139
1365400,0.41757597389353457
1365402,0.41757597389353457
1365406,0.5369732980689106
1365409,0.3546919068789139
1365410,0.3546919068789139
1365417,0.41757597389353457
1365418,0.5369732980689106
1365425,0.5369732980689106
1365427,0.41757597389353457
1365428,0.3546919068789139
1365429,0.3546919068789139
1365430,0.41757597389353457
1365431,0.41757597389353457
1365434,0.3546919068789139
1365436,0.3546919068789139
1365437,0.41757597389353457
1365439,0.3546919068789139
1365443,0.5369732980689106
1365448,0.41757597389353457
1365451,0.41757597389353457
1365453,0.5369732980689106
1365455,0.3546919068789139
1365456,0.41757597389353457
1365457,0.41757597389353457
1365459,0.5369732980689106
1365461,0.41757597389353457
1365466,0.41757597389353457
1365467,0.5369732980689106
1365469,0.3546919068789139
1365472,0.3546919068789139
1365475,0.41757597389353457
1365477,0.3546919068789139
1365478,0.5369732980689106
1365479,0.3546919068789139
1365481,0.3546919068789139
1365484,0.3546919068789139
1365485,0.41757597389353457
1365489,0.3546919068789139
1365491,0.3546919068789139
1365492,0.3546919068789139
1365494,0.3546919068789139
1365495,0.3546919068789139
1365499,0.5369732980689106
1365502,0.3546919068789139
1365503,0.3546919068789139
1365504,0.3546919068789139
1365505,0.41757597389353457
1365506,0.41757597389353457
1365508,0.3546919068789139
1365514,0.3546919068789139
1365517,0.5369732980689106
1365518,0.5369732980689106
1365519,0.3546919068789139
1365520,0.5369732980689106
1365523,0.3546919068789139
1365524,0.3546919068789139
1365525,0.5369732980689106
1365526,0.5369732980689106
1365527,0.3546919068789139
1365529,0.3546919068789139
1365530,0.5369732980689106
1365531,0.3546919068789139
1365532,0.3546919068789139
1365534,0.41757597389353457
1365535,0.5369732980689106
1365538,0.41757597389353457
1365539,0.3546919068789139
1365542,0.41757597389353457
1365543,0.3546919068789139
1365545,0.41757597389353457
1365546,0.3546919068789139
1365547,0.5369732980689106
1365548,0.3546919068789139
1365549,0.5369732980689106
1365550,0.5369732980689106
1365551,0.5369732980689106
1365552,0.3546919068789139
1365554,0.5369732980689106
1365555,0.41757597389353457
1365556,0.3546919068789139
1365558,0.3546919068789139
1365559,0.41757597389353457
1365560,0.41757597389353457
1365562,0.3546919068789139
1365564,0.3546919068789139
1365565,0.3546919068789139
1365566,0.3546919068789139
1365567,0.5369732980689106
1365568,0.3546919068789139
1365569,0.3546919068789139
1365570,0.3546919068789139
1365572,0.3546919068789139
1365573,0.3546919068789139
1365579,0.3546919068789139
1365580,0.3546919068789139
1365582,0.3546919068789139
1365583,0.3546919068789139
1365585,0.3546919068789139
1365587,0.3546919068789139
1365591,0.5369732980689106
1365593,0.41757597389353457
1365594,0.41757597389353457
1365595,0.3546919068789139
1365599,0.41757597389353457
1365601,0.3546919068789139
1365604,0.3546919068789139
1365605,0.41757597389353457
1365610,0.5369732980689106
1365612,0.3546919068789139
1365614,0.41757597389353457
1365615,0.3546919068789139
1365619,0.5369732980689106
1365620,0.41757597389353457
1365622,0.3546919068789139
1365623,0.41757597389353457
1365624,0.3546919068789139
1365625,0.41757597389353457
1365626,0.3546919068789139
1365627,0.41757597389353457
1365628,0.41757597389353457
1365634,0.3546919068789139
1365635,0.41757597389353457
1365636,0.3546919068789139
1365637,0.5369732980689106
1365638,0.3546919068789139
1365639,0.3546919068789139
1365640,0.41757597389353457
1365644,0.3546919068789139
1365645,0.5369732980689106
1365646,0.3546919068789139
1365647,0.41757597389353457
1365648,0.41757597389353457
1365653,0.3546919068789139
1365656,0.3546919068789139
1365657,0.5369732980689106
1365665,0.3546919068789139
1365666,0.3546919068789139
1365669,0.41757597389353457
1365674,0.5369732980689106
1365675,0.3546919068789139
1365676,0.41757597389353457
1365677,0.41757597389353457
1365678,0.41757597389353457
1365681,0.3546919068789139
1365683,0.41757597389353457
1365686,0.5369732980689106
1365687,0.41757597389353457
1365688,0.3546919068789139
1365692,0.3546919068789139
1365695,0.41757597389353457
1365697,0.3546919068789139
1365698,0.5369732980689106
1365699,0.5369732980689106
1365700,0.41757597389353457
1365703,0.3546919068789139
1365705,0.5369732980689106
1365706,0.3546919068789139
1365713,0.3546919068789139
1365715,0.5369732980689106
1365717,0.5369732980689106
1365719,0.5369732980689106
1365721,0.3546919068789139
1365724,0.5369732980689106
1365725,0.5369732980689106
1365727,0.3546919068789139
1365728,0.41757597389353457
1365729,0.5369732980689106
1365730,0.3546919068789139
1365740,0.5369732980689106
1365741,0.3546919068789139
1365747,0.3546919068789139
1365748,0.5369732980689106
1365749,0.41757597389353457
1365750,0.5369732980689106
1365751,0.41757597389353457
1365752,0.41757597389353457
1365753,0.5369732980689106
1365754,0.5369732980689106
1365756,0.41757597389353457
1365758,0.5369732980689106
1365759,0.41757597389353457
1365762,0.3546919068789139
1365763,0.41757597389353457
1365764,0.41757597389353457
1365765,0.3546919068789139
1365771,0.5369732980689106
1365774,0.3546919068789139
1365775,0.41757597389353457
1365779,0.3546919068789139
1365780,0.5369732980689106
1365781,0.3546919068789139
1365782,0.41757597389353457
1365786,0.3546919068789139
1365787,0.3546919068789139
1365788,0.3546919068789139
1365790,0.41757597389353457
1365792,0.3546919068789139
1365793,0.41757597389353457
1365795,0.3546919068789139
1365799,0.3546919068789139
1365800,0.41757597389353457
1365802,0.3546919068789139
1365804,0.3546919068789139
1365805,0.41757597389353457
1365806,0.3546919068789139
1365808,0.41757597389353457
1365809,0.41757597389353457
1365810,0.41757597389353457
1365811,0.3546919068789139
1365812,0.41757597389353457
1365813,0.5369732980689106
1365815,0.5369732980689106
1365816,0.5369732980689106
1365818,0.41757597389353457
1365826,0.3546919068789139
1365828,0.3546919068789139
1365830,0.5369732980689106
1365835,0.3546919068789139
1365836,0.41757597389353457
1365837,0.41757597389353457
1365838,0.3546919068789139
1365844,0.3546919068789139
1365845,0.41757597389353457
1365848,0.3546919068789139
1365849,0.5369732980689106
1365850,0.3546919068789139
1365852,0.5369732980689106
1365853,0.3546919068789139
1365855,0.3546919068789139
1365856,0.3546919068789139
1365857,0.41757597389353457
1365858,0.3546919068789139
1365859,0.3546919068789139
1365860,0.5369732980689106
1365861,0.5369732980689106
1365862,0.3546919068789139
1365864,0.5369732980689106
1365868,0.3546919068789139
1365869,0.3546919068789139
1365871,0.3546919068789139
1365875,0.5369732980689106
1365876,0.41757597389353457
1365877,0.5369732980689106
1365878,0.41757597389353457
1365879,0.41757597389353457
1365880,0.3546919068789139
1365882,0.3546919068789139
1365884,0.3546919068789139
1365885,0.41757597389353457
1365886,0.5369732980689106
1365888,0.3546919068789139
1365889,0.41757597389353457
1365892,0.41757597389353457
1365901,0.41757597389353457
1365905,0.5369732980689106
1365907,0.41757597389353457
1365908,0.41757597389353457
1365909,0.41757597389353457
1365914,0.3546919068789139
1365915,0.3546919068789139
1365916,0.3546919068789139
1365918,0.3546919068789139
1365923,0.3546919068789139
1365925,0.41757597389353457
1365926,0.3546919068789139
1365929,0.41757597389353457
1365931,0.3546919068789139
1365933,0.3546919068789139
1365934,0.3546919068789139
1365935,0.3546919068789139
1365936,0.5369732980689106
1365937,0.5369732980689106
1365939,0.41757597389353457
1365942,0.41757597389353457
1365943,0.41757597389353457
1365944,0.3546919068789139
1365945,0.5369732980689106
1365947,0.5369732980689106
1365948,0.3546919068789139
1365949,0.41757597389353457
1365950,0.41757597389353457
1365955,0.41757597389353457
1365956,0.3546919068789139
1365957,0.3546919068789139
1365958,0.3546919068789139
1365959,0.3546919068789139
1365965,0.5369732980689106
1365966,0.3546919068789139
1365970,0.41757597389353457
1365975,0.5369732980689106
1365976,0.41757597389353457
1365979,0.3546919068789139
1365980,0.41757597389353457
1365983,0.41757597389353457
1365985,0.41757597389353457
1365988,0.41757597389353457
1365989,0.3546919068789139
1365990,0.3546919068789139
1365991,0.3546919068789139
1365992,0.3546919068789139
1365995,0.41757597389353457
1365998,0.41757597389353457
1365999,0.3546919068789139
1366001,0.3546919068789139
1366002,0.3546919068789139
1366003,0.3546919068789139
1366006,0.3546919068789139
1366007,0.3546919068789139
1366010,0.5369732980689106
1366011,0.41757597389353457
1366012,0.5369732980689106
1366013,0.3546919068789139
1366015,0.5369732980689106
1366390,0.5369732980689106
1366391,0.41757597389353457
1366392,0.41757597389353457
1366393,0.3546919068789139
1366397,0.5369732980689106
1366398,0.5369732980689106
1366399,0.3546919068789139
1366400,0.41757597389353457
1366404,0.3546919068789139
1366405,0.5369732980689106
1366408,0.5369732980689106
1366409,0.3546919068789139
1366411,0.5369732980689106
1366413,0.5369732980689106
1366415,0.5369732980689106
1366416,0.3546919068789139
1366417,0.5369732980689106
1366418,0.41757597389353457
1366421,0.41757597389353457
1366424,0.3546919068789139
1366430,0.3546919068789139
1366431,0.5369732980689106
1366433,0.5369732980689106
1366435,0.41757597389353457
1366436,0.3546919068789139
1366437,0.5369732980689106
1366439,0.41757597389353457
1366440,0.41757597389353457
1366442,0.5369732980689106
1366443,0.41757597389353457
1366444,0.3546919068789139
1366447,0.3546919068789139
1366449,0.3546919068789139
1366450,0.41757597389353457
1366454,0.41757597389353457
1366460,0.41757597389353457
1366461,0.5369732980689106
1366462,0.3546919068789139
1366464,0.41757597389353457
1366466,0.3546919068789139
1366467,0.3546919068789139
1366468,0.41757597389353457
1366470,0.3546919068789139
1366472,0.41757597389353457
1366475,0.3546919068789139
1366476,0.5369732980689106
1366477,0.3546919068789139
1366479,0.41757597389353457
1366485,0.3546919068789139
1366490,0.3546919068789139
1366493,0.5369732980689106
1366495,0.5369732980689106
1366499,0.5369732980689106
1366500,0.5369732980689106
1366502,0.5369732980689106
1366503,0.3546919068789139
1366504,0.5369732980689106
1366507,0.5369732980689106
1366508,0.3546919068789139
1366509,0.41757597389353457
1366513,0.5369732980689106
1366515,0.41757597389353457
1366516,0.41757597389353457
1366517,0.3546919068789139
1366521,0.41757597389353457
1366523,0.41757597389353457
1366524,0.3546919068789139
1366529,0.41757597389353457
1366531,0.5369732980689106
1366533,0.5369732980689106
1366534,0.3546919068789139
1366542,0.3546919068789139
1366544,0.41757597389353457
1366545,0.3546919068789139
1366549,0.3546919068789139
1366557,0.5369732980689106
1366558,0.5369732980689106
1366559,0.3546919068789139
1366561,0.5369732980689106
1366571,0.41757597389353457
1366573,0.3546919068789139
1366575,0.41757597389353457
1366577,0.41757597389353457
1366580,0.41757597389353457
1366582,0.41757597389353457
1366584,0.3546919068789139
1366585,0.3546919068789139
1366588,0.5369732980689106
1366592,0.41757597389353457
1366598,0.3546919068789139
1366601,0.41757597389353457
1366602,0.3546919068789139
1366603,0.41757597389353457
1366605,0.3546919068789139
1366606,0.41757597389353457
1366607,0.3546919068789139
1366610,0.41757597389353457
1366611,0.5369732980689106
1366612,0.3546919068789139
1366613,0.41757597389353457
1366616,0.5369732980689106
1366617,0.3546919068789139
1366618,0.41757597389353457
1366620,0.3546919068789139
1366621,0.3546919068789139
1366622,0.41757597389353457
1366625,0.41757597389353457
1366626,0.41757597389353457
1366627,0.41757597389353457
1366630,0.3546919068789139
1366631,0.41757597389353457
1366632,0.3546919068789139
1366634,0.5369732980689106
1366635,0.41757597389353457
1366637,0.3546919068789139
1366639,0.41757597389353457
1366640,0.5369732980689106
1366641,0.3546919068789139
1366642,0.5369732980689106
1366643,0.41757597389353457
1366646,0.3546919068789139
1366647,0.3546919068789139
1366648,0.41757597389353457
1366649,0.3546919068789139
1366652,0.3546919068789139
1366656,0.5369732980689106
1366657,0.41757597389353457
1366658,0.3546919068789139
1366660,0.5369732980689106
1366662,0.5369732980689106
1366663,0.3546919068789139
1366664,0.3546919068789139
1366665,0.5369732980689106
1366666,0.3546919068789139
1366667,0.41757597389353457
1366670,0.41757597389353457
1366671,0.41757597389353457
1366672,0.5369732980689106
1366674,0.5369732980689106
1366675,0.3546919068789139
1366677,0.41757597389353457
1366679,0.5369732980689106
1366681,0.5369732980689106
1366683,0.41757597389353457
1366688,0.3546919068789139
1366689,0.3546919068789139
1366690,0.5369732980689106
1366697,0.3546919068789139
1366698,0.5369732980689106
1366702,0.3546919068789139
1366703,0.41757597389353457
1366706,0.5369732980689106
1366708,0.3546919068789139
1366709,0.3546919068789139
1366715,0.41757597389353457
1366719,0.5369732980689106
1366721,0.3546919068789139
1366723,0.5369732980689106
1366724,0.41757597389353457
1366730,0.41757597389353457
1366734,0.41757597389353457
1366736,0.3546919068789139
1366737,0.3546919068789139
1366740,0.3546919068789139
1366742,0.41757597389353457
1366743,0.5369732980689106
1366744,0.5369732980689106
1366745,0.3546919068789139
1366746,0.5369732980689106
1366747,0.3546919068789139
1366750,0.41757597389353457
1366754,0.41757597389353457
1366755,0.5369732980689106
1366756,0.5369732980689106
1366761,0.5369732980689106
1366763,0.3546919068789139
1366764,0.5369732980689106
1366767,0.41757597389353457
1366772,0.41757597389353457
1366773,0.3546919068789139
1366775,0.3546919068789139
1366776,0.41757597389353457
1366777,0.3546919068789139
1366779,0.3546919068789139
1366781,0.5369732980689106
1366785,0.41757597389353457
1366786,0.5369732980689106
1366789,0.41757597389353457
1366792,0.41757597389353457
1366793,0.3546919068789139
1366795,0.41757597389353457
1366796,0.41757597389353457
1366797,0.41757597389353457
1366798,0.5369732980689106
1366800,0.41757597389353457
1366802,0.3546919068789139
1366803,0.41757597389353457
1366804,0.3546919068789139
1366807,0.3546919068789139
1366808,0.3546919068789139
1366809,0.5369732980689106
1366811,0.41757597389353457
1366812,0.3546919068789139
1366818,0.41757597389353457
1366819,0.3546919068789139
1366820,0.41757597389353457
1366821,0.3546919068789139
1366825,0.41757597389353457
1366826,0.3546919068789139
1366829,0.41757597389353457
1366831,0.3546919068789139
1366832,0.3546919068789139
1366834,0.41757597389353457
1366836,0.3546919068789139
1366838,0.5369732980689106
1366839,0.5369732980689106
1366844,0.3546919068789139
1366849,0.5369732980689106
1366851,0.3546919068789139
1366852,0.41757597389353457
1366854,0.41757597389353457
1366856,0.5369732980689106
1366860,0.41757597389353457
1366861,0.3546919068789139
1366862,0.3546919068789139
1366863,0.3546919068789139
1366865,0.41757597389353457
1366866,0.3546919068789139
1366867,0.3546919068789139
1366869,0.41757597389353457
1366870,0.3546919068789139
1366872,0.3546919068789139
1366873,0.3546919068789139
1366875,0.5369732980689106
1366876,0.3546919068789139
1366882,0.41757597389353457
1366883,0.3546919068789139
1366885,0.3546919068789139
1366886,0.3546919068789139
1366887,0.41757597389353457
1366888,0.41757597389353457
1366890,0.41757597389353457
1366892,0.3546919068789139
1366895,0.5369732980689106
1366896,0.3546919068789139
1366897,0.3546919068789139
1366898,0.41757597389353457
1366900,0.41757597389353457
1366909,0.3546919068789139
1366910,0.3546919068789139
1366912,0.41757597389353457
1366913,0.3546919068789139
1366916,0.3546919068789139
1366918,0.41757597389353457
1366920,0.5369732980689106
1366921,0.41757597389353457
1366923,0.3546919068789139
1366927,0.5369732980689106
1366928,0.3546919068789139
1366931,0.41757597389353457
1366932,0.41757597389353457
1366933,0.41757597389353457
1366934,0.3546919068789139
1366936,0.5369732980689106
1366937,0.41757597389353457
1366938,0.5369732980689106
1366939,0.5369732980689106
1366940,0.3546919068789139
1366942,0.41757597389353457
1366943,0.3546919068789139
1366944,0.5369732980689106
1366945,0.3546919068789139
1366948,0.3546919068789139
1366952,0.5369732980689106
1366953,0.5369732980689106
1366954,0.5369732980689106
1366956,0.5369732980689106
1366957,0.3546919068789139
1366958,0.41757597389353457
1366959,0.3546919068789139
1366960,0.5369732980689106
1366961,0.3546919068789139
1366965,0.5369732980689106
1366966,0.3546919068789139
1366969,0.3546919068789139
1366976,0.3546919068789139
1366977,0.41757597389353457
1366978,0.3546919068789139
1366979,0.41757597389353457
1366980,0.3546919068789139
1366983,0.41757597389353457
1366984,0.5369732980689106
1366985,0.5369732980689106
1366986,0.41757597389353457
1366987,0.3546919068789139
1366989,0.3546919068789139
1366990,0.41757597389353457
1366991,0.5369732980689106
1366992,0.3546919068789139
1366993,0.3546919068789139
1366994,0.5369732980689106
1366997,0.41757597389353457
1366998,0.3546919068789139
1366999,0.3546919068789139
1367000,0.41757597389353457
1367001,0.5369732980689106
1367003,0.41757597389353457
1367004,0.5369732980689106
1367005,0.3546919068789139
1367007,0.41757597389353457
1367008,0.5369732980689106
1367019,0.41757597389353457
1367020,0.41757597389353457
1367023,0.41757597389353457
1367032,0.5369732980689106
1367035,0.41757597389353457
1367037,0.41757597389353457
1367038,0.41757597389353457
1367041,0.5369732980689106
1367042,0.5369732980689106
1367043,0.3546919068789139
1367045,0.3546919068789139
1367046,0.3546919068789139
1367047,0.41757597389353457
1367048,0.3546919068789139
1367052,0.5369732980689106
1367055,0.5369732980689106
1367057,0.3546919068789139
1367058,0.41757597389353457
1367059,0.3546919068789139
1367061,0.41757597389353457
1367063,0.3546919068789139
1367067,0.5369732980689106
1367068,0.3546919068789139
1367069,0.5369732980689106
1367073,0.5369732980689106
1367074,0.41757597389353457
1367075,0.41757597389353457
1367076,0.3546919068789139
1367077,0.3546919068789139
1367080,0.3546919068789139
1367085,0.5369732980689106
1367087,0.3546919068789139
1367089,0.41757597389353457
1367092,0.41757597389353457
1367093,0.41757597389353457
1367096,0.3546919068789139
1367100,0.5369732980689106
1367101,0.5369732980689106
1367103,0.41757597389353457
1367104,0.3546919068789139
1367107,0.5369732980689106
1367108,0.5369732980689106
1367109,0.3546919068789139
1367110,0.3546919068789139
1367112,0.41757597389353457
1367113,0.41757597389353457
1367117,0.5369732980689106
1367118,0.41757597389353457
1367121,0.5369732980689106
1367122,0.3546919068789139
1367125,0.3546919068789139
1367127,0.41757597389353457
1367128,0.41757597389353457
1367129,0.41757597389353457
1367130,0.3546919068789139
1367131,0.41757597389353457
1367133,0.41757597389353457
1367134,0.41757597389353457
1367135,0.3546919068789139
1367136,0.41757597389353457
1367137,0.41757597389353457
1367138,0.41757597389353457
1367139,0.41757597389353457
1367140,0.3546919068789139
1367141,0.41757597389353457
1367142,0.41757597389353457
1367143,0.5369732980689106
1367146,0.3546919068789139
1367147,0.3546919068789139
1367148,0.41757597389353457
1367150,0.3546919068789139
1367151,0.41757597389353457
1367154,0.3546919068789139
1367157,0.5369732980689106
1367161,0.3546919068789139
1367162,0.3546919068789139
1367163,0.3546919068789139
1367164,0.5369732980689106
1367165,0.3546919068789139
1367166,0.3546919068789139
1367167,0.3546919068789139
1367173,0.5369732980689106
1367174,0.41757597389353457
1367175,0.41757597389353457
1367176,0.41757597389353457
1367177,0.41757597389353457
1367182,0.3546919068789139
1367183,0.41757597389353457
1367184,0.5369732980689106
1367185,0.3546919068789139
1367187,0.3546919068789139
1367188,0.41757597389353457
1367189,0.41757597389353457
1367190,0.41757597389353457
1367192,0.3546919068789139
1367193,0.5369732980689106
1367195,0.41757597389353457
1367197,0.41757597389353457
1367198,0.5369732980689106
1367199,0.41757597389353457
1367202,0.3546919068789139
1367203,0.5369732980689106
1367206,0.3546919068789139
1367208,0.41757597389353457
1367212,0.5369732980689106
1367213,0.41757597389353457
1367214,0.3546919068789139
1367215,0.5369732980689106
1367219,0.3546919068789139
1367221,0.5369732980689106
1367224,0.41757597389353457
1367227,0.3546919068789139
1367229,0.41757597389353457
1367230,0.41757597389353457
1367233,0.3546919068789139
1367234,0.5369732980689106
1367237,0.41757597389353457
1367238,0.5369732980689106
1367240,0.3546919068789139
1367241,0.41757597389353457
1367242,0.41757597389353457
1367244,0.5369732980689106
1367245,0.41757597389353457
1367246,0.41757597389353457
1367249,0.41757597389353457
1367250,0.41757597389353457
1367252,0.41757597389353457
1367253,0.41757597389353457
1367254,0.41757597389353457
1367255,0.41757597389353457
1367258,0.3546919068789139
1367261,0.41757597389353457
1367262,0.3546919068789139
1367264,0.3546919068789139
1367266,0.5369732980689106
1367267,0.3546919068789139
1367268,0.5369732980689106
1367271,0.41757597389353457
1367272,0.3546919068789139
1367273,0.3546919068789139
1367277,0.3546919068789139
1367279,0.41757597389353457
1367280,0.3546919068789139
1367283,0.3546919068789139
1367285,0.3546919068789139
1367287,0.41757597389353457
1367288,0.3546919068789139
1367291,0.3546919068789139
1367293,0.3546919068789139
1367294,0.5369732980689106
1367295,0.3546919068789139
1367296,0.41757597389353457
1367297,0.3546919068789139
1367298,0.41757597389353457
1367299,0.5369732980689106
1367300,0.5369732980689106
1367301,0.3546919068789139
1367303,0.3546919068789139
1367304,0.41757597389353457
1367305,0.41757597389353457
1367306,0.3546919068789139
1367307,0.41757597389353457
1367308,0.3546919068789139
1367310,0.5369732980689106
1367311,0.3546919068789139
1367312,0.3546919068789139
1367313,0.41757597389353457
1367314,0.3546919068789139
1367316,0.41757597389353457
1367317,0.5369732980689106
1367318,0.5369732980689106
1367319,0.41757597389353457
1367320,0.3546919068789139
1367321,0.41757597389353457
1367322,0.3546919068789139
1367325,0.3546919068789139
1367326,0.41757597389353457
1367327,0.3546919068789139
1367329,0.41757597389353457
1367330,0.41757597389353457
1367331,0.5369732980689106
1367334,0.3546919068789139
1367336,0.3546919068789139
1367337,0.41757597389353457
1367338,0.41757597389353457
1367340,0.41757597389353457
1367341,0.3546919068789139
1367342,0.3546919068789139
1367343,0.41757597389353457
1367344,0.3546919068789139
1367346,0.41757597389353457
1367347,0.41757597389353457
1367348,0.41757597389353457
1367349,0.3546919068789139
1367350,0.3546919068789139
1367352,0.3546919068789139
1367353,0.41757597389353457
1367354,0.41757597389353457
1367355,0.41757597389353457
1367356,0.3546919068789139
1367357,0.3546919068789139
1367358,0.3546919068789139
1367359,0.41757597389353457
1367360,0.3546919068789139
1367361,0.5369732980689106
1367362,0.3546919068789139
1367363,0.3546919068789139
1367366,0.3546919068789139
1367367,0.5369732980689106
1367368,0.41757597389353457
1367369,0.3546919068789139
1367371,0.3546919068789139
1367372,0.3546919068789139
1367374,0.3546919068789139
1367375,0.41757597389353457
1367377,0.3546919068789139
1367378,0.3546919068789139
1367379,0.41757597389353457
1367381,0.41757597389353457
1367382,0.3546919068789139
1367383,0.3546919068789139
1367385,0.41757597389353457
1367386,0.3546919068789139
1367387,0.3546919068789139
1367388,0.5369732980689106
1367391,0.3546919068789139
1367392,0.3546919068789139
1367395,0.41757597389353457
1367396,0.3546919068789139
1367397,0.3546919068789139
1367398,0.41757597389353457
1367399,0.41757597389353457
1367400,0.41757597389353457
1367401,0.3546919068789139
1367402,0.41757597389353457
1367403,0.3546919068789139
1367404,0.5369732980689106
1367406,0.41757597389353457
1367407,0.3546919068789139
1367408,0.41757597389353457
1367409,0.5369732980689106
1367410,0.3546919068789139
1367411,0.3546919068789139
1367413,0.3546919068789139
1367414,0.3546919068789139
1367416,0.5369732980689106
1367418,0.41757597389353457
1367419,0.3546919068789139
1367420,0.5369732980689106
1367421,0.41757597389353457
1367424,0.41757597389353457
1367425,0.41757597389353457
1367426,0.5369732980689106
1367427,0.3546919068789139
1367428,0.3546919068789139
1367430,0.3546919068789139
1367432,0.41757597389353457
1367433,0.5369732980689106
1367435,0.5369732980689106
1367437,0.41757597389353457
1367438,0.41757597389353457
1367440,0.3546919068789139
1367441,0.3546919068789139
1367442,0.41757597389353457
1367445,0.41757597389353457
1367446,0.3546919068789139
1367447,0.3546919068789139
1367448,0.5369732980689106
1367449,0.3546919068789139
1367450,0.3546919068789139
1367451,0.3546919068789139
1367452,0.3546919068789139
1367454,0.5369732980689106
1367455,0.41757597389353457
1367458,0.3546919068789139
1367459,0.3546919068789139
1367460,0.41757597389353457
1367461,0.3546919068789139
1367462,0.41757597389353457
1367464,0.41757597389353457
1367465,0.41757597389353457
1367466,0.3546919068789139
1367468,0.3546919068789139
1367469,0.3546919068789139
1367470,0.3546919068789139
1367471,0.3546919068789139
1367472,0.3546919068789139
1367473,0.3546919068789139
1367475,0.3546919068789139
1367477,0.3546919068789139
1367478,0.41757597389353457
1367479,0.41757597389353457
1367480,0.3546919068789139
1367481,0.3546919068789139
1367482,0.3546919068789139
1367483,0.5369732980689106
1367484,0.5369732980689106
1367485,0.41757597389353457
1367486,0.3546919068789139
1367487,0.3546919068789139
1367488,0.3546919068789139
1367490,0.41757597389353457
1367491,0.3546919068789139
1367493,0.41757597389353457
1367494,0.41757597389353457
1367495,0.3546919068789139
1367496,0.3546919068789139
1367498,0.41757597389353457
1367499,0.3546919068789139
1367501,0.5369732980689106
1367502,0.41757597389353457
1367503,0.3546919068789139
1367504,0.3546919068789139
1367506,0.41757597389353457
1367508,0.3546919068789139
1367513,0.41757597389353457
1367514,0.41757597389353457
1367515,0.3546919068789139
1367518,0.3546919068789139
1367519,0.5369732980689106
1367520,0.5369732980689106
1367521,0.3546919068789139
1367522,0.3546919068789139
1367524,0.41757597389353457
1367525,0.3546919068789139
1367527,0.41757597389353457
1367529,0.3546919068789139
1367530,0.41757597389353457
1367531,0.41757597389353457
1367532,0.3546919068789139
1367533,0.3546919068789139
1367534,0.3546919068789139
1367535,0.41757597389353457
1367536,0.3546919068789139
1367537,0.41757597389353457
1367538,0.3546919068789139
1367540,0.3546919068789139
1367541,0.3546919068789139
1367542,0.5369732980689106
1367544,0.3546919068789139
1367546,0.5369732980689106
1367547,0.41757597389353457
1367548,0.3546919068789139
1367549,0.5369732980689106
1367550,0.41757597389353457
1367552,0.3546919068789139
1367553,0.3546919068789139
1367554,0.3546919068789139
1367555,0.41757597389353457
1367556,0.3546919068789139
1367557,0.3546919068789139
1367558,0.41757597389353457
1367559,0.41757597389353457
1367560,0.3546919068789139
1367561,0.3546919068789139
1367562,0.3546919068789139
1367563,0.3546919068789139
1367566,0.3546919068789139
1367567,0.41757597389353457
1367568,0.3546919068789139
1367569,0.3546919068789139
1367570,0.3546919068789139
1367571,0.3546919068789139
1367572,0.3546919068789139
1367573,0.5369732980689106
1367575,0.3546919068789139
1367576,0.3546919068789139
1367577,0.41757597389353457
1367578,0.41757597389353457
1367579,0.3546919068789139
1367581,0.3546919068789139
1367582,0.41757597389353457
1367583,0.3546919068789139
1367584,0.3546919068789139
1367585,0.5369732980689106
1367586,0.41757597389353457
1367588,0.3546919068789139
1367589,0.41757597389353457
1367591,0.3546919068789139
1367592,0.41757597389353457
1367593,0.3546919068789139
1367594,0.3546919068789139
1367595,0.41757597389353457
1367596,0.3546919068789139
1367598,0.41757597389353457
1367599,0.5369732980689106
1367602,0.5369732980689106
1367603,0.41757597389353457
1367604,0.3546919068789139
1367605,0.3546919068789139
1367607,0.41757597389353457
1367608,0.41757597389353457
1367609,0.3546919068789139
1367610,0.3546919068789139
1367612,0.41757597389353457
1367613,0.41757597389353457
1367614,0.5369732980689106
1367616,0.3546919068789139
1367618,0.3546919068789139
1367621,0.3546919068789139
1367623,0.41757597389353457
1367624,0.3546919068789139
1367625,0.41757597389353457
1367626,0.41757597389353457
1367627,0.41757597389353457
1367628,0.41757597389353457
1367629,0.41757597389353457
1367631,0.3546919068789139
1367632,0.41757597389353457
1367634,0.3546919068789139
1367635,0.41757597389353457
1367636,0.3546919068789139
1367637,0.3546919068789139
1367638,0.5369732980689106
1367640,0.41757597389353457
1367642,0.3546919068789139
1367643,0.3546919068789139
1367644,0.3546919068789139
1367645,0.3546919068789139
1367647,0.3546919068789139
1367648,0.3546919068789139
1367650,0.3546919068789139
1367651,0.3546919068789139
1367652,0.3546919068789139
1367654,0.41757597389353457
1367655,0.41757597389353457
1367658,0.5369732980689106
1367659,0.5369732980689106
1367660,0.41757597389353457
1367661,0.3546919068789139
1367664,0.41757597389353457
1367665,0.3546919068789139
1367666,0.41757597389353457
1367668,0.3546919068789139
1367669,0.41757597389353457
1367670,0.3546919068789139
1367671,0.41757597389353457
1367672,0.5369732980689106
1367674,0.3546919068789139
1367675,0.41757597389353457
1367677,0.3546919068789139
1367678,0.3546919068789139
1367679,0.3546919068789139
1367680,0.41757597389353457
1367681,0.3546919068789139
1367682,0.5369732980689106
1367683,0.3546919068789139
1367684,0.3546919068789139
1367685,0.3546919068789139
1367686,0.41757597389353457
1367687,0.41757597389353457
1367688,0.41757597389353457
1367689,0.41757597389353457
1367690,0.3546919068789139
1367691,0.3546919068789139
1367692,0.3546919068789139
1367694,0.41757597389353457
1367695,0.41757597389353457
1367700,0.41757597389353457
1367701,0.5369732980689106
1367702,0.3546919068789139
1367703,0.41757597389353457
1367705,0.41757597389353457
1367706,0.41757597389353457
1367707,0.3546919068789139
1367709,0.3546919068789139
1367710,0.41757597389353457
1367711,0.3546919068789139
1367713,0.41757597389353457
1367714,0.41757597389353457
1367715,0.5369732980689106
1367716,0.3546919068789139
1367717,0.3546919068789139
1367718,0.3546919068789139
1367720,0.41757597389353457
1367722,0.3546919068789139
1367723,0.5369732980689106
1367724,0.3546919068789139
1367725,0.3546919068789139
1367728,0.3546919068789139
1367730,0.3546919068789139
1367731,0.3546919068789139
1367732,0.3546919068789139
1367733,0.41757597389353457
1367734,0.41757597389353457
1367737,0.41757597389353457
1367738,0.3546919068789139
1367739,0.41757597389353457
1367740,0.3546919068789139
1367741,0.3546919068789139
1367742,0.41757597389353457
1367744,0.5369732980689106
1367745,0.3546919068789139
1367746,0.3546919068789139
1367747,0.3546919068789139
1367748,0.41757597389353457
1367749,0.3546919068789139
1367750,0.5369732980689106
1367751,0.41757597389353457
1367753,0.3546919068789139
1367754,0.41757597389353457
1367755,0.3546919068789139
1367756,0.3546919068789139
1367757,0.3546919068789139
1367758,0.41757597389353457
1367760,0.3546919068789139
1367761,0.3546919068789139
1367762,0.3546919068789139
1367763,0.3546919068789139
1367764,0.3546919068789139
1367766,0.3546919068789139
1367767,0.5369732980689106
1367768,0.41757597389353457
1367769,0.41757597389353457
1367770,0.5369732980689106
1367771,0.3546919068789139
1367772,0.3546919068789139
1367773,0.3546919068789139
1367775,0.5369732980689106
1367776,0.3546919068789139
1367777,0.3546919068789139
1367779,0.3546919068789139
1367780,0.41757597389353457
1367781,0.3546919068789139
1367783,0.5369732980689106
1367785,0.41757597389353457
1367787,0.3546919068789139
1367788,0.41757597389353457
1367789,0.3546919068789139
1367790,0.3546919068789139
1367791,0.41757597389353457
1367792,0.41757597389353457
1367793,0.41757597389353457
1367794,0.41757597389353457
1367795,0.3546919068789139
1367796,0.3546919068789139
1367797,0.3546919068789139
1367798,0.3546919068789139
1367799,0.41757597389353457
1367800,0.3546919068789139
1367802,0.3546919068789139
1367803,0.5369732980689106
1367804,0.41757597389353457
1367805,0.3546919068789139
1367806,0.3546919068789139
1367808,0.41757597389353457
1367809,0.3546919068789139
1367810,0.3546919068789139
1367811,0.41757597389353457
1367812,0.3546919068789139
1367813,0.3546919068789139
1367815,0.41757597389353457
1367816,0.41757597389353457
1367817,0.3546919068789139
1367819,0.3546919068789139
1367821,0.3546919068789139
1367823,0.41757597389353457
1367824,0.41757597389353457
1367826,0.3546919068789139
1367827,0.41757597389353457
1367828,0.3546919068789139
1367829,0.3546919068789139
1367830,0.5369732980689106
1367831,0.3546919068789139
1367832,0.5369732980689106
1367833,0.3546919068789139
1367834,0.41757597389353457
1367836,0.3546919068789139
1367837,0.3546919068789139
1367839,0.3546919068789139
1367840,0.3546919068789139
1367841,0.5369732980689106
1367842,0.3546919068789139
1367843,0.3546919068789139
1367844,0.3546919068789139
1367846,0.3546919068789139
1367848,0.41757597389353457
1367849,0.3546919068789139
1367850,0.41757597389353457
1367851,0.3546919068789139
1367853,0.3546919068789139
1367854,0.3546919068789139
1367855,0.3546919068789139
1367856,0.3546919068789139
1367857,0.41757597389353457
1367858,0.3546919068789139
1367859,0.3546919068789139
1367860,0.41757597389353457
1367861,0.41757597389353457
1367863,0.41757597389353457
1367864,0.3546919068789139
1367865,0.3546919068789139
1367866,0.5369732980689106
1367867,0.3546919068789139
1367868,0.41757597389353457
1367869,0.41757597389353457
1367870,0.41757597389353457
1367871,0.3546919068789139
1367872,0.3546919068789139
1367875,0.41757597389353457
1367876,0.41757597389353457
1367877,0.41757597389353457
1367878,0.3546919068789139
1367879,0.3546919068789139
1367880,0.41757597389353457
1367881,0.5369732980689106
1367882,0.41757597389353457
1367883,0.5369732980689106
1367885,0.41757597389353457
1367886,0.3546919068789139
1367887,0.41757597389353457
1367888,0.3546919068789139
1367889,0.3546919068789139
1367890,0.3546919068789139
1367891,0.3546919068789139
1367892,0.3546919068789139
1367893,0.41757597389353457
1367896,0.41757597389353457
1367898,0.3546919068789139
1367899,0.3546919068789139
1367900,0.3546919068789139
1367901,0.3546919068789139
1367902,0.41757597389353457
1367905,0.41757597389353457
1367906,0.3546919068789139
1367907,0.3546919068789139
1367908,0.41757597389353457
1367909,0.41757597389353457
1367910,0.41757597389353457
1367911,0.41757597389353457
1367914,0.41757597389353457
1367915,0.41757597389353457
1367916,0.3546919068789139
1367917,0.3546919068789139
1367918,0.3546919068789139
1367919,0.3546919068789139
1367920,0.41757597389353457
1367921,0.3546919068789139
1367922,0.41757597389353457
1367923,0.3546919068789139
1367924,0.3546919068789139
1367926,0.3546919068789139
1367927,0.3546919068789139
1367929,0.41757597389353457
1367930,0.41757597389353457
1367931,0.41757597389353457
1367932,0.3546919068789139
1367933,0.41757597389353457
1367934,0.5369732980689106
1367935,0.3546919068789139
1367936,0.3546919068789139
1367938,0.41757597389353457
1367939,0.3546919068789139
1367940,0.41757597389353457
1367941,0.41757597389353457
1367942,0.3546919068789139
1367943,0.3546919068789139
1367944,0.3546919068789139
1367945,0.3546919068789139
1367946,0.5369732980689106
1367947,0.3546919068789139
1367949,0.41757597389353457
1367950,0.41757597389353457
1367951,0.3546919068789139
1367953,0.3546919068789139
1367954,0.41757597389353457
1367956,0.5369732980689106
1367958,0.3546919068789139
1367959,0.3546919068789139
1367960,0.3546919068789139
1367961,0.41757597389353457
1367962,0.3546919068789139
1367964,0.41757597389353457
1367965,0.41757597389353457
1367966,0.41757597389353457
1367967,0.3546919068789139
1367968,0.41757597389353457
1367970,0.3546919068789139
1367971,0.41757597389353457
1367972,0.41757597389353457
1367974,0.5369732980689106
1367975,0.41757597389353457
1367976,0.5369732980689106
1367977,0.41757597389353457
1367979,0.41757597389353457
1367980,0.41757597389353457
1367981,0.41757597389353457
1367982,0.3546919068789139
1367985,0.5369732980689106
1367986,0.3546919068789139
1367987,0.41757597389353457
1367988,0.3546919068789139
1367989,0.5369732980689106
1367990,0.3546919068789139
1367991,0.3546919068789139
1367992,0.41757597389353457
1367993,0.41757597389353457
1367994,0.3546919068789139
1367995,0.3546919068789139
1367996,0.3546919068789139
1367997,0.41757597389353457
1367999,0.3546919068789139
1368000,0.41757597389353457
1368001,0.41757597389353457
1368003,0.5369732980689106
1368004,0.3546919068789139
1368005,0.3546919068789139
1368006,0.3546919068789139
1368010,0.41757597389353457
1368292,0.41757597389353457
1368293,0.3546919068789139
1368294,0.3546919068789139
1368295,0.3546919068789139
1368296,0.41757597389353457
1368297,0.3546919068789139
1368298,0.3546919068789139
1368299,0.3546919068789139
1368300,0.41757597389353457
1368301,0.41757597389353457
1368302,0.41757597389353457
1368303,0.41757597389353457
1368304,0.41757597389353457
1368305,0.5369732980689106
1368306,0.3546919068789139
1368307,0.3546919068789139
1368309,0.3546919068789139
1368311,0.3546919068789139
1368312,0.3546919068789139
1368313,0.41757597389353457
1368315,0.3546919068789139
1368316,0.41757597389353457
1368317,0.3546919068789139
1368318,0.5369732980689106
1368319,0.41757597389353457
1368320,0.3546919068789139
1368322,0.3546919068789139
1368323,0.5369732980689106
1368325,0.41757597389353457
1368327,0.41757597389353457
1368329,0.5369732980689106
1368333,0.3546919068789139
1368335,0.3546919068789139
1368336,0.41757597389353457
1368337,0.41757597389353457
1368338,0.41757597389353457
1368340,0.41757597389353457
1368341,0.3546919068789139
1368342,0.3546919068789139
1368343,0.41757597389353457
1368344,0.3546919068789139
1368345,0.3546919068789139
1368346,0.41757597389353457
1368347,0.41757597389353457
1368348,0.3546919068789139
1368350,0.3546919068789139
1368351,0.3546919068789139
1368354,0.3546919068789139
1368356,0.3546919068789139
1368357,0.41757597389353457
1368360,0.3546919068789139
1368361,0.41757597389353457
1368362,0.3546919068789139
1368364,0.3546919068789139
1368366,0.3546919068789139
1368367,0.3546919068789139
1368368,0.41757597389353457
1368369,0.41757597389353457
1368371,0.3546919068789139
1368373,0.41757597389353457
1368374,0.41757597389353457
1368376,0.5369732980689106
1368377,0.3546919068789139
1368381,0.41757597389353457
1368382,0.3546919068789139
1368383,0.41757597389353457
1368386,0.3546919068789139
1368388,0.3546919068789139
1368389,0.3546919068789139
1368390,0.3546919068789139
1368391,0.3546919068789139
1368393,0.5369732980689106
1368394,0.41757597389353457
1368396,0.3546919068789139
1368397,0.3546919068789139
1368398,0.3546919068789139
1368400,0.3546919068789139
1368401,0.3546919068789139
1368402,0.3546919068789139
1368405,0.41757597389353457
1368406,0.3546919068789139
1368407,0.3546919068789139
1368408,0.3546919068789139
1368409,0.3546919068789139
1368411,0.41757597389353457
1368412,0.3546919068789139
1368413,0.5369732980689106
1368416,0.3546919068789139
1368418,0.5369732980689106
1368420,0.3546919068789139
1368422,0.3546919068789139
1368424,0.3546919068789139
1368425,0.41757597389353457
1368426,0.3546919068789139
1368428,0.3546919068789139
1368430,0.5369732980689106
1368431,0.3546919068789139
1368432,0.3546919068789139
1368434,0.3546919068789139
1368435,0.3546919068789139
1368436,0.41757597389353457
1368437,0.41757597389353457
1368438,0.41757597389353457
1368439,0.3546919068789139
1368440,0.41757597389353457
1368441,0.41757597389353457
1368443,0.5369732980689106
1368445,0.3546919068789139
1368446,0.3546919068789139
1368447,0.41757597389353457
1368448,0.3546919068789139
1368449,0.41757597389353457
1368451,0.3546919068789139
1368452,0.3546919068789139
1368453,0.3546919068789139
1368454,0.5369732980689106
1368457,0.3546919068789139
1368459,0.3546919068789139
1368460,0.3546919068789139
1368461,0.3546919068789139
1368462,0.41757597389353457
1368463,0.41757597389353457
1368464,0.3546919068789139
1368465,0.41757597389353457
1368467,0.41757597389353457
1368468,0.5369732980689106
1368469,0.41757597389353457
1368470,0.3546919068789139
1368471,0.3546919068789139
1368472,0.41757597389353457
1368474,0.3546919068789139
1368476,0.41757597389353457
1368477,0.3546919068789139
1368478,0.41757597389353457
1368479,0.3546919068789139
1368480,0.41757597389353457
1368481,0.3546919068789139
1368482,0.41757597389353457
1368484,0.3546919068789139
1368486,0.3546919068789139
1368487,0.3546919068789139
1368488,0.41757597389353457
1368491,0.3546919068789139
1368492,0.41757597389353457
1368493,0.3546919068789139
1368495,0.3546919068789139
1368496,0.41757597389353457
1368498,0.41757597389353457
1368499,0.3546919068789139
1368500,0.3546919068789139
1368501,0.3546919068789139
1368502,0.3546919068789139
1368503,0.5369732980689106
1368504,0.3546919068789139
1368505,0.41757597389353457
1368506,0.41757597389353457
1368507,0.41757597389353457
1368508,0.3546919068789139
1368510,0.41757597389353457
1368511,0.3546919068789139
1368512,0.3546919068789139
1368514,0.3546919068789139
1368515,0.3546919068789139
1368516,0.41757597389353457
1368517,0.41757597389353457
1368519,0.3546919068789139
1368520,0.3546919068789139
1368521,0.3546919068789139
1368526,0.3546919068789139
1368527,0.41757597389353457
1368529,0.41757597389353457
1368530,0.3546919068789139
1368532,0.41757597389353457
1368533,0.5369732980689106
1368534,0.3546919068789139
1368535,0.41757597389353457
1368537,0.3546919068789139
1368538,0.5369732980689106
1368539,0.3546919068789139
1368542,0.3546919068789139
1368543,0.3546919068789139
1368545,0.3546919068789139
1368546,0.5369732980689106
1368547,0.3546919068789139
1368550,0.41757597389353457
1368551,0.3546919068789139
1368552,0.3546919068789139
1368553,0.3546919068789139
1368556,0.5369732980689106
1368559,0.3546919068789139
1368562,0.41757597389353457
1368565,0.3546919068789139
1368566,0.3546919068789139
1368567,0.5369732980689106
1368568,0.5369732980689106
1368569,0.3546919068789139
1368570,0.41757597389353457
1368571,0.41757597389353457
1368572,0.3546919068789139
1368574,0.41757597389353457
1368577,0.3546919068789139
1368578,0.3546919068789139
1368580,0.3546919068789139
1368584,0.3546919068789139
1368585,0.41757597389353457
1368589,0.3546919068789139
1368590,0.41757597389353457
1368591,0.3546919068789139
1368592,0.41757597389353457
1368594,0.3546919068789139
1368595,0.41757597389353457
1368596,0.5369732980689106
1368597,0.5369732980689106
1368600,0.41757597389353457
1368601,0.3546919068789139
1368602,0.3546919068789139
1368605,0.41757597389353457
1368606,0.5369732980689106
1368607,0.41757597389353457
1368608,0.3546919068789139
1368611,0.5369732980689106
1368613,0.3546919068789139
1368614,0.41757597389353457
1368615,0.41757597389353457
1368616,0.41757597389353457
1368618,0.3546919068789139
1368620,0.3546919068789139
1368621,0.41757597389353457
1368622,0.41757597389353457
1368623,0.41757597389353457
1368624,0.3546919068789139
1368626,0.3546919068789139
1368627,0.41757597389353457
1368628,0.3546919068789139
1368630,0.3546919068789139
1368631,0.5369732980689106
1368633,0.41757597389353457
1368634,0.3546919068789139
1368635,0.5369732980689106
1368636,0.3546919068789139
1368638,0.41757597389353457
1368639,0.3546919068789139
1368640,0.5369732980689106
1368644,0.41757597389353457
1368645,0.3546919068789139
1368646,0.3546919068789139
1368647,0.41757597389353457
1368648,0.5369732980689106
1368650,0.3546919068789139
1368651,0.41757597389353457
1368652,0.41757597389353457
1368655,0.41757597389353457
1368656,0.41757597389353457
1368659,0.5369732980689106
1368660,0.3546919068789139
1368661,0.5369732980689106
1368662,0.3546919068789139
1368663,0.3546919068789139
1368664,0.41757597389353457
1368665,0.3546919068789139
1368667,0.41757597389353457
1368668,0.3546919068789139
1368669,0.41757597389353457
1368671,0.5369732980689106
1368672,0.3546919068789139
1368673,0.41757597389353457
1368674,0.3546919068789139
1368675,0.41757597389353457
1368676,0.3546919068789139
1368678,0.5369732980689106
1368679,0.41757597389353457
1368681,0.3546919068789139
1368682,0.41757597389353457
1368683,0.3546919068789139
1368684,0.41757597389353457
1368685,0.3546919068789139
1368687,0.5369732980689106
1368688,0.3546919068789139
1368689,0.3546919068789139
1368690,0.3546919068789139
1368691,0.3546919068789139
1368693,0.3546919068789139
1368694,0.3546919068789139
1368697,0.41757597389353457
1368698,0.3546919068789139
1368699,0.41757597389353457
1368701,0.3546919068789139
1368702,0.3546919068789139
1368703,0.3546919068789139
1368704,0.5369732980689106
1368705,0.41757597389353457
1368706,0.41757597389353457
1368709,0.3546919068789139
1368710,0.3546919068789139
1368711,0.41757597389353457
1368712,0.3546919068789139
1368714,0.3546919068789139
1368716,0.41757597389353457
1368719,0.41757597389353457
1368720,0.3546919068789139
1368722,0.41757597389353457
1368723,0.41757597389353457
1368724,0.41757597389353457
1368725,0.41757597389353457
1368726,0.3546919068789139
1368728,0.3546919068789139
1368729,0.3546919068789139
1368730,0.41757597389353457
1368731,0.3546919068789139
1368732,0.3546919068789139
1368733,0.3546919068789139
1368734,0.3546919068789139
1368737,0.5369732980689106
1368738,0.41757597389353457
1368739,0.41757597389353457
1368741,0.41757597389353457
1368743,0.5369732980689106
1368744,0.41757597389353457
1368745,0.3546919068789139
1368746,0.41757597389353457
1368747,0.3546919068789139
1368749,0.5369732980689106
1368750,0.41757597389353457
1368751,0.3546919068789139
1368752,0.41757597389353457
1368753,0.3546919068789139
1368754,0.3546919068789139
1368755,0.3546919068789139
1368756,0.3546919068789139
1368759,0.3546919068789139
1368760,0.3546919068789139
1368762,0.3546919068789139
1368764,0.3546919068789139
1368765,0.41757597389353457
1368766,0.41757597389353457
1368767,0.3546919068789139
1368768,0.3546919068789139
1368769,0.5369732980689106
1368770,0.3546919068789139
1368771,0.3546919068789139
1368772,0.5369732980689106
1368773,0.41757597389353457
1368774,0.3546919068789139
1368775,0.41757597389353457
1368778,0.41757597389353457
1368779,0.41757597389353457
1368780,0.41757597389353457
1368781,0.41757597389353457
1368782,0.5369732980689106
1368783,0.41757597389353457
1368784,0.41757597389353457
1368785,0.5369732980689106
1368786,0.3546919068789139
1368787,0.3546919068789139
1368789,0.3546919068789139
1368790,0.3546919068789139
1368791,0.41757597389353457
1368792,0.41757597389353457
1368794,0.3546919068789139
1368795,0.3546919068789139
1368796,0.41757597389353457
1368797,0.41757597389353457
1368799,0.3546919068789139
1368800,0.41757597389353457
1368801,0.3546919068789139
1368802,0.41757597389353457
1368803,0.5369732980689106
1368804,0.41757597389353457
1368806,0.41757597389353457
1368807,0.3546919068789139
1368808,0.41757597389353457
1368810,0.41757597389353457
1368811,0.41757597389353457
1368812,0.3546919068789139
1368813,0.3546919068789139
1368814,0.41757597389353457
1368815,0.41757597389353457
1368816,0.3546919068789139
1368817,0.3546919068789139
1368818,0.3546919068789139
1368819,0.5369732980689106
1368820,0.5369732980689106
1368821,0.3546919068789139
1368822,0.3546919068789139
1368823,0.41757597389353457
1368824,0.41757597389353457
1368827,0.3546919068789139
1368829,0.5369732980689106
1368830,0.3546919068789139
1368831,0.3546919068789139
1368832,0.41757597389353457
1368833,0.41757597389353457
1368834,0.3546919068789139
1368835,0.3546919068789139
1368838,0.3546919068789139
1368839,0.3546919068789139
1368840,0.3546919068789139
1368843,0.41757597389353457
1368845,0.41757597389353457
1368846,0.3546919068789139
1368850,0.41757597389353457
1368852,0.3546919068789139
1368854,0.41757597389353457
1368855,0.3546919068789139
1368856,0.3546919068789139
1368857,0.3546919068789139
1368858,0.5369732980689106
1368859,0.41757597389353457
1368860,0.3546919068789139
1368861,0.41757597389353457
1368862,0.41757597389353457
1368863,0.3546919068789139
1368864,0.3546919068789139
1368865,0.3546919068789139
1368866,0.5369732980689106
1368870,0.3546919068789139
1368872,0.3546919068789139
1368874,0.41757597389353457
1368875,0.3546919068789139
1368876,0.3546919068789139
1368878,0.3546919068789139
1368879,0.3546919068789139
1368880,0.3546919068789139
1368881,0.3546919068789139
1368883,0.3546919068789139
1368886,0.5369732980689106
1368889,0.41757597389353457
1368890,0.5369732980689106
1368891,0.3546919068789139
1368892,0.41757597389353457
1368893,0.41757597389353457
1368895,0.3546919068789139
1368896,0.5369732980689106
1368898,0.3546919068789139
1368899,0.41757597389353457
1368900,0.3546919068789139
1368902,0.3546919068789139
1368903,0.41757597389353457
1368904,0.3546919068789139
1368906,0.41757597389353457
1368907,0.41757597389353457
1368910,0.3546919068789139
1368911,0.41757597389353457
1368912,0.41757597389353457
1368913,0.41757597389353457
1368914,0.3546919068789139
1368915,0.3546919068789139
1368916,0.41757597389353457
1368917,0.3546919068789139
1368918,0.3546919068789139
1368919,0.3546919068789139
1368920,0.3546919068789139
1368922,0.41757597389353457
1368923,0.41757597389353457
1368926,0.3546919068789139
1368928,0.3546919068789139
1368929,0.41757597389353457
1368930,0.41757597389353457
1368931,0.3546919068789139
1368933,0.41757597389353457
1368934,0.3546919068789139
1368936,0.3546919068789139
1368937,0.41757597389353457
1368939,0.3546919068789139
1368942,0.41757597389353457
1368944,0.3546919068789139
1368945,0.3546919068789139
1368946,0.3546919068789139
1368947,0.3546919068789139
1368948,0.3546919068789139
1368949,0.3546919068789139
1368950,0.3546919068789139
1368952,0.3546919068789139
1368953,0.3546919068789139
1368954,0.41757597389353457
1368955,0.3546919068789139
1368956,0.3546919068789139
1368957,0.3546919068789139
1368958,0.3546919068789139
1368960,0.41757597389353457
1368961,0.3546919068789139
1368962,0.3546919068789139
1368963,0.3546919068789139
1368964,0.41757597389353457
1368966,0.41757597389353457
1368967,0.3546919068789139
1368968,0.3546919068789139
1368969,0.41757597389353457
1368970,0.41757597389353457
1368972,0.41757597389353457
1368973,0.5369732980689106
1368974,0.41757597389353457
1368975,0.3546919068789139
1368976,0.3546919068789139
1368977,0.5369732980689106
1368978,0.41757597389353457
1368980,0.5369732980689106
1368983,0.41757597389353457
1368984,0.5369732980689106
1368985,0.41757597389353457
1368987,0.3546919068789139
1368988,0.3546919068789139
1368989,0.3546919068789139
1368990,0.5369732980689106
1368991,0.41757597389353457
1368992,0.41757597389353457
1368993,0.41757597389353457
1368996,0.3546919068789139
1368997,0.3546919068789139
1368998,0.41757597389353457
1368999,0.3546919068789139
1369000,0.5369732980689106
1369002,0.3546919068789139
1369003,0.41757597389353457
1369004,0.41757597389353457
1369005,0.41757597389353457
1369006,0.3546919068789139
1369007,0.5369732980689106
1369008,0.41757597389353457
1369009,0.5369732980689106
1369010,0.3546919068789139
1369011,0.5369732980689106
1369012,0.3546919068789139
1369014,0.3546919068789139
1369015,0.3546919068789139
1369016,0.3546919068789139
1369018,0.3546919068789139
1369019,0.41757597389353457
1369020,0.5369732980689106
1369021,0.3546919068789139
1369024,0.5369732980689106
1369025,0.5369732980689106
1369026,0.3546919068789139
1369027,0.3546919068789139
1369028,0.41757597389353457
1369029,0.3546919068789139
1369030,0.3546919068789139
1369033,0.41757597389353457
1369035,0.3546919068789139
1369036,0.3546919068789139
1369037,0.3546919068789139
1369038,0.3546919068789139
1369039,0.41757597389353457
1369040,0.3546919068789139
1369041,0.3546919068789139
1369042,0.3546919068789139
1369045,0.3546919068789139
1369046,0.41757597389353457
1369047,0.3546919068789139
1369049,0.41757597389353457
1369050,0.5369732980689106
1369052,0.41757597389353457
1369053,0.3546919068789139
1369054,0.41757597389353457
1369055,0.3546919068789139
1369056,0.41757597389353457
1369058,0.3546919068789139
1369059,0.41757597389353457
1369061,0.3546919068789139
1369062,0.41757597389353457
1369063,0.41757597389353457
1369064,0.3546919068789139
1369067,0.5369732980689106
1369068,0.3546919068789139
1369069,0.3546919068789139
1369071,0.3546919068789139
1369073,0.41757597389353457
1369075,0.41757597389353457
1369076,0.41757597389353457
1369077,0.5369732980689106
1369078,0.3546919068789139
1369079,0.5369732980689106
1369080,0.3546919068789139
1369081,0.41757597389353457
1369082,0.5369732980689106
1369083,0.5369732980689106
1369084,0.5369732980689106
1369085,0.3546919068789139
1369086,0.3546919068789139
1369087,0.5369732980689106
1369089,0.5369732980689106
1369090,0.3546919068789139
1369092,0.3546919068789139
1369093,0.41757597389353457
1369095,0.3546919068789139
1369096,0.3546919068789139
1369097,0.41757597389353457
1369098,0.41757597389353457
1369099,0.41757597389353457
1369100,0.5369732980689106
1369101,0.3546919068789139
1369103,0.41757597389353457
1369104,0.3546919068789139
1369105,0.5369732980689106
1369106,0.41757597389353457
1369107,0.3546919068789139
1369108,0.41757597389353457
1369109,0.41757597389353457
1369110,0.41757597389353457
1369112,0.3546919068789139
1369113,0.3546919068789139
1369114,0.41757597389353457
1369115,0.3546919068789139
1369116,0.5369732980689106
1369117,0.41757597389353457
1369118,0.41757597389353457
1369119,0.3546919068789139
1369120,0.3546919068789139
1369121,0.5369732980689106
1369122,0.3546919068789139
1369124,0.41757597389353457
1369125,0.41757597389353457
1369126,0.3546919068789139
1369128,0.3546919068789139
1369129,0.3546919068789139
1369130,0.3546919068789139
1369131,0.41757597389353457
1369132,0.41757597389353457
1369134,0.3546919068789139
1369135,0.3546919068789139
1369136,0.5369732980689106
1369137,0.41757597389353457
1369138,0.3546919068789139
1369139,0.3546919068789139
1369140,0.41757597389353457
1369141,0.41757597389353457
1369142,0.3546919068789139
1369143,0.3546919068789139
1369144,0.41757597389353457
1369145,0.3546919068789139
1369146,0.5369732980689106
1369148,0.3546919068789139
1369149,0.3546919068789139
1369150,0.41757597389353457
1369151,0.3546919068789139
1369152,0.3546919068789139
1369153,0.3546919068789139
1369154,0.3546919068789139
1369155,0.3546919068789139
1369156,0.5369732980689106
1369157,0.3546919068789139
1369158,0.41757597389353457
1369159,0.5369732980689106
1369160,0.41757597389353457
1369161,0.41757597389353457
1369162,0.3546919068789139
1369163,0.5369732980689106
1369164,0.3546919068789139
1369165,0.3546919068789139
1369166,0.3546919068789139
1369168,0.3546919068789139
1369169,0.41757597389353457
1369171,0.3546919068789139
1369172,0.3546919068789139
1369173,0.41757597389353457
1369174,0.3546919068789139
1369175,0.3546919068789139
1369176,0.3546919068789139
1369177,0.3546919068789139
1369178,0.3546919068789139
1369179,0.3546919068789139
1369180,0.3546919068789139
1369182,0.3546919068789139
1369183,0.3546919068789139
1369184,0.3546919068789139
1369187,0.5369732980689106
1369188,0.3546919068789139
1369189,0.3546919068789139
1369190,0.41757597389353457
1369191,0.3546919068789139
1369192,0.3546919068789139
1369193,0.41757597389353457
1369194,0.3546919068789139
1369195,0.41757597389353457
1369196,0.3546919068789139
1369197,0.41757597389353457
1369198,0.3546919068789139
1369199,0.3546919068789139
1369200,0.41757597389353457
1369201,0.3546919068789139
1369202,0.3546919068789139
1369203,0.3546919068789139
1369204,0.3546919068789139
1369206,0.3546919068789139
1369207,0.41757597389353457
1369208,0.41757597389353457
1369209,0.3546919068789139
1369210,0.3546919068789139
1369211,0.3546919068789139
1369212,0.3546919068789139
1369213,0.3546919068789139
1369216,0.3546919068789139
1369217,0.3546919068789139
1369218,0.3546919068789139
1369219,0.41757597389353457
1369220,0.41757597389353457
1369221,0.41757597389353457
1369223,0.41757597389353457
1369224,0.3546919068789139
1369225,0.41757597389353457
1369227,0.3546919068789139
1369228,0.41757597389353457
1369229,0.41757597389353457
1369230,0.3546919068789139
1369231,0.3546919068789139
1369232,0.41757597389353457
1369233,0.41757597389353457
1369234,0.41757597389353457
1369235,0.3546919068789139
1369492,0.3546919068789139
1369493,0.5369732980689106
1369494,0.3546919068789139
1369495,0.3546919068789139
1369496,0.3546919068789139
1369497,0.41757597389353457
1369498,0.41757597389353457
1369499,0.3546919068789139
1369500,0.3546919068789139
1369502,0.41757597389353457
1369503,0.3546919068789139
1369504,0.3546919068789139
1369505,0.5369732980689106
1369507,0.3546919068789139
1369508,0.41757597389353457
1369509,0.41757597389353457
1369510,0.3546919068789139
1369511,0.41757597389353457
1369512,0.3546919068789139
1369513,0.3546919068789139
1369514,0.41757597389353457
1369515,0.3546919068789139
1369516,0.41757597389353457
1369518,0.3546919068789139
1369520,0.3546919068789139
1369521,0.3546919068789139
1369522,0.5369732980689106
1369523,0.41757597389353457
1369527,0.3546919068789139
1369528,0.3546919068789139
1369529,0.41757597389353457
1369531,0.3546919068789139
1369535,0.5369732980689106
1369536,0.41757597389353457
1369537,0.41757597389353457
1369538,0.3546919068789139
1369539,0.3546919068789139
1369540,0.41757597389353457
1369543,0.41757597389353457
1369544,0.3546919068789139
1369548,0.41757597389353457
1369549,0.41757597389353457
1369550,0.5369732980689106
1369551,0.41757597389353457
1369552,0.41757597389353457
1369554,0.3546919068789139
1369555,0.41757597389353457
1369557,0.3546919068789139
1369558,0.41757597389353457
1369559,0.41757597389353457
1369560,0.41757597389353457
1369561,0.41757597389353457
1369564,0.3546919068789139
1369565,0.3546919068789139
1369566,0.3546919068789139
1369568,0.3546919068789139
1369572,0.3546919068789139
1369573,0.3546919068789139
1369575,0.5369732980689106
1369579,0.41757597389353457
1369580,0.41757597389353457
1369583,0.41757597389353457
1369586,0.3546919068789139
1369589,0.3546919068789139
1369591,0.41757597389353457
1369593,0.41757597389353457
1369594,0.5369732980689106
1369597,0.3546919068789139
1369598,0.41757597389353457
1369599,0.41757597389353457
1369601,0.41757597389353457
1369602,0.3546919068789139
1369603,0.41757597389353457
1369604,0.41757597389353457
1369606,0.3546919068789139
1369608,0.5369732980689106
1369609,0.41757597389353457
1369610,0.41757597389353457
1369611,0.3546919068789139
1369613,0.3546919068789139
1369614,0.41757597389353457
1369616,0.5369732980689106
1369617,0.5369732980689106
1369618,0.3546919068789139
1369619,0.41757597389353457
1369620,0.3546919068789139
1369624,0.3546919068789139
1369625,0.41757597389353457
1369626,0.3546919068789139
1369627,0.3546919068789139
1369629,0.41757597389353457
1369630,0.5369732980689106
1369633,0.5369732980689106
1369634,0.41757597389353457
1369635,0.3546919068789139
1369636,0.41757597389353457
1369637,0.41757597389353457
1369638,0.5369732980689106
1369639,0.41757597389353457
1369640,0.5369732980689106
1369642,0.41757597389353457
1369643,0.41757597389353457
1369644,0.41757597389353457
1369646,0.3546919068789139
1369648,0.3546919068789139
1369650,0.5369732980689106
1369651,0.3546919068789139
1369652,0.41757597389353457
1369655,0.5369732980689106
1369656,0.41757597389353457
1369657,0.3546919068789139
1369658,0.41757597389353457
1369659,0.3546919068789139
1369662,0.3546919068789139
1369663,0.3546919068789139
1369664,0.41757597389353457
1369666,0.3546919068789139
1369668,0.41757597389353457
1369669,0.3546919068789139
1369672,0.3546919068789139
1369674,0.41757597389353457
1369677,0.41757597389353457
1369678,0.41757597389353457
1369679,0.3546919068789139
1369680,0.3546919068789139
1369681,0.41757597389353457
1369682,0.41757597389353457
1369683,0.41757597389353457
1369684,0.3546919068789139
1369685,0.41757597389353457
1369687,0.3546919068789139
1369689,0.3546919068789139
1369691,0.41757597389353457
1369692,0.3546919068789139
1369693,0.3546919068789139
1369695,0.3546919068789139
1369696,0.41757597389353457
1369697,0.3546919068789139
1369698,0.3546919068789139
1369699,0.3546919068789139
1369700,0.3546919068789139
1369701,0.5369732980689106
1369702,0.5369732980689106
1369703,0.3546919068789139
1369704,0.3546919068789139
1369705,0.41757597389353457
1369709,0.5369732980689106
1369712,0.5369732980689106
1369713,0.3546919068789139
1369714,0.3546919068789139
1369716,0.41757597389353457
1369717,0.3546919068789139
1369718,0.5369732980689106
1369719,0.41757597389353457
1369725,0.41757597389353457
1369726,0.41757597389353457
1369727,0.3546919068789139
1369729,0.41757597389353457
1369730,0.41757597389353457
1369734,0.3546919068789139
1369736,0.3546919068789139
1369737,0.41757597389353457
1369740,0.41757597389353457
1369741,0.3546919068789139
1369742,0.41757597389353457
1369743,0.3546919068789139
1369748,0.5369732980689106
1369750,0.3546919068789139
1369751,0.5369732980689106
1369752,0.41757597389353457
1369753,0.5369732980689106
1369754,0.3546919068789139
1369759,0.3546919068789139
1369760,0.3546919068789139
1369761,0.3546919068789139
1369762,0.41757597389353457
1369764,0.3546919068789139
1369766,0.5369732980689106
1369767,0.41757597389353457
1369768,0.3546919068789139
1369769,0.3546919068789139
1369770,0.41757597389353457
1369771,0.3546919068789139
1369772,0.3546919068789139
1369773,0.3546919068789139
1369775,0.3546919068789139
1369776,0.5369732980689106
1369777,0.5369732980689106
1369778,0.3546919068789139
1369779,0.3546919068789139
1369780,0.41757597389353457
1369781,0.41757597389353457
1369783,0.3546919068789139
1369784,0.3546919068789139
1369786,0.5369732980689106
1369787,0.3546919068789139
1369789,0.41757597389353457
1369790,0.3546919068789139
1369792,0.3546919068789139
1369793,0.41757597389353457
1369794,0.3546919068789139
1369795,0.41757597389353457
1369798,0.3546919068789139
1369799,0.3546919068789139
1369800,0.41757597389353457
1369802,0.41757597389353457
1369803,0.41757597389353457
1369804,0.5369732980689106
1369806,0.41757597389353457
1369807,0.3546919068789139
1369808,0.3546919068789139
1369809,0.3546919068789139
1369810,0.41757597389353457
1369811,0.3546919068789139
1369814,0.5369732980689106
1369816,0.41757597389353457
1369817,0.3546919068789139
1369818,0.5369732980689106
1369819,0.3546919068789139
1369821,0.41757597389353457
1369822,0.3546919068789139
1369823,0.41757597389353457
1369824,0.41757597389353457
1369825,0.3546919068789139
1369826,0.41757597389353457
1369828,0.3546919068789139
1369831,0.3546919068789139
1369832,0.3546919068789139
1369833,0.41757597389353457
1369835,0.41757597389353457
1369836,0.41757597389353457
1369838,0.5369732980689106
1369839,0.41757597389353457
1369841,0.41757597389353457
1369842,0.3546919068789139
1369843,0.3546919068789139
1369844,0.3546919068789139
1369845,0.5369732980689106
1369846,0.3546919068789139
1369847,0.3546919068789139
1369849,0.3546919068789139
1369851,0.41757597389353457
1369852,0.3546919068789139
1369853,0.5369732980689106
1369854,0.3546919068789139
1369857,0.41757597389353457
1369859,0.3546919068789139
1369861,0.41757597389353457
1369862,0.3546919068789139
1369863,0.3546919068789139
1369864,0.3546919068789139
1369865,0.41757597389353457
1369866,0.41757597389353457
1369867,0.5369732980689106
1369868,0.3546919068789139
1369869,0.3546919068789139
1369870,0.41757597389353457
1369871,0.3546919068789139
1369872,0.5369732980689106
1369873,0.41757597389353457
1369874,0.5369732980689106
1369875,0.3546919068789139
1369877,0.3546919068789139
1369878,0.3546919068789139
1369879,0.41757597389353457
1369880,0.41757597389353457
1369881,0.5369732980689106
1369882,0.41757597389353457
1369884,0.3546919068789139
1369885,0.41757597389353457
1369886,0.3546919068789139
1369887,0.3546919068789139
1369888,0.41757597389353457
1369889,0.41757597389353457
1369891,0.41757597389353457
1369892,0.3546919068789139
1369894,0.3546919068789139
1369895,0.41757597389353457
1369896,0.5369732980689106
1369897,0.41757597389353457
1369898,0.41757597389353457
1369899,0.3546919068789139
1369900,0.3546919068789139
1369901,0.3546919068789139
1369902,0.41757597389353457
1369903,0.3546919068789139
1369904,0.3546919068789139
1369905,0.3546919068789139
1369908,0.3546919068789139
1369909,0.41757597389353457
1369910,0.3546919068789139
1369911,0.3546919068789139
1369912,0.41757597389353457
1369913,0.5369732980689106
1369914,0.3546919068789139
1369915,0.3546919068789139
1369917,0.5369732980689106
1369918,0.5369732980689106
1369920,0.3546919068789139
1369922,0.5369732980689106
1369923,0.5369732980689106
1369924,0.41757597389353457
1369925,0.3546919068789139
1369926,0.3546919068789139
1369928,0.3546919068789139
1369932,0.41757597389353457
1369934,0.41757597389353457
1369935,0.41757597389353457
1369936,0.41757597389353457
1369937,0.3546919068789139
1369938,0.41757597389353457
1369939,0.41757597389353457
1369940,0.41757597389353457
1369941,0.3546919068789139
1369942,0.41757597389353457
1369943,0.3546919068789139
1369944,0.3546919068789139
1369945,0.41757597389353457
1369946,0.5369732980689106
1369947,0.3546919068789139
1369949,0.3546919068789139
1369953,0.41757597389353457
1369954,0.3546919068789139
1369955,0.3546919068789139
1369958,0.41757597389353457
1369959,0.41757597389353457
1369960,0.3546919068789139
1369963,0.3546919068789139
1369965,0.3546919068789139
1369966,0.3546919068789139
1369967,0.3546919068789139
1369968,0.41757597389353457
1369969,0.41757597389353457
1369970,0.3546919068789139
1369971,0.41757597389353457
1369972,0.3546919068789139
1369974,0.41757597389353457
1369975,0.5369732980689106
1369976,0.5369732980689106
1369978,0.3546919068789139
1369979,0.3546919068789139
1369980,0.3546919068789139
1369981,0.3546919068789139
1369984,0.41757597389353457
1369986,0.3546919068789139
1369988,0.3546919068789139
1369989,0.41757597389353457
1369994,0.41757597389353457
1369995,0.41757597389353457
1369997,0.3546919068789139
1369998,0.3546919068789139
1369999,0.41757597389353457
1370001,0.41757597389353457
1370002,0.41757597389353457
1370004,0.41757597389353457
1370005,0.3546919068789139
1370006,0.41757597389353457
1370007,0.5369732980689106
1370008,0.3546919068789139
1370009,0.5369732980689106
1370011,0.3546919068789139
1370014,0.3546919068789139
1370017,0.41757597389353457
1370019,0.41757597389353457
1370020,0.41757597389353457
1370021,0.3546919068789139
1370023,0.41757597389353457
1370025,0.3546919068789139
1370026,0.3546919068789139
1370027,0.41757597389353457
1370028,0.41757597389353457
1370029,0.41757597389353457
1370030,0.3546919068789139
1370031,0.3546919068789139
1370032,0.3546919068789139
1370033,0.3546919068789139
1370034,0.3546919068789139
1370035,0.3546919068789139
1370036,0.41757597389353457
1370037,0.3546919068789139
1370038,0.41757597389353457
1370040,0.3546919068789139
1370041,0.5369732980689106
1370042,0.41757597389353457
1370043,0.3546919068789139
1370044,0.3546919068789139
1370046,0.3546919068789139
1370048,0.41757597389353457
1370049,0.41757597389353457
1370051,0.3546919068789139
1370053,0.3546919068789139
1370054,0.3546919068789139
1370055,0.41757597389353457
1370056,0.5369732980689106
1370057,0.3546919068789139
1370058,0.3546919068789139
1370059,0.3546919068789139
1370060,0.3546919068789139
1370061,0.41757597389353457
1370062,0.3546919068789139
1370064,0.5369732980689106
1370065,0.3546919068789139
1370066,0.41757597389353457
1370068,0.5369732980689106
1370069,0.3546919068789139
1370071,0.3546919068789139
1370072,0.41757597389353457
1370077,0.41757597389353457
1370078,0.41757597389353457
1370079,0.5369732980689106
1370080,0.41757597389353457
1370081,0.3546919068789139
1370082,0.3546919068789139
1370084,0.3546919068789139
1370085,0.3546919068789139
1370086,0.41757597389353457
1370087,0.41757597389353457
1370090,0.5369732980689106
1370091,0.5369732980689106
1370093,0.3546919068789139
1370094,0.41757597389353457
1370095,0.41757597389353457
1370096,0.41757597389353457
1370097,0.3546919068789139
1370098,0.5369732980689106
1370100,0.41757597389353457
1370101,0.41757597389353457
1370102,0.3546919068789139
1370104,0.3546919068789139
1370105,0.3546919068789139
1370107,0.3546919068789139
1370108,0.3546919068789139
1370109,0.3546919068789139
1370110,0.3546919068789139
1370111,0.3546919068789139
1370112,0.3546919068789139
1370113,0.41757597389353457
1370114,0.3546919068789139
1370117,0.3546919068789139
1370119,0.3546919068789139
1370120,0.3546919068789139
1370121,0.3546919068789139
1370122,0.41757597389353457
1370123,0.3546919068789139
1370124,0.3546919068789139
1370127,0.5369732980689106
1370129,0.3546919068789139
1370131,0.41757597389353457
1370132,0.3546919068789139
1370133,0.3546919068789139
1370134,0.3546919068789139
1370135,0.3546919068789139
1370136,0.5369732980689106
1370137,0.5369732980689106
1370138,0.41757597389353457
1370139,0.41757597389353457
1370140,0.3546919068789139
1370141,0.3546919068789139
1370144,0.3546919068789139
1370146,0.3546919068789139
1370148,0.5369732980689106
1370149,0.3546919068789139
1370151,0.3546919068789139
1370154,0.41757597389353457
1370156,0.3546919068789139
1370157,0.3546919068789139
1370158,0.3546919068789139
1370159,0.41757597389353457
1370160,0.3546919068789139
1370161,0.3546919068789139
1370162,0.41757597389353457
1370163,0.41757597389353457
1370164,0.41757597389353457
1370165,0.41757597389353457
1370167,0.3546919068789139
1370168,0.3546919068789139
1370169,0.3546919068789139
1370171,0.3546919068789139
1370172,0.41757597389353457
1370173,0.3546919068789139
1370174,0.3546919068789139
1370175,0.3546919068789139
1370176,0.3546919068789139
1370178,0.3546919068789139
1370179,0.5369732980689106
1370180,0.5369732980689106
1370181,0.3546919068789139
1370182,0.41757597389353457
1370183,0.5369732980689106
1370184,0.3546919068789139
1370185,0.41757597389353457
1370186,0.3546919068789139
1370187,0.41757597389353457
1370188,0.3546919068789139
1370189,0.3546919068789139
1370190,0.3546919068789139
1370191,0.3546919068789139
1370193,0.41757597389353457
1370196,0.5369732980689106
1370197,0.41757597389353457
1370198,0.41757597389353457
1370199,0.5369732980689106
1370200,0.3546919068789139
1370201,0.3546919068789139
1370202,0.41757597389353457
1370205,0.3546919068789139
1370206,0.3546919068789139
1370207,0.5369732980689106
1370208,0.41757597389353457
1370209,0.5369732980689106
1370210,0.41757597389353457
1370211,0.3546919068789139
1370214,0.41757597389353457
1370215,0.5369732980689106
1370216,0.41757597389353457
1370218,0.3546919068789139
1370219,0.5369732980689106
1370222,0.3546919068789139
1370224,0.5369732980689106
1370225,0.41757597389353457
1370226,0.5369732980689106
1370228,0.5369732980689106
1370230,0.3546919068789139
1370231,0.41757597389353457
1370232,0.3546919068789139
1370233,0.41757597389353457
1370234,0.41757597389353457
1370235,0.3546919068789139
1370236,0.41757597389353457
1370237,0.41757597389353457
1370238,0.3546919068789139
1370239,0.3546919068789139
1370240,0.41757597389353457
1370241,0.5369732980689106
1370242,0.41757597389353457
1370244,0.3546919068789139
1370245,0.3546919068789139
1370246,0.3546919068789139
1370247,0.41757597389353457
1370248,0.3546919068789139
1370249,0.41757597389353457
1370250,0.3546919068789139
1370253,0.5369732980689106
1370255,0.3546919068789139
1370256,0.3546919068789139
1370257,0.3546919068789139
1370258,0.41757597389353457
1370259,0.5369732980689106
1370260,0.3546919068789139
1370261,0.5369732980689106
1370263,0.41757597389353457
1370265,0.41757597389353457
1370266,0.41757597389353457
1370267,0.3546919068789139
1370269,0.3546919068789139
1370270,0.41757597389353457
1370271,0.3546919068789139
1370274,0.41757597389353457
1370275,0.41757597389353457
1370276,0.5369732980689106
1370277,0.3546919068789139
1370279,0.3546919068789139
1370280,0.41757597389353457
1370281,0.41757597389353457
1370282,0.3546919068789139
1370284,0.3546919068789139
1370285,0.3546919068789139
1370286,0.3546919068789139
1370289,0.3546919068789139
1370290,0.5369732980689106
1370291,0.41757597389353457
1370292,0.41757597389353457
1370293,0.41757597389353457
1370295,0.41757597389353457
1370296,0.3546919068789139
1370297,0.41757597389353457
1370298,0.3546919068789139
1370299,0.41757597389353457
1370300,0.41757597389353457
1370301,0.3546919068789139
1370302,0.3546919068789139
1370304,0.41757597389353457
1370305,0.5369732980689106
1370306,0.3546919068789139
1370307,0.3546919068789139
1370308,0.3546919068789139
1370309,0.3546919068789139
1370313,0.3546919068789139
1370315,0.5369732980689106
1370316,0.41757597389353457
1370317,0.5369732980689106
1370318,0.41757597389353457
1370319,0.41757597389353457
1370320,0.5369732980689106
1370322,0.41757597389353457
1370323,0.3546919068789139
1370324,0.41757597389353457
1370325,0.41757597389353457
1370326,0.41757597389353457
1370327,0.5369732980689106
1370329,0.41757597389353457
1370330,0.3546919068789139
1370331,0.3546919068789139
1370332,0.41757597389353457
1370333,0.41757597389353457
1370334,0.41757597389353457
1370335,0.41757597389353457
1370336,0.3546919068789139
1370337,0.3546919068789139
1370338,0.5369732980689106
1370339,0.3546919068789139
1370340,0.41757597389353457
1370341,0.41757597389353457
1370343,0.5369732980689106
1370344,0.3546919068789139
1370346,0.3546919068789139
1370347,0.5369732980689106
1370348,0.41757597389353457
1370349,0.41757597389353457
1370350,0.5369732980689106
1370351,0.3546919068789139
1370353,0.41757597389353457
1370354,0.41757597389353457
1370356,0.41757597389353457
1370357,0.5369732980689106
1370359,0.5369732980689106
1370360,0.3546919068789139
1370362,0.5369732980689106
1370363,0.41757597389353457
1370364,0.3546919068789139
1370365,0.3546919068789139
1370366,0.41757597389353457
1370368,0.41757597389353457
1370369,0.5369732980689106
1370370,0.41757597389353457
1370371,0.3546919068789139
1370374,0.41757597389353457
1370376,0.41757597389353457
1370377,0.5369732980689106
1370378,0.41757597389353457
1370380,0.41757597389353457
1370382,0.5369732980689106
1370383,0.3546919068789139
1370384,0.41757597389353457
1370385,0.3546919068789139
1370386,0.3546919068789139
1370387,0.5369732980689106
1370388,0.3546919068789139
1370389,0.3546919068789139
1370390,0.5369732980689106
1370391,0.3546919068789139
1370392,0.41757597389353457
1370393,0.41757597389353457
1370394,0.3546919068789139
1370395,0.41757597389353457
1370396,0.3546919068789139
1370398,0.41757597389353457
1370399,0.3546919068789139
1370400,0.3546919068789139
1370402,0.41757597389353457
1370403,0.3546919068789139
1370404,0.5369732980689106
1370405,0.3546919068789139
1370406,0.3546919068789139
1370407,0.41757597389353457
1370408,0.3546919068789139
1370409,0.3546919068789139
1370410,0.41757597389353457
1370411,0.3546919068789139
1370412,0.3546919068789139
1370413,0.41757597389353457
1370414,0.5369732980689106
1370415,0.41757597389353457
1370416,0.41757597389353457
1370419,0.41757597389353457
1370420,0.3546919068789139
1370421,0.5369732980689106
1370422,0.3546919068789139
1370423,0.5369732980689106
1370424,0.3546919068789139
1370425,0.3546919068789139
1370426,0.41757597389353457
1370427,0.3546919068789139
1370428,0.41757597389353457
1370429,0.3546919068789139
1370430,0.41757597389353457
1370431,0.3546919068789139
1370432,0.3546919068789139
1370434,0.3546919068789139
1370435,0.3546919068789139
1370436,0.3546919068789139
1370437,0.41757597389353457
1370438,0.3546919068789139
1370440,0.3546919068789139
1370441,0.3546919068789139
1370442,0.3546919068789139
1370444,0.5369732980689106
1370445,0.3546919068789139
1370446,0.41757597389353457
1370447,0.41757597389353457
1370448,0.3546919068789139
1370449,0.3546919068789139
1370450,0.5369732980689106
1370451,0.3546919068789139
1370452,0.3546919068789139
1370453,0.3546919068789139
1370454,0.41757597389353457
1370455,0.41757597389353457
1370456,0.41757597389353457
1370457,0.3546919068789139
1370459,0.3546919068789139
1370461,0.5369732980689106
1370462,0.3546919068789139
1370463,0.3546919068789139
1370464,0.41757597389353457
1370465,0.41757597389353457
1370466,0.3546919068789139
1370469,0.41757597389353457
1370470,0.41757597389353457
1370471,0.3546919068789139
1370473,0.5369732980689106
1370474,0.3546919068789139
1370475,0.3546919068789139
1370476,0.41757597389353457
1370477,0.3546919068789139
1370478,0.3546919068789139
1370479,0.3546919068789139
1370480,0.3546919068789139
1370481,0.3546919068789139
1370482,0.3546919068789139
1370483,0.3546919068789139
1370485,0.5369732980689106
1370486,0.3546919068789139
1370487,0.3546919068789139
1370488,0.41757597389353457
1370489,0.3546919068789139
1370490,0.3546919068789139
1370491,0.41757597389353457
1370492,0.3546919068789139
1370493,0.3546919068789139
1370494,0.3546919068789139
1370496,0.3546919068789139
1370497,0.3546919068789139
1370498,0.3546919068789139
1370499,0.41757597389353457
1370500,0.3546919068789139
1370501,0.3546919068789139
1370502,0.3546919068789139
1370503,0.41757597389353457
1370504,0.41757597389353457
1370505,0.3546919068789139
1370506,0.41757597389353457
1370508,0.41757597389353457
1370509,0.41757597389353457
1370510,0.5369732980689106
1370511,0.41757597389353457
1370512,0.3546919068789139
1370513,0.3546919068789139
1370514,0.5369732980689106
1370516,0.3546919068789139
1370517,0.3546919068789139
1370518,0.41757597389353457
1370519,0.3546919068789139
1370520,0.3546919068789139
1370521,0.3546919068789139
1370522,0.3546919068789139
1370523,0.41757597389353457
1370524,0.3546919068789139
1370525,0.41757597389353457
1370527,0.41757597389353457
1370528,0.3546919068789139
1370530,0.3546919068789139
1370531,0.41757597389353457
1370532,0.41757597389353457
1370533,0.3546919068789139
1370534,0.3546919068789139
1370535,0.3546919068789139
1370536,0.41757597389353457
1370538,0.41757597389353457
1370539,0.5369732980689106
1370540,0.3546919068789139
1370541,0.5369732980689106
1370542,0.3546919068789139
1370543,0.3546919068789139
1370545,0.3546919068789139
1370546,0.3546919068789139
1370547,0.3546919068789139
1370548,0.41757597389353457
1370549,0.41757597389353457
1370550,0.41757597389353457
1370552,0.3546919068789139
1370553,0.3546919068789139
1370554,0.41757597389353457
1370555,0.5369732980689106
1370556,0.41757597389353457
1370557,0.41757597389353457
1370558,0.3546919068789139
1370560,0.41757597389353457
1370561,0.41757597389353457
1370562,0.3546919068789139
1370563,0.3546919068789139
1370564,0.41757597389353457
1370566,0.41757597389353457
1370567,0.41757597389353457
1370568,0.3546919068789139
1370569,0.5369732980689106
1370570,0.41757597389353457
1370571,0.41757597389353457
1370572,0.41757597389353457
1370573,0.41757597389353457
1370574,0.41757597389353457
1370575,0.3546919068789139
1370576,0.41757597389353457
1370577,0.41757597389353457
1370578,0.3546919068789139
1370579,0.3546919068789139
1370580,0.3546919068789139
1370582,0.3546919068789139
1370583,0.41757597389353457
1370584,0.3546919068789139
1370585,0.3546919068789139
1370587,0.3546919068789139
1370588,0.41757597389353457
1370590,0.5369732980689106
1370591,0.3546919068789139
1370592,0.3546919068789139
1370593,0.41757597389353457
1370594,0.3546919068789139
1370596,0.3546919068789139
1370597,0.41757597389353457
1370598,0.41757597389353457
1370599,0.41757597389353457
1370600,0.3546919068789139
1370603,0.3546919068789139
1370604,0.41757597389353457
1370606,0.3546919068789139
1370608,0.3546919068789139
1370609,0.41757597389353457
1370610,0.5369732980689106
1370611,0.3546919068789139
1370954,0.3546919068789139
1370955,0.41757597389353457
1370956,0.5369732980689106
1370957,0.3546919068789139
1370958,0.41757597389353457
1370959,0.3546919068789139
1370962,0.5369732980689106
1370963,0.3546919068789139
1370964,0.3546919068789139
1370965,0.3546919068789139
1370966,0.5369732980689106
1370968,0.3546919068789139
1370970,0.3546919068789139
1370971,0.41757597389353457
1370972,0.41757597389353457
1370973,0.41757597389353457
1370975,0.3546919068789139
1370976,0.41757597389353457
1370977,0.3546919068789139
1370980,0.41757597389353457
1370985,0.3546919068789139
1370989,0.41757597389353457
1370991,0.3546919068789139
1370992,0.3546919068789139
1370994,0.3546919068789139
1370998,0.3546919068789139
1370999,0.41757597389353457
1371000,0.3546919068789139
1371001,0.3546919068789139
1371003,0.3546919068789139
1371004,0.3546919068789139
1371005,0.3546919068789139
1371006,0.3546919068789139
1371008,0.3546919068789139
1371009,0.41757597389353457
1371011,0.5369732980689106
1371012,0.3546919068789139
1371013,0.5369732980689106
1371014,0.41757597389353457
1371016,0.3546919068789139
1371017,0.5369732980689106
1371018,0.5369732980689106
1371019,0.3546919068789139
1371020,0.3546919068789139
1371021,0.3546919068789139
1371022,0.5369732980689106
1371023,0.3546919068789139
1371024,0.3546919068789139
1371030,0.3546919068789139
1371031,0.41757597389353457
1371032,0.41757597389353457
1371035,0.3546919068789139
1371036,0.3546919068789139
1371038,0.3546919068789139
1371039,0.3546919068789139
1371040,0.3546919068789139
1371041,0.3546919068789139
1371042,0.41757597389353457
1371045,0.3546919068789139
1371046,0.3546919068789139
1371048,0.3546919068789139
1371049,0.3546919068789139
1371050,0.3546919068789139
1371051,0.3546919068789139
1371053,0.41757597389353457
1371054,0.5369732980689106
1371055,0.3546919068789139
1371056,0.3546919068789139
1371057,0.41757597389353457
1371059,0.41757597389353457
1371061,0.3546919068789139
1371063,0.3546919068789139
1371065,0.41757597389353457
1371066,0.41757597389353457
1371067,0.3546919068789139
1371069,0.3546919068789139
1371070,0.41757597389353457
1371071,0.5369732980689106
1371072,0.41757597389353457
1371076,0.3546919068789139
1371077,0.3546919068789139
1371078,0.5369732980689106
1371081,0.5369732980689106
1371082,0.5369732980689106
1371084,0.3546919068789139
1371085,0.3546919068789139
1371087,0.41757597389353457
1371092,0.3546919068789139
1371093,0.41757597389353457
1371095,0.3546919068789139
1371096,0.3546919068789139
1371097,0.3546919068789139
1371098,0.41757597389353457
1371099,0.41757597389353457
1371100,0.3546919068789139
1371103,0.3546919068789139
1371104,0.5369732980689106
1371106,0.41757597389353457
1371107,0.41757597389353457
1371110,0.3546919068789139
1371111,0.41757597389353457
1371112,0.41757597389353457
1371113,0.3546919068789139
1371115,0.3546919068789139
1371116,0.3546919068789139
1371117,0.5369732980689106
1371119,0.3546919068789139
1371120,0.3546919068789139
1371121,0.41757597389353457
1371122,0.41757597389353457
1371126,0.5369732980689106
1371128,0.41757597389353457
1371130,0.41757597389353457
1371131,0.3546919068789139
1371133,0.3546919068789139
1371134,0.3546919068789139
1371136,0.5369732980689106
1371138,0.3546919068789139
1371139,0.41757597389353457
1371140,0.3546919068789139
1371142,0.3546919068789139
1371143,0.5369732980689106
1371144,0.3546919068789139
1371145,0.3546919068789139
1371147,0.5369732980689106
1371148,0.5369732980689106
1371150,0.3546919068789139
1371151,0.3546919068789139
1371153,0.5369732980689106
1371154,0.5369732980689106
1371155,0.5369732980689106
1371159,0.41757597389353457
1371160,0.41757597389353457
1371161,0.41757597389353457
1371163,0.41757597389353457
1371164,0.3546919068789139
1371165,0.3546919068789139
1371167,0.41757597389353457
1371169,0.41757597389353457
1371170,0.41757597389353457
1371172,0.3546919068789139
1371173,0.3546919068789139
1371175,0.3546919068789139
1371177,0.41757597389353457
1371179,0.41757597389353457
1371180,0.41757597389353457
1371181,0.41757597389353457
1371182,0.3546919068789139
1371183,0.5369732980689106
1371184,0.3546919068789139
1371186,0.3546919068789139
1371188,0.41757597389353457
1371189,0.41757597389353457
1371192,0.3546919068789139
1371193,0.3546919068789139
1371194,0.5369732980689106
1371195,0.41757597389353457
1371197,0.41757597389353457
1371198,0.41757597389353457
1371199,0.41757597389353457
1371200,0.3546919068789139
1371201,0.41757597389353457
1371203,0.3546919068789139
1371204,0.41757597389353457
1371205,0.3546919068789139
1371206,0.3546919068789139
1371208,0.3546919068789139
1371210,0.3546919068789139
1371211,0.41757597389353457
1371212,0.41757597389353457
1371213,0.3546919068789139
1371214,0.3546919068789139
1371215,0.3546919068789139
1371216,0.3546919068789139
1371217,0.3546919068789139
1371218,0.41757597389353457
1371220,0.3546919068789139
1371222,0.41757597389353457
1371223,0.41757597389353457
1371225,0.3546919068789139
1371226,0.5369732980689106
1371227,0.3546919068789139
1371228,0.41757597389353457
1371229,0.3546919068789139
1371231,0.41757597389353457
1371232,0.3546919068789139
1371233,0.3546919068789139
1371235,0.3546919068789139
1371236,0.3546919068789139
1371237,0.3546919068789139
1371239,0.3546919068789139
1371241,0.5369732980689106
1371242,0.5369732980689106
1371243,0.3546919068789139
1371244,0.3546919068789139
1371246,0.3546919068789139
1371247,0.41757597389353457
1371248,0.3546919068789139
1371251,0.41757597389353457
1371252,0.3546919068789139
1371253,0.3546919068789139
1371254,0.5369732980689106
1371257,0.41757597389353457
1371260,0.41757597389353457
1371261,0.3546919068789139
1371262,0.3546919068789139
1371265,0.5369732980689106
1371266,0.3546919068789139
1371267,0.41757597389353457
1371269,0.5369732980689106
1371271,0.3546919068789139
1371272,0.3546919068789139
1371275,0.41757597389353457
1371278,0.41757597389353457
1371279,0.3546919068789139
1371280,0.3546919068789139
1371281,0.41757597389353457
1371282,0.41757597389353457
1371284,0.3546919068789139
1371285,0.3546919068789139
1371286,0.3546919068789139
1371287,0.3546919068789139
1371288,0.3546919068789139
1371289,0.3546919068789139
1371290,0.3546919068789139
1371291,0.5369732980689106
1371292,0.3546919068789139
1371294,0.41757597389353457
1371295,0.5369732980689106
1371296,0.3546919068789139
1371297,0.5369732980689106
1371298,0.41757597389353457
1371299,0.5369732980689106
1371300,0.5369732980689106
1371303,0.5369732980689106
1371305,0.41757597389353457
1371311,0.41757597389353457
1371312,0.41757597389353457
1371313,0.41757597389353457
1371314,0.41757597389353457
1371315,0.5369732980689106
1371317,0.3546919068789139
1371319,0.41757597389353457
1371320,0.3546919068789139
1371321,0.41757597389353457
1371322,0.3546919068789139
1371323,0.3546919068789139
1371324,0.3546919068789139
1371325,0.41757597389353457
1371326,0.41757597389353457
1371327,0.41757597389353457
1371328,0.41757597389353457
1371329,0.3546919068789139
1371330,0.5369732980689106
1371331,0.5369732980689106
1371332,0.3546919068789139
1371333,0.3546919068789139
1371334,0.41757597389353457
1371335,0.41757597389353457
1371336,0.5369732980689106
1371337,0.3546919068789139
1371339,0.5369732980689106
1371340,0.3546919068789139
1371342,0.3546919068789139
1371343,0.3546919068789139
1371344,0.5369732980689106
1371346,0.3546919068789139
1371347,0.3546919068789139
1371348,0.41757597389353457
1371349,0.5369732980689106
1371350,0.3546919068789139
1371351,0.3546919068789139
1371352,0.3546919068789139
1371354,0.3546919068789139
1371356,0.3546919068789139
1371357,0.5369732980689106
1371358,0.5369732980689106
1371360,0.41757597389353457
1371361,0.41757597389353457
1371362,0.41757597389353457
1371363,0.5369732980689106
1371365,0.3546919068789139
1371366,0.41757597389353457
1371369,0.5369732980689106
1371370,0.3546919068789139
1371371,0.3546919068789139
1371372,0.3546919068789139
1371374,0.41757597389353457
1371375,0.41757597389353457
1371376,0.3546919068789139
1371377,0.41757597389353457
1371378,0.41757597389353457
1371379,0.3546919068789139
1371380,0.41757597389353457
1371381,0.3546919068789139
1371382,0.3546919068789139
1371383,0.5369732980689106
1371390,0.3546919068789139
1371391,0.5369732980689106
1371393,0.41757597389353457
1371394,0.3546919068789139
1371396,0.3546919068789139
1371397,0.3546919068789139
1371398,0.3546919068789139
1371399,0.3546919068789139
1371402,0.5369732980689106
1371404,0.5369732980689106
1371405,0.3546919068789139
1371406,0.5369732980689106
1371409,0.3546919068789139
1371411,0.3546919068789139
1371412,0.5369732980689106
1371413,0.5369732980689106
1371414,0.41757597389353457
1371415,0.41757597389353457
1371416,0.41757597389353457
1371417,0.3546919068789139
1371418,0.41757597389353457
1371419,0.3546919068789139
1371420,0.3546919068789139
1371424,0.5369732980689106
1371425,0.3546919068789139
1371426,0.3546919068789139
1371430,0.5369732980689106
1371432,0.3546919068789139
1371433,0.3546919068789139
1371434,0.3546919068789139
1371435,0.3546919068789139
1371436,0.41757597389353457
1371437,0.41757597389353457
1371442,0.41757597389353457
1371443,0.3546919068789139
1371444,0.5369732980689106
1371445,0.41757597389353457
1371446,0.3546919068789139
1371447,0.41757597389353457
1371448,0.5369732980689106
1371449,0.3546919068789139
1371452,0.41757597389353457
1371453,0.3546919068789139
1371455,0.41757597389353457
1371456,0.3546919068789139
1371459,0.3546919068789139
1371460,0.5369732980689106
1371461,0.3546919068789139
1371462,0.3546919068789139
1371463,0.41757597389353457
1371464,0.3546919068789139
1371465,0.3546919068789139
1371466,0.41757597389353457
1371468,0.41757597389353457
1371469,0.41757597389353457
1371470,0.41757597389353457
1371471,0.3546919068789139
1371473,0.3546919068789139
1371475,0.3546919068789139
1371476,0.3546919068789139
1371477,0.3546919068789139
1371479,0.41757597389353457
1371480,0.5369732980689106
1371481,0.3546919068789139
1371484,0.3546919068789139
1371485,0.3546919068789139
1371487,0.3546919068789139
1371488,0.41757597389353457
1371489,0.41757597389353457
1371490,0.3546919068789139
1371491,0.5369732980689106
1371492,0.3546919068789139
1371493,0.41757597389353457
1371494,0.3546919068789139
1371495,0.5369732980689106
1371496,0.3546919068789139
1371497,0.5369732980689106
1371499,0.3546919068789139
1371500,0.5369732980689106
1371501,0.41757597389353457
1371502,0.5369732980689106
1371503,0.41757597389353457
1371504,0.3546919068789139
1371505,0.5369732980689106
1371506,0.41757597389353457
1371508,0.41757597389353457
1371509,0.3546919068789139
1371510,0.3546919068789139
1371511,0.3546919068789139
1371512,0.3546919068789139
1371513,0.5369732980689106
1371515,0.41757597389353457
1371517,0.41757597389353457
1371518,0.3546919068789139
1371519,0.5369732980689106
1371520,0.5369732980689106
1371522,0.3546919068789139
1371523,0.41757597389353457
1371524,0.5369732980689106
1371525,0.3546919068789139
1371526,0.3546919068789139
1371527,0.41757597389353457
1371528,0.41757597389353457
1371529,0.5369732980689106
1371530,0.41757597389353457
1371531,0.3546919068789139
1371532,0.3546919068789139
1371533,0.5369732980689106
1371535,0.5369732980689106
1371536,0.3546919068789139
1371537,0.5369732980689106
1371538,0.3546919068789139
1371539,0.3546919068789139
1371540,0.3546919068789139
1371541,0.3546919068789139
1371542,0.41757597389353457
1371543,0.41757597389353457
1371544,0.3546919068789139
1371546,0.3546919068789139
1371547,0.41757597389353457
1371548,0.41757597389353457
1371549,0.41757597389353457
1371551,0.41757597389353457
1371552,0.41757597389353457
1371553,0.3546919068789139
1371554,0.3546919068789139
1371555,0.5369732980689106
1371556,0.41757597389353457
1371558,0.3546919068789139
1371559,0.41757597389353457
1371560,0.41757597389353457
1371561,0.3546919068789139
1371562,0.3546919068789139
1371563,0.41757597389353457
1371564,0.3546919068789139
1371565,0.41757597389353457
1371566,0.41757597389353457
1371567,0.5369732980689106
1371568,0.3546919068789139
1371569,0.3546919068789139
1371571,0.3546919068789139
1371572,0.41757597389353457
1371573,0.41757597389353457
1371574,0.3546919068789139
1371575,0.3546919068789139
1371577,0.3546919068789139
1371578,0.3546919068789139
1371579,0.41757597389353457
1371580,0.5369732980689106
1371582,0.41757597389353457
1371583,0.41757597389353457
1371584,0.3546919068789139
1371585,0.41757597389353457
1371586,0.3546919068789139
1371587,0.3546919068789139
1371588,0.3546919068789139
1371591,0.3546919068789139
1371592,0.3546919068789139
1371593,0.3546919068789139
1371595,0.41757597389353457
1371596,0.3546919068789139
1371597,0.41757597389353457
1371598,0.41757597389353457
1371601,0.3546919068789139
1371602,0.3546919068789139
1371605,0.3546919068789139
1371606,0.3546919068789139
1371607,0.3546919068789139
1371608,0.3546919068789139
1371610,0.3546919068789139
1371611,0.41757597389353457
1371614,0.3546919068789139
1371615,0.41757597389353457
1371616,0.5369732980689106
1371619,0.5369732980689106
1371620,0.3546919068789139
1371622,0.3546919068789139
1371623,0.41757597389353457
1371624,0.5369732980689106
1371627,0.41757597389353457
1371628,0.3546919068789139
1371630,0.3546919068789139
1371631,0.41757597389353457
1371632,0.3546919068789139
1371633,0.3546919068789139
1371634,0.5369732980689106
1371635,0.3546919068789139
1371636,0.41757597389353457
1371637,0.41757597389353457
1371638,0.41757597389353457
1371639,0.3546919068789139
1371640,0.3546919068789139
1371642,0.3546919068789139
1371643,0.41757597389353457
1371645,0.3546919068789139
1371646,0.3546919068789139
1371649,0.5369732980689106
1371651,0.3546919068789139
1371652,0.3546919068789139
1371653,0.3546919068789139
1371654,0.41757597389353457
1371655,0.41757597389353457
1371656,0.3546919068789139
1371657,0.5369732980689106
1371659,0.5369732980689106
1371660,0.3546919068789139
1371661,0.3546919068789139
1371662,0.3546919068789139
1371663,0.5369732980689106
1371665,0.3546919068789139
1371666,0.3546919068789139
1371669,0.5369732980689106
1371671,0.41757597389353457
1371672,0.5369732980689106
1371673,0.3546919068789139
1371675,0.3546919068789139
1371678,0.3546919068789139
1371680,0.5369732980689106
1371682,0.3546919068789139
1371683,0.41757597389353457
1371684,0.3546919068789139
1371685,0.3546919068789139
1371687,0.3546919068789139
1371688,0.3546919068789139
1371689,0.41757597389353457
1371690,0.3546919068789139
1371692,0.3546919068789139
1371695,0.41757597389353457
1371697,0.3546919068789139
1371699,0.41757597389353457
1371701,0.3546919068789139
1371703,0.41757597389353457
1371704,0.41757597389353457
1371706,0.3546919068789139
1371707,0.3546919068789139
1371708,0.3546919068789139
1371709,0.5369732980689106
1371710,0.5369732980689106
1371711,0.41757597389353457
1371713,0.3546919068789139
1371714,0.41757597389353457
1371715,0.5369732980689106
1371717,0.41757597389353457
1371719,0.5369732980689106
1371720,0.41757597389353457
1371721,0.5369732980689106
1371722,0.41757597389353457
1371723,0.41757597389353457
1371725,0.3546919068789139
1371726,0.41757597389353457
1371728,0.5369732980689106
1371730,0.3546919068789139
1371732,0.41757597389353457
1371734,0.5369732980689106
1371735,0.3546919068789139
1371736,0.41757597389353457
1371737,0.41757597389353457
1371738,0.41757597389353457
1371739,0.41757597389353457
1371740,0.3546919068789139
1371741,0.3546919068789139
1371742,0.3546919068789139
1371744,0.3546919068789139
1371745,0.3546919068789139
1371746,0.3546919068789139
1371747,0.41757597389353457
1371748,0.3546919068789139
1371749,0.5369732980689106
1371750,0.3546919068789139
1371751,0.41757597389353457
1371752,0.3546919068789139
1371753,0.5369732980689106
1371754,0.3546919068789139
1371755,0.5369732980689106
1371757,0.41757597389353457
1371758,0.5369732980689106
1371759,0.3546919068789139
1371760,0.3546919068789139
1371761,0.5369732980689106
1371762,0.3546919068789139
1371763,0.3546919068789139
1371764,0.3546919068789139
1371765,0.3546919068789139
1371766,0.3546919068789139
1371767,0.5369732980689106
1371768,0.3546919068789139
1371769,0.41757597389353457
1371770,0.41757597389353457
1371771,0.41757597389353457
1371772,0.3546919068789139
1371775,0.3546919068789139
1371776,0.3546919068789139
1371777,0.41757597389353457
1371778,0.3546919068789139
1371779,0.41757597389353457
1371780,0.3546919068789139
1371781,0.3546919068789139
1371782,0.41757597389353457
1371783,0.41757597389353457
1371784,0.5369732980689106
1371786,0.41757597389353457
1371787,0.41757597389353457
1371790,0.3546919068789139
1371791,0.3546919068789139
1371793,0.3546919068789139
1371794,0.3546919068789139
1371795,0.5369732980689106
1371800,0.41757597389353457
1371802,0.3546919068789139
1371804,0.5369732980689106
1371808,0.3546919068789139
1371809,0.5369732980689106
1371810,0.3546919068789139
1371811,0.5369732980689106
1371812,0.41757597389353457
1371813,0.5369732980689106
1371814,0.41757597389353457
1371815,0.3546919068789139
1371816,0.41757597389353457
1371817,0.5369732980689106
1371818,0.41757597389353457
1371819,0.41757597389353457
1371821,0.3546919068789139
1371822,0.41757597389353457
1371823,0.41757597389353457
1371824,0.5369732980689106
1371825,0.41757597389353457
1371826,0.41757597389353457
1371828,0.41757597389353457
1371829,0.5369732980689106
1371830,0.5369732980689106
1371831,0.3546919068789139
1371834,0.41757597389353457
1371835,0.5369732980689106
1371837,0.3546919068789139
1371838,0.41757597389353457
1371839,0.41757597389353457
1371840,0.3546919068789139
1371841,0.3546919068789139
1371843,0.41757597389353457
1371844,0.3546919068789139
1371846,0.41757597389353457
1371848,0.3546919068789139
1371851,0.3546919068789139
1371852,0.41757597389353457
1371853,0.41757597389353457
1371854,0.5369732980689106
1371855,0.3546919068789139
1371856,0.5369732980689106
1371857,0.3546919068789139
1371859,0.3546919068789139
1371860,0.3546919068789139
1371861,0.3546919068789139
1371863,0.3546919068789139
1371868,0.3546919068789139
1371873,0.41757597389353457
1371874,0.41757597389353457
1371875,0.41757597389353457
1371876,0.41757597389353457
1371877,0.3546919068789139
1371878,0.3546919068789139
1371885,0.3546919068789139
1371886,0.3546919068789139
1371887,0.3546919068789139
1371888,0.41757597389353457
1371889,0.3546919068789139
1371890,0.3546919068789139
1371891,0.3546919068789139
1371892,0.5369732980689106
1371895,0.3546919068789139
1371896,0.3546919068789139
1371897,0.3546919068789139
1371902,0.3546919068789139
1371903,0.3546919068789139
1371904,0.41757597389353457
1371906,0.41757597389353457
1371907,0.3546919068789139
1371908,0.3546919068789139
1371909,0.3546919068789139
1371910,0.3546919068789139
1371914,0.5369732980689106
1371915,0.5369732980689106
1371916,0.3546919068789139
1371918,0.3546919068789139
1371920,0.3546919068789139
1371921,0.3546919068789139
1371923,0.3546919068789139
1371924,0.3546919068789139
1371925,0.3546919068789139
1371926,0.3546919068789139
1371927,0.3546919068789139
1371928,0.3546919068789139
1371932,0.41757597389353457
1371934,0.3546919068789139
1371936,0.3546919068789139
1371937,0.41757597389353457
1371938,0.41757597389353457
1371939,0.41757597389353457
1371940,0.3546919068789139
1371941,0.3546919068789139
1371942,0.41757597389353457
1371943,0.41757597389353457
1371944,0.3546919068789139
1371945,0.3546919068789139
1371946,0.3546919068789139
1371947,0.3546919068789139
1371948,0.3546919068789139
1371949,0.41757597389353457
1371950,0.41757597389353457
1371952,0.3546919068789139
1371955,0.41757597389353457
1371956,0.3546919068789139
1371957,0.3546919068789139
1371959,0.3546919068789139
1371960,0.41757597389353457
1371961,0.41757597389353457
1371962,0.3546919068789139
1371963,0.3546919068789139
1371964,0.3546919068789139
1371965,0.3546919068789139
1371966,0.41757597389353457
1371969,0.5369732980689106
1371970,0.41757597389353457
1371971,0.3546919068789139
1371972,0.3546919068789139
1371973,0.41757597389353457
1371974,0.41757597389353457
1371975,0.3546919068789139
1371977,0.3546919068789139
1371978,0.3546919068789139
1371980,0.3546919068789139
1371981,0.41757597389353457
1371982,0.41757597389353457
1371984,0.3546919068789139
1371985,0.41757597389353457
1371986,0.3546919068789139
1371988,0.3546919068789139
1371989,0.5369732980689106
1371990,0.3546919068789139
1371991,0.3546919068789139
1371993,0.41757597389353457
1371994,0.3546919068789139
1371995,0.5369732980689106
1371997,0.41757597389353457
1371998,0.41757597389353457
1371999,0.41757597389353457
1372000,0.3546919068789139
1372002,0.41757597389353457
1372003,0.41757597389353457
1372006,0.41757597389353457
1372007,0.3546919068789139
1372008,0.3546919068789139
1372010,0.3546919068789139
1372011,0.3546919068789139
1372012,0.41757597389353457
1372013,0.3546919068789139
1372016,0.5369732980689106
1372017,0.3546919068789139
1372018,0.3546919068789139
1372020,0.3546919068789139
1372021,0.5369732980689106
1372022,0.3546919068789139
1372024,0.41757597389353457
1372025,0.41757597389353457
1372026,0.41757597389353457
1372027,0.41757597389353457
1372028,0.3546919068789139
1372029,0.41757597389353457
1372031,0.41757597389353457
1372033,0.3546919068789139
1372034,0.3546919068789139
1372035,0.41757597389353457
1372036,0.5369732980689106
1372038,0.41757597389353457
1372039,0.41757597389353457
1372040,0.3546919068789139
1372043,0.41757597389353457
1372044,0.41757597389353457
1372047,0.3546919068789139
1372048,0.3546919068789139
1372050,0.3546919068789139
1372051,0.41757597389353457
1372052,0.5369732980689106
1372053,0.3546919068789139
1372054,0.41757597389353457
1372055,0.41757597389353457
1372056,0.3546919068789139
1372057,0.3546919068789139
1372058,0.41757597389353457
1372059,0.41757597389353457
1372060,0.41757597389353457
1372061,0.3546919068789139
1372062,0.41757597389353457
1372063,0.5369732980689106
1372064,0.41757597389353457
1372065,0.3546919068789139
1372066,0.3546919068789139
1372067,0.3546919068789139
1372069,0.5369732980689106
1372070,0.3546919068789139
1372071,0.5369732980689106
1372073,0.3546919068789139
1372075,0.5369732980689106
1372077,0.5369732980689106
1372078,0.41757597389353457
1372079,0.3546919068789139
1372081,0.41757597389353457
1372082,0.5369732980689106
1372083,0.3546919068789139
1372085,0.3546919068789139
1372086,0.3546919068789139
1372087,0.3546919068789139
1372088,0.5369732980689106
1372089,0.41757597389353457
1372090,0.3546919068789139
1372091,0.41757597389353457
1372092,0.3546919068789139
1372093,0.5369732980689106
1372094,0.5369732980689106
1372096,0.5369732980689106
1372097,0.41757597389353457
1372098,0.41757597389353457
1372099,0.3546919068789139
1372102,0.3546919068789139
1372103,0.5369732980689106
1372104,0.3546919068789139
1372105,0.3546919068789139
1372107,0.41757597389353457
1372108,0.3546919068789139
1372109,0.5369732980689106
1372110,0.3546919068789139
1372111,0.41757597389353457
1372113,0.3546919068789139
1372114,0.41757597389353457
1372115,0.41757597389353457
1372116,0.3546919068789139
1372117,0.41757597389353457
1372118,0.3546919068789139
1372119,0.3546919068789139
1372122,0.41757597389353457
1372123,0.41757597389353457
1372124,0.41757597389353457
1372126,0.5369732980689106
1372129,0.3546919068789139
1372131,0.3546919068789139
1372132,0.41757597389353457
1372135,0.41757597389353457
1372136,0.41757597389353457
1372137,0.41757597389353457
1372142,0.3546919068789139
1372143,0.41757597389353457
1372144,0.5369732980689106
1372146,0.5369732980689106
1372148,0.3546919068789139
1372149,0.41757597389353457
1372150,0.5369732980689106
1372154,0.41757597389353457
1372156,0.3546919068789139
1372157,0.41757597389353457
1372158,0.3546919068789139
1372160,0.3546919068789139
1372161,0.3546919068789139
1372162,0.41757597389353457
1372163,0.3546919068789139
1372165,0.3546919068789139
1372167,0.3546919068789139
1372169,0.5369732980689106
1372170,0.3546919068789139
1372171,0.3546919068789139
1372172,0.3546919068789139
1372173,0.41757597389353457
1372174,0.41757597389353457
1372175,0.41757597389353457
1372176,0.5369732980689106
1372178,0.41757597389353457
1372179,0.3546919068789139
1372180,0.3546919068789139
1372181,0.5369732980689106
1372182,0.41757597389353457
1372183,0.3546919068789139
1372184,0.3546919068789139
1372185,0.41757597389353457
1372186,0.3546919068789139
1372187,0.3546919068789139
1372188,0.3546919068789139
1372189,0.3546919068789139
1372190,0.3546919068789139
1372191,0.5369732980689106
1372192,0.5369732980689106
1372194,0.41757597389353457
1372195,0.41757597389353457
1372198,0.3546919068789139
1372199,0.41757597389353457
1372200,0.5369732980689106
1372201,0.5369732980689106
1372202,0.3546919068789139
1372203,0.41757597389353457
1372204,0.3546919068789139
1372205,0.3546919068789139
1372207,0.41757597389353457
1372209,0.3546919068789139
1372210,0.3546919068789139
1372211,0.3546919068789139
1372212,0.41757597389353457
1372214,0.41757597389353457
1372215,0.41757597389353457
1372217,0.3546919068789139
1372219,0.5369732980689106
1372220,0.41757597389353457
1372221,0.3546919068789139
1372222,0.3546919068789139
1372224,0.3546919068789139
1372225,0.41757597389353457
1372226,0.3546919068789139
1372228,0.41757597389353457
1372230,0.41757597389353457
1372231,0.3546919068789139
1372232,0.41757597389353457
1372237,0.3546919068789139
1372240,0.5369732980689106
1372241,0.3546919068789139
1372244,0.3546919068789139
1372245,0.3546919068789139
1372246,0.41757597389353457
1372248,0.5369732980689106
1372249,0.3546919068789139
1372250,0.3546919068789139
1372251,0.41757597389353457
1372252,0.41757597389353457
1372253,0.3546919068789139
1372255,0.41757597389353457
1372258,0.3546919068789139
1372259,0.3546919068789139
1372260,0.5369732980689106
1372264,0.41757597389353457
1372265,0.5369732980689106
1372266,0.41757597389353457
1372268,0.41757597389353457
1372269,0.3546919068789139
1372270,0.3546919068789139
1372271,0.3546919068789139
1372272,0.41757597389353457
1372273,0.3546919068789139
1372274,0.3546919068789139
1372275,0.5369732980689106
1372276,0.5369732980689106
1372277,0.3546919068789139
1372278,0.3546919068789139
1372279,0.3546919068789139
1372280,0.3546919068789139
1372281,0.3546919068789139
1372282,0.3546919068789139
1372283,0.41757597389353457
1372284,0.41757597389353457
1372285,0.3546919068789139
1372290,0.3546919068789139
1372291,0.41757597389353457
1372292,0.41757597389353457
1372294,0.3546919068789139
1372295,0.5369732980689106
1372296,0.3546919068789139
1372297,0.5369732980689106
1372298,0.3546919068789139
1372299,0.41757597389353457
1372300,0.41757597389353457
1372302,0.3546919068789139
1372303,0.41757597389353457
1372305,0.3546919068789139
1372306,0.41757597389353457
1372307,0.3546919068789139
1372309,0.3546919068789139
1372310,0.5369732980689106
1372311,0.5369732980689106
1372312,0.3546919068789139
1372313,0.41757597389353457
1372314,0.3546919068789139
1372315,0.41757597389353457
1372316,0.5369732980689106
1372317,0.41757597389353457
1372322,0.5369732980689106
1372324,0.41757597389353457
1372325,0.3546919068789139
1372326,0.3546919068789139
1372327,0.41757597389353457
1372328,0.3546919068789139
1372329,0.3546919068789139
1372330,0.41757597389353457
1372331,0.41757597389353457
1372332,0.3546919068789139
1372333,0.3546919068789139
1372334,0.3546919068789139
1372335,0.5369732980689106
1372337,0.3546919068789139
1372339,0.41757597389353457
1372340,0.41757597389353457
1372341,0.3546919068789139
1372342,0.41757597389353457
1372343,0.3546919068789139
1372344,0.41757597389353457
1372345,0.3546919068789139
1372346,0.5369732980689106
1372347,0.5369732980689106
1372349,0.5369732980689106
1372350,0.41757597389353457
1372351,0.3546919068789139
1372352,0.3546919068789139
1372354,0.41757597389353457
1372355,0.41757597389353457
1372356,0.3546919068789139
1372357,0.41757597389353457
1372358,0.3546919068789139
1372359,0.3546919068789139
1372360,0.41757597389353457
1372361,0.41757597389353457
1372362,0.5369732980689106
1372363,0.3546919068789139
1372364,0.3546919068789139
1372366,0.41757597389353457
1372367,0.3546919068789139
1372369,0.3546919068789139
1372370,0.5369732980689106
1372371,0.3546919068789139
1372373,0.3546919068789139
1372374,0.3546919068789139
1372375,0.41757597389353457
1372377,0.41757597389353457
1372379,0.3546919068789139
1372382,0.3546919068789139
1372383,0.5369732980689106
1372384,0.3546919068789139
1372385,0.3546919068789139
1372387,0.5369732980689106
1372388,0.5369732980689106
1372390,0.3546919068789139
1372391,0.41757597389353457
1372392,0.3546919068789139
1372393,0.3546919068789139
1372395,0.5369732980689106
1372397,0.41757597389353457
1372398,0.41757597389353457
1372399,0.5369732980689106
1372401,0.3546919068789139
1372405,0.5369732980689106
1372406,0.3546919068789139
1372407,0.3546919068789139
1372408,0.3546919068789139
1372409,0.41757597389353457
1372410,0.3546919068789139
1372411,0.3546919068789139
1372412,0.3546919068789139
1372413,0.41757597389353457
1372414,0.3546919068789139
1372415,0.3546919068789139
1372416,0.5369732980689106
1372417,0.3546919068789139
1372420,0.3546919068789139
1372423,0.41757597389353457
1372424,0.41757597389353457
1372425,0.41757597389353457
1372427,0.41757597389353457
1372428,0.41757597389353457
1372429,0.41757597389353457
1372430,0.3546919068789139
1372431,0.3546919068789139
1372432,0.3546919068789139
1372434,0.3546919068789139
1372435,0.5369732980689106
1372436,0.3546919068789139
1372439,0.41757597389353457
1372441,0.3546919068789139
1372442,0.3546919068789139
1372443,0.3546919068789139
1372445,0.3546919068789139
1372446,0.3546919068789139
1372447,0.3546919068789139
1372448,0.5369732980689106
1372450,0.3546919068789139
1372453,0.3546919068789139
1372456,0.41757597389353457
1372458,0.3546919068789139
1372463,0.3546919068789139
1372464,0.3546919068789139
1372465,0.3546919068789139
1372466,0.3546919068789139
1372469,0.3546919068789139
1372470,0.3546919068789139
1372471,0.5369732980689106
1372472,0.41757597389353457
1372474,0.3546919068789139
1372476,0.41757597389353457
1372477,0.3546919068789139
1372478,0.3546919068789139
1372479,0.3546919068789139
1372480,0.41757597389353457
1372481,0.3546919068789139
1372482,0.3546919068789139
1372483,0.3546919068789139
1372484,0.5369732980689106
1372486,0.3546919068789139
1372488,0.3546919068789139
1372489,0.41757597389353457
1372491,0.41757597389353457
1372492,0.41757597389353457
1372493,0.5369732980689106
1372496,0.3546919068789139
1372497,0.3546919068789139
1372498,0.41757597389353457
1372499,0.41757597389353457
1372500,0.3546919068789139
1372503,0.5369732980689106
1372504,0.5369732980689106
1372505,0.3546919068789139
1372506,0.3546919068789139
1372507,0.41757597389353457
1372508,0.3546919068789139
1372509,0.41757597389353457
1372510,0.3546919068789139
1372513,0.3546919068789139
1372514,0.3546919068789139
1372515,0.3546919068789139
1372516,0.5369732980689106
1372517,0.41757597389353457
1372518,0.41757597389353457
1372519,0.5369732980689106
1372520,0.41757597389353457
1372521,0.41757597389353457
1372522,0.5369732980689106
1372523,0.41757597389353457
1372525,0.3546919068789139
1372526,0.41757597389353457
1372527,0.3546919068789139
1372529,0.3546919068789139
1372530,0.3546919068789139
1372531,0.3546919068789139
1372532,0.3546919068789139
1372533,0.3546919068789139
1372535,0.41757597389353457
1372536,0.3546919068789139
1372537,0.3546919068789139
1372538,0.41757597389353457
1372539,0.3546919068789139
1372541,0.3546919068789139
1372542,0.41757597389353457
1372543,0.3546919068789139
1372545,0.3546919068789139
1372546,0.41757597389353457
1372547,0.3546919068789139
1372553,0.5369732980689106
1372554,0.41757597389353457
1372555,0.41757597389353457
1372556,0.3546919068789139
1372557,0.3546919068789139
1372558,0.5369732980689106
1372560,0.3546919068789139
1372561,0.41757597389353457
1372563,0.5369732980689106
1372564,0.3546919068789139
1372568,0.41757597389353457
1372569,0.3546919068789139
1372570,0.3546919068789139
1372572,0.5369732980689106
1372574,0.3546919068789139
1372575,0.5369732980689106
1372577,0.3546919068789139
1372578,0.3546919068789139
1372580,0.41757597389353457
1372582,0.5369732980689106
1372583,0.5369732980689106
1372584,0.5369732980689106
1372585,0.3546919068789139
1372586,0.3546919068789139
1372587,0.3546919068789139
1372588,0.3546919068789139
1372589,0.3546919068789139
1372590,0.3546919068789139
1372592,0.3546919068789139
1372593,0.3546919068789139
1372594,0.3546919068789139
1372595,0.5369732980689106
1372596,0.3546919068789139
1372597,0.3546919068789139
1372599,0.5369732980689106
1372600,0.3546919068789139
1372601,0.5369732980689106
1372602,0.41757597389353457
1372603,0.3546919068789139
1372604,0.5369732980689106
1372605,0.41757597389353457
1372606,0.3546919068789139
1372608,0.3546919068789139
1372609,0.41757597389353457
1372611,0.3546919068789139
1372612,0.41757597389353457
1372613,0.41757597389353457
1372614,0.41757597389353457
1372615,0.41757597389353457
1372616,0.5369732980689106
1372617,0.41757597389353457
1372620,0.3546919068789139
1372622,0.41757597389353457
1372623,0.41757597389353457
1372624,0.3546919068789139
1372625,0.41757597389353457
1372627,0.3546919068789139
1372628,0.41757597389353457
1372629,0.3546919068789139
1372630,0.41757597389353457
1372631,0.5369732980689106
1372634,0.41757597389353457
1372635,0.3546919068789139
1372641,0.41757597389353457
1372642,0.41757597389353457
1372645,0.5369732980689106
1372646,0.3546919068789139
1372647,0.3546919068789139
1372648,0.3546919068789139
1372652,0.3546919068789139
1372654,0.5369732980689106
1372655,0.3546919068789139
1372656,0.41757597389353457
1372657,0.41757597389353457
1372658,0.3546919068789139
1372660,0.3546919068789139
1372661,0.41757597389353457
1372662,0.3546919068789139
1372663,0.3546919068789139
1372664,0.3546919068789139
1372666,0.3546919068789139
1372667,0.3546919068789139
1372669,0.3546919068789139
1372670,0.3546919068789139
1372671,0.3546919068789139
1372672,0.3546919068789139
1372673,0.3546919068789139
1372674,0.3546919068789139
1372677,0.3546919068789139
1372678,0.3546919068789139
1372680,0.41757597389353457
1372681,0.41757597389353457
1372683,0.41757597389353457
1372685,0.41757597389353457
1372686,0.41757597389353457
1372687,0.41757597389353457
1372688,0.3546919068789139
1372689,0.3546919068789139
1372690,0.41757597389353457
1372692,0.41757597389353457
1372693,0.5369732980689106
1372696,0.41757597389353457
1372698,0.3546919068789139
1372699,0.3546919068789139
1372700,0.41757597389353457
1372701,0.3546919068789139
1372702,0.5369732980689106
1372703,0.3546919068789139
1372704,0.3546919068789139
1372705,0.3546919068789139
1372706,0.41757597389353457
1372707,0.3546919068789139
1372708,0.5369732980689106
1372709,0.3546919068789139
1372710,0.3546919068789139
1372711,0.41757597389353457
1372712,0.3546919068789139
1372714,0.3546919068789139
1372716,0.3546919068789139
1372717,0.41757597389353457
1372718,0.41757597389353457
1372719,0.3546919068789139
1372723,0.41757597389353457
1372724,0.3546919068789139
1372725,0.41757597389353457
1372727,0.41757597389353457
1372729,0.41757597389353457
1372730,0.41757597389353457
1372733,0.5369732980689106
1372734,0.41757597389353457
1372735,0.5369732980689106
1372737,0.3546919068789139
1372739,0.5369732980689106
1372740,0.41757597389353457
1372741,0.41757597389353457
1372742,0.41757597389353457
1372743,0.41757597389353457
1372746,0.41757597389353457
1372748,0.5369732980689106
1372753,0.41757597389353457
1372754,0.5369732980689106
1372755,0.3546919068789139
1372757,0.3546919068789139
1372758,0.3546919068789139
1372760,0.3546919068789139
1372766,0.41757597389353457
1372767,0.3546919068789139
1372768,0.41757597389353457
1372769,0.3546919068789139
1372770,0.3546919068789139
1372774,0.3546919068789139
1372775,0.3546919068789139
1372779,0.3546919068789139
1372780,0.3546919068789139
1372782,0.41757597389353457
1372784,0.41757597389353457
1372785,0.3546919068789139
1372786,0.41757597389353457
1372787,0.41757597389353457
1372788,0.41757597389353457
1372789,0.3546919068789139
1372790,0.3546919068789139
1372791,0.5369732980689106
1372792,0.41757597389353457
1372793,0.41757597389353457
1372794,0.5369732980689106
1372797,0.3546919068789139
1372798,0.3546919068789139
1372799,0.41757597389353457
1372800,0.3546919068789139
1372801,0.41757597389353457
1372804,0.41757597389353457
1372805,0.41757597389353457
1372806,0.41757597389353457
1372807,0.41757597389353457
1372809,0.3546919068789139
1372810,0.41757597389353457
1372812,0.41757597389353457
1372813,0.3546919068789139
1372814,0.41757597389353457
1372815,0.3546919068789139
1372816,0.3546919068789139
1372817,0.41757597389353457
1372819,0.5369732980689106
1372820,0.3546919068789139
1372822,0.3546919068789139
1372825,0.41757597389353457
1372826,0.3546919068789139
1372827,0.3546919068789139
1372829,0.5369732980689106
1372830,0.5369732980689106
1372831,0.3546919068789139
1372833,0.41757597389353457
1372834,0.3546919068789139
1372836,0.3546919068789139
1372837,0.41757597389353457
1372838,0.3546919068789139
1372840,0.3546919068789139
1372841,0.3546919068789139
1372843,0.5369732980689106
1372844,0.3546919068789139
1372847,0.41757597389353457
1372848,0.3546919068789139
1372849,0.3546919068789139
1372850,0.3546919068789139
1372851,0.5369732980689106
1372852,0.3546919068789139
1372853,0.5369732980689106
1372854,0.5369732980689106
1372855,0.5369732980689106
1372856,0.3546919068789139
1372858,0.41757597389353457
1372859,0.3546919068789139
1372861,0.3546919068789139
1372862,0.3546919068789139
1372864,0.3546919068789139
1372865,0.5369732980689106
1372866,0.5369732980689106
1372867,0.3546919068789139
1372868,0.41757597389353457
1372870,0.3546919068789139
1372871,0.3546919068789139
1372872,0.3546919068789139
1372873,0.41757597389353457
1372874,0.41757597389353457
1372875,0.5369732980689106
1372876,0.3546919068789139
1372877,0.3546919068789139
1372878,0.3546919068789139
1372879,0.3546919068789139
1372880,0.5369732980689106
1372883,0.3546919068789139
1372884,0.3546919068789139
1372885,0.3546919068789139
1372886,0.3546919068789139
1372887,0.3546919068789139
1372888,0.5369732980689106
1372889,0.3546919068789139
1372890,0.41757597389353457
1372891,0.41757597389353457
1372892,0.41757597389353457
1372894,0.3546919068789139
1372895,0.3546919068789139
1372896,0.3546919068789139
1372901,0.41757597389353457
1372902,0.41757597389353457
1372903,0.41757597389353457
1372904,0.3546919068789139
1372905,0.41757597389353457
1372906,0.3546919068789139
1372907,0.3546919068789139
1372908,0.41757597389353457
1372909,0.3546919068789139
1372912,0.41757597389353457
1372913,0.41757597389353457
1372915,0.3546919068789139
1372919,0.3546919068789139
1372920,0.3546919068789139
1372922,0.3546919068789139
1372923,0.41757597389353457
1372924,0.3546919068789139
1372925,0.3546919068789139
1372927,0.5369732980689106
1372928,0.41757597389353457
1372929,0.41757597389353457
1372930,0.5369732980689106
1372931,0.41757597389353457
1372932,0.3546919068789139
1372933,0.3546919068789139
1372934,0.3546919068789139
1372935,0.3546919068789139
1372937,0.3546919068789139
1372938,0.3546919068789139
1372941,0.3546919068789139
1372942,0.3546919068789139
1372943,0.41757597389353457
1372944,0.41757597389353457
1372947,0.3546919068789139
1372948,0.3546919068789139
1372949,0.41757597389353457
1372950,0.3546919068789139
1372951,0.3546919068789139
1372952,0.5369732980689106
1372953,0.3546919068789139
1372954,0.3546919068789139
1372955,0.41757597389353457
1372956,0.3546919068789139
1372958,0.3546919068789139
1372960,0.41757597389353457
1372961,0.3546919068789139
1372962,0.3546919068789139
1372964,0.3546919068789139
1372965,0.5369732980689106
1372967,0.3546919068789139
1372968,0.3546919068789139
1372969,0.5369732980689106
1372970,0.3546919068789139
1372971,0.41757597389353457
1372973,0.3546919068789139
1372974,0.5369732980689106
1372975,0.41757597389353457
1372976,0.3546919068789139
1372977,0.41757597389353457
1372978,0.3546919068789139
1372979,0.3546919068789139
1372980,0.3546919068789139
1372981,0.41757597389353457
1372982,0.5369732980689106
1372983,0.3546919068789139
1372984,0.3546919068789139
1372985,0.3546919068789139
1372986,0.41757597389353457
1372988,0.3546919068789139
1372989,0.3546919068789139
1372990,0.3546919068789139
1372991,0.41757597389353457
1372992,0.3546919068789139
1372993,0.3546919068789139
1372996,0.3546919068789139
1372997,0.5369732980689106
1372998,0.3546919068789139
1372999,0.3546919068789139
1373000,0.5369732980689106
1373001,0.3546919068789139
1373002,0.3546919068789139
1373003,0.41757597389353457
1373004,0.41757597389353457
1373005,0.5369732980689106
1373007,0.41757597389353457
1373010,0.5369732980689106
1373011,0.3546919068789139
1373012,0.5369732980689106
1373013,0.3546919068789139
1373014,0.3546919068789139
1373015,0.41757597389353457
1373017,0.3546919068789139
1373018,0.5369732980689106
1373020,0.5369732980689106
1373021,0.3546919068789139
1373022,0.3546919068789139
1373023,0.3546919068789139
1373024,0.41757597389353457
1373025,0.41757597389353457
1373026,0.3546919068789139
1373027,0.3546919068789139
1373031,0.3546919068789139
1373032,0.5369732980689106
1373034,0.41757597389353457
1373035,0.41757597389353457
1373037,0.5369732980689106
1373038,0.3546919068789139
1373039,0.3546919068789139
1373040,0.41757597389353457
1373041,0.41757597389353457
1373042,0.3546919068789139
1373043,0.3546919068789139
1373044,0.41757597389353457
1373045,0.3546919068789139
1373046,0.41757597389353457
1373047,0.5369732980689106
1373049,0.3546919068789139
1373050,0.3546919068789139
1373052,0.41757597389353457
1373053,0.5369732980689106
1373055,0.3546919068789139
1373056,0.41757597389353457
1373058,0.5369732980689106
1373059,0.3546919068789139
1373060,0.3546919068789139
1373061,0.41757597389353457
1373064,0.3546919068789139
1373065,0.41757597389353457
1373066,0.3546919068789139
1373067,0.5369732980689106
1373068,0.3546919068789139
1373069,0.41757597389353457
1373070,0.41757597389353457
1373074,0.41757597389353457
1373075,0.3546919068789139
1373076,0.41757597389353457
1373077,0.41757597389353457
1373078,0.3546919068789139
1373079,0.3546919068789139
1373082,0.3546919068789139
1373083,0.41757597389353457
1373084,0.3546919068789139
1373085,0.3546919068789139
1373086,0.3546919068789139
1373087,0.41757597389353457
1373089,0.41757597389353457
1373090,0.3546919068789139
1373091,0.3546919068789139
1373092,0.3546919068789139
1373094,0.3546919068789139
1373095,0.3546919068789139
1373096,0.41757597389353457
1373097,0.3546919068789139
1373098,0.3546919068789139
1373099,0.41757597389353457
1373100,0.41757597389353457
1373101,0.3546919068789139
1373102,0.5369732980689106
1373103,0.3546919068789139
1373104,0.41757597389353457
1373105,0.5369732980689106
1373106,0.3546919068789139
1373107,0.41757597389353457
1373108,0.5369732980689106
1373109,0.5369732980689106
1373110,0.3546919068789139
1373113,0.3546919068789139
1373115,0.3546919068789139
1373116,0.3546919068789139
1373117,0.3546919068789139
1373119,0.41757597389353457
1373120,0.3546919068789139
1373123,0.3546919068789139
1373125,0.41757597389353457
1373126,0.41757597389353457
1373127,0.41757597389353457
1373128,0.3546919068789139
1373129,0.41757597389353457
1373131,0.3546919068789139
1373132,0.3546919068789139
1373133,0.3546919068789139
1373134,0.3546919068789139
1373135,0.41757597389353457
1373136,0.3546919068789139
1373138,0.3546919068789139
1373139,0.3546919068789139
1373140,0.3546919068789139
1373142,0.3546919068789139
1373144,0.3546919068789139
1373145,0.3546919068789139
1373147,0.5369732980689106
1373148,0.3546919068789139
1373149,0.3546919068789139
1373150,0.3546919068789139
1373152,0.3546919068789139
1373153,0.3546919068789139
1373154,0.5369732980689106
1373156,0.41757597389353457
1373157,0.3546919068789139
1373158,0.3546919068789139
1373161,0.3546919068789139
1373162,0.3546919068789139
1373163,0.3546919068789139
1373164,0.3546919068789139
1373165,0.5369732980689106
1373166,0.5369732980689106
1373167,0.3546919068789139
1373169,0.41757597389353457
1373171,0.3546919068789139
1373172,0.5369732980689106
1373174,0.5369732980689106
1373175,0.41757597389353457
1373176,0.5369732980689106
1373178,0.5369732980689106
1373180,0.5369732980689106
1373181,0.41757597389353457
1373182,0.3546919068789139
1373183,0.3546919068789139
1373184,0.3546919068789139
1373185,0.41757597389353457
1373186,0.5369732980689106
1373187,0.3546919068789139
1373188,0.3546919068789139
1373189,0.3546919068789139
1373190,0.3546919068789139
1373191,0.3546919068789139
1373192,0.41757597389353457
1373193,0.41757597389353457
1373194,0.3546919068789139
1373196,0.5369732980689106
